customer_id,signup_date,region,age_group,acquisition_channel,loyalty_tier
C00000,2024-09-04,North,18-24,Organic,Silver
C00001,2026-01-16,West,35-44,Email,Bronze
C00002,2025-10-21,Central,35-44,Paid Search,Bronze
C00003,2025-05-16,West,45-54,Email,Gold
C00004,2025-05-12,South,35-44,Social,Silver
C00005,2026-03-18,North,18-24,Paid Search,Bronze
C00006,2024-09-01,Central,25-34,Social,Silver
C00007,2025-11-21,Central,35-44,Organic,Bronze
C00008,2024-11-24,East,55+,Email,Gold
C00009,2024-09-07,West,35-44,Paid Search,Silver
C00010,2025-07-19,East,45-54,Paid Search,Bronze
C00011,2026-06-12,South,45-54,Organic,Bronze
C00012,2025-12-19,North,25-34,Paid Search,Bronze
C00013,2026-01-06,North,55+,Paid Search,Silver
C00014,2025-12-06,South,,Paid Search,Bronze
C00015,2026-01-25,West,55+,Referral,Silver
C00016,2025-07-10,North,45-54,Paid Search,Bronze
C00017,2024-10-02,North,45-54,Organic,Bronze
C00018,2026-03-05,East,18-24,Social,Bronze
C00019,2025-05-25,North,35-44,Paid Search,Bronze
C00020,2025-06-30,North,18-24,Social,Bronze
C00021,2025-03-28,East,45-54,Email,Silver
C00022,2024-11-11,South,45-54,Organic,Gold
C00023,2026-05-07,East,35-44,Social,Bronze
C00024,2026-01-21,Central,25-34,Organic,Silver
C00025,2025-10-13,North,18-24,Organic,Bronze
C00026,2025-04-20,Central,45-54,Organic,Silver
C00027,2026-02-20,Central,45-54,Organic,Bronze
C00028,2025-08-02,West,35-44,Paid Search,Silver
C00029,2025-05-20,West,45-54,Referral,Bronze
C00030,2025-05-25,East,45-54,Referral,Bronze
C00031,2024-12-13,West,35-44,Organic,Silver
C00032,2024-09-06,West,18-24,Referral,Bronze
C00033,2025-08-09,North,55+,Email,Bronze
C00034,2026-04-09,Central,35-44,Social,Bronze
C00035,2024-08-16,East,45-54,Email,Gold
C00036,2026-03-18,West,55+,Social,Bronze
C00037,2026-02-24,South,25-34,Paid Search,Bronze
C00038,2025-01-18,North,45-54,Social,Gold
C00039,2025-10-04,East,18-24,Email,Silver
C00040,2024-10-29,East,55+,Email,Bronze
C00041,2026-01-04,East,18-24,Organic,Silver
C00042,2025-11-23,South,35-44,Referral,Bronze
C00043,2025-03-16,South,25-34,Paid Search,Bronze
C00044,2024-08-19,East,18-24,Referral,Bronze
C00045,2026-06-08,South,35-44,Paid Search,Silver
C00046,2025-05-21,Central,55+,Organic,Gold
C00047,2026-04-13,North,18-24,Referral,Bronze
C00048,2025-11-07,South,25-34,Social,Bronze
C00049,2026-01-19,South,18-24,Paid Search,Bronze
C00050,2026-01-05,East,18-24,Organic,Bronze
C00051,2024-11-19,East,25-34,Organic,Bronze
C00052,2025-03-23,West,35-44,Organic,Silver
C00053,2025-06-06,Central,45-54,Referral,Bronze
C00054,2025-06-28,South,45-54,Organic,Gold
C00055,2024-08-01,West,45-54,Organic,Bronze
C00056,2025-08-03,North,45-54,Referral,Bronze
C00057,2024-10-21,South,25-34,Referral,Bronze
C00058,2025-12-24,East,55+,Paid Search,Silver
C00059,2025-11-10,North,18-24,Email,Bronze
C00060,2026-05-04,East,45-54,Social,Bronze
C00061,2025-12-25,West,18-24,Social,Bronze
C00062,2025-03-25,West,45-54,Paid Search,Silver
C00063,2026-06-06,East,18-24,Email,Gold
C00064,2025-04-26,East,25-34,Referral,Bronze
C00065,2025-02-23,South,25-34,Email,Bronze
C00066,2026-04-22,North,45-54,Referral,Bronze
C00067,2025-03-28,North,18-24,Organic,Bronze
C00068,2024-08-25,West,25-34,Email,Platinum
C00069,2025-06-08,Central,25-34,Referral,Bronze
C00070,2026-02-01,North,45-54,Social,Silver
C00071,2024-11-16,East,55+,Referral,Gold
C00072,2025-06-03,West,45-54,Paid Search,Silver
C00073,2024-10-03,West,35-44,Referral,Bronze
C00074,2025-11-13,East,25-34,Referral,Silver
C00075,2025-06-12,East,55+,Email,Bronze
C00076,2025-02-26,West,18-24,Email,Bronze
C00077,2024-12-13,West,18-24,Social,Platinum
C00078,2025-08-16,North,25-34,Paid Search,Bronze
C00079,2025-11-01,Central,25-34,Social,Bronze
C00080,2026-05-17,North,35-44,Referral,Bronze
C00081,2025-05-15,West,55+,Organic,Bronze
C00082,2024-10-26,North,45-54,Paid Search,Silver
C00083,2026-02-28,North,25-34,Social,Silver
C00084,2025-10-03,North,25-34,Paid Search,Silver
C00085,2025-11-23,East,45-54,Email,Bronze
C00086,2024-09-09,South,25-34,Paid Search,Bronze
C00087,2025-02-13,North,55+,Email,Bronze
C00088,2026-01-11,East,35-44,Organic,Bronze
C00089,2026-02-27,South,35-44,Paid Search,Silver
C00090,2025-05-14,West,55+,Email,Silver
C00091,2026-02-07,Central,25-34,Social,Gold
C00092,2026-03-06,West,35-44,Email,Silver
C00093,2025-04-09,North,35-44,Email,Bronze
C00094,2026-04-16,South,25-34,Paid Search,Silver
C00095,2025-01-27,Central,18-24,Social,Silver
C00096,2024-12-22,North,25-34,Referral,Gold
C00097,2025-11-10,South,18-24,Referral,Bronze
C00098,2025-10-08,Central,45-54,Organic,Silver
C00099,2024-10-10,Central,18-24,Email,Bronze
C00100,2026-02-28,South,,Social,Silver
C00101,2024-11-23,West,55+,Organic,Gold
C00102,2026-02-07,East,35-44,Email,Gold
C00103,2024-07-06,West,45-54,Organic,Bronze
C00104,2026-02-01,North,45-54,Paid Search,Bronze
C00105,2026-01-25,North,25-34,Email,Silver
C00106,2026-01-20,East,45-54,Referral,Silver
C00107,2025-10-28,South,25-34,Social,Gold
C00108,2025-06-09,West,45-54,Referral,Bronze
C00109,2025-11-27,South,45-54,Referral,Gold
C00110,2025-01-19,Central,55+,Social,Silver
C00111,2026-01-21,West,55+,Organic,Bronze
C00112,2025-08-10,East,18-24,Email,Bronze
C00113,2025-05-31,West,25-34,Organic,Silver
C00114,2025-07-04,South,35-44,Referral,Bronze
C00115,2025-08-19,East,25-34,Paid Search,Silver
C00116,2024-07-28,North,45-54,Email,Silver
C00117,2024-10-10,West,55+,Email,Bronze
C00118,2024-12-26,West,25-34,Social,Bronze
C00119,2024-09-22,Central,55+,Referral,Platinum
C00120,2025-05-17,West,55+,Email,Silver
C00121,2025-10-31,Central,55+,Referral,Silver
C00122,2025-10-21,North,18-24,Organic,Silver
C00123,2025-06-09,Central,25-34,Social,Silver
C00124,2026-03-16,East,18-24,Referral,Gold
C00125,2025-08-17,East,18-24,Referral,Silver
C00126,2024-08-27,East,18-24,Social,Bronze
C00127,2026-01-09,South,35-44,Organic,Bronze
C00128,2025-08-23,South,18-24,Paid Search,Bronze
C00129,2025-10-06,South,25-34,Social,Silver
C00130,2025-08-17,North,55+,Email,Bronze
C00131,2025-08-08,East,55+,Referral,Silver
C00132,2024-09-05,Central,55+,Organic,Gold
C00133,2025-08-12,West,18-24,Paid Search,Bronze
C00134,2026-01-31,East,45-54,Paid Search,Bronze
C00135,2025-02-07,East,45-54,Referral,Silver
C00136,2025-09-13,East,18-24,Organic,Bronze
C00137,2024-07-23,North,55+,Paid Search,Silver
C00138,2025-03-11,West,35-44,Paid Search,Bronze
C00139,2025-05-15,North,55+,Organic,Bronze
C00140,2026-06-17,West,18-24,Email,Silver
C00141,2024-12-04,West,45-54,Social,Bronze
C00142,2025-01-18,East,18-24,Social,Bronze
C00143,2025-04-24,West,55+,Referral,Bronze
C00144,2026-06-24,South,45-54,Social,Bronze
C00145,2026-03-15,Central,18-24,Paid Search,Gold
C00146,2024-07-26,West,25-34,Paid Search,Bronze
C00147,2024-12-18,West,25-34,Referral,Bronze
C00148,2026-02-20,West,18-24,Social,Bronze
C00149,2024-08-12,West,18-24,Organic,Bronze
C00150,2026-03-16,Central,55+,Email,Bronze
C00151,2025-01-22,East,55+,Email,Silver
C00152,2026-04-30,West,35-44,Paid Search,Bronze
C00153,2025-01-31,West,55+,Social,Silver
C00154,2025-05-13,East,45-54,Social,Bronze
C00155,2025-10-26,Central,18-24,Organic,Bronze
C00156,2024-10-01,South,,Organic,Bronze
C00157,2025-08-11,East,18-24,Email,Silver
C00158,2025-07-04,North,55+,Email,Gold
C00159,2026-01-23,North,25-34,Email,Bronze
C00160,2026-06-27,West,18-24,Paid Search,Gold
C00161,2025-10-28,South,25-34,Social,Bronze
C00162,2025-04-25,South,45-54,Referral,Silver
C00163,2025-04-23,South,55+,Paid Search,Silver
C00164,2025-05-01,East,35-44,Email,Bronze
C00165,2026-02-14,West,18-24,Organic,Bronze
C00166,2025-02-20,Central,55+,Organic,Bronze
C00167,2024-10-30,North,45-54,Referral,Silver
C00168,2025-03-01,East,35-44,Organic,Bronze
C00169,2024-07-17,East,35-44,Email,Gold
C00170,2024-09-16,East,55+,Social,Bronze
C00171,2024-09-04,East,25-34,Referral,Gold
C00172,2026-01-14,South,18-24,Social,Bronze
C00173,2025-12-09,East,18-24,Email,Silver
C00174,2025-11-20,East,45-54,Referral,Bronze
C00175,2025-06-02,East,55+,Referral,Bronze
C00176,2025-12-05,East,45-54,Email,Bronze
C00177,2024-10-26,West,45-54,Organic,Silver
C00178,2026-04-18,West,25-34,Organic,Bronze
C00179,2025-07-01,South,35-44,Social,Silver
C00180,2026-05-15,West,18-24,Email,Platinum
C00181,2024-10-20,West,25-34,Email,Bronze
C00182,2025-06-28,North,45-54,Email,Bronze
C00183,2025-11-20,East,55+,Organic,Bronze
C00184,2025-06-27,South,55+,Organic,Bronze
C00185,2025-05-22,West,55+,Organic,Bronze
C00186,2024-10-30,South,18-24,Social,Silver
C00187,2025-04-04,West,55+,Email,Bronze
C00188,2024-12-22,South,25-34,Organic,Bronze
C00189,2025-02-05,East,45-54,Referral,Silver
C00190,2025-11-11,Central,55+,Paid Search,Bronze
C00191,2025-10-03,South,55+,Email,Silver
C00192,2025-09-16,West,45-54,Email,Gold
C00193,2025-03-21,Central,25-34,Organic,Bronze
C00194,2026-05-31,West,35-44,Referral,Bronze
C00195,2024-09-02,North,45-54,Referral,Silver
C00196,2025-03-07,West,,Referral,Silver
C00197,2024-09-25,North,35-44,Organic,Silver
C00198,2025-03-05,South,35-44,Paid Search,Silver
C00199,2026-06-02,West,35-44,Paid Search,Bronze
C00200,2025-03-25,West,18-24,Social,Bronze
C00201,2026-04-24,East,55+,Referral,Silver
C00202,2025-06-26,South,18-24,Email,Silver
C00203,2025-11-23,West,55+,Email,Silver
C00204,2025-05-30,West,18-24,Social,Bronze
C00205,2025-01-10,East,35-44,Referral,Silver
C00206,2026-01-09,Central,35-44,Referral,Bronze
C00207,2026-06-07,North,35-44,Referral,Bronze
C00208,2025-01-09,North,35-44,Referral,Bronze
C00209,2026-01-19,West,55+,Email,Bronze
C00210,2025-01-07,Central,18-24,Organic,Silver
C00211,2025-12-05,South,55+,Paid Search,Bronze
C00212,2026-01-27,South,45-54,Email,Silver
C00213,2025-05-24,North,45-54,Paid Search,Bronze
C00214,2025-12-20,West,18-24,Organic,Bronze
C00215,2025-01-15,North,18-24,Referral,Bronze
C00216,2024-08-27,East,25-34,Social,Bronze
C00217,2024-09-09,Central,25-34,Referral,Silver
C00218,2025-05-22,North,45-54,Paid Search,Bronze
C00219,2026-04-19,East,55+,Paid Search,Bronze
C00220,2024-10-02,East,35-44,Paid Search,Bronze
C00221,2025-05-29,West,45-54,Paid Search,Bronze
C00222,2025-11-26,South,18-24,Social,Bronze
C00223,2024-11-25,South,45-54,Paid Search,Platinum
C00224,2025-12-09,North,18-24,Referral,Bronze
C00225,2025-02-09,West,45-54,Paid Search,Bronze
C00226,2026-02-10,West,25-34,Social,Gold
C00227,2025-08-27,North,35-44,Referral,Silver
C00228,2025-08-03,South,25-34,Social,Bronze
C00229,2024-11-06,Central,35-44,Organic,Silver
C00230,2025-06-03,North,55+,Organic,Gold
C00231,2026-03-17,South,55+,Social,Bronze
C00232,2024-07-15,East,25-34,Email,Bronze
C00233,2026-01-04,South,25-34,Referral,Gold
C00234,2025-06-25,South,35-44,Organic,Silver
C00235,2025-12-07,East,45-54,Social,Platinum
C00236,2025-10-27,North,18-24,Paid Search,Bronze
C00237,2025-05-11,East,45-54,Social,Gold
C00238,2025-02-11,West,55+,Social,Bronze
C00239,2025-10-01,East,55+,Paid Search,Silver
C00240,2024-10-11,North,35-44,Organic,Gold
C00241,2025-08-30,West,25-34,Organic,Bronze
C00242,2024-09-08,North,25-34,Social,Bronze
C00243,2025-10-17,West,45-54,Paid Search,Silver
C00244,2025-10-02,South,35-44,Paid Search,Gold
C00245,2024-08-31,West,18-24,Organic,Bronze
C00246,2026-01-04,North,45-54,Organic,Gold
C00247,2025-04-30,North,18-24,Organic,Bronze
C00248,2026-01-25,East,55+,Paid Search,Bronze
C00249,2024-07-31,North,35-44,Organic,Bronze
C00250,2024-11-08,North,25-34,Paid Search,Gold
C00251,2025-06-26,West,18-24,Paid Search,Bronze
C00252,2024-11-15,West,18-24,Paid Search,Silver
C00253,2025-02-26,North,55+,Organic,Bronze
C00254,2025-10-25,Central,35-44,Organic,Gold
C00255,2024-10-14,West,55+,Referral,Silver
C00256,2025-11-07,West,55+,Email,Bronze
C00257,2024-09-14,West,18-24,Organic,Bronze
C00258,2024-11-05,West,25-34,Paid Search,Bronze
C00259,2025-09-02,East,55+,Paid Search,Bronze
C00260,2026-01-30,West,35-44,Referral,Silver
C00261,2024-11-02,Central,35-44,Referral,Silver
C00262,2025-02-04,North,35-44,Email,Bronze
C00263,2026-05-06,South,45-54,Organic,Silver
C00264,2026-06-22,North,,Social,Bronze
C00265,2025-08-28,Central,55+,Social,Bronze
C00266,2025-05-22,East,45-54,Email,Bronze
C00267,2025-03-10,West,35-44,Referral,Bronze
C00268,2025-09-20,West,25-34,Paid Search,Silver
C00269,2025-09-04,Central,18-24,Social,Bronze
C00270,2025-01-31,North,45-54,Paid Search,Silver
C00271,2024-07-17,West,18-24,Paid Search,Bronze
C00272,2024-10-19,Central,45-54,Paid Search,Silver
C00273,2026-05-30,North,35-44,Email,Bronze
C00274,2025-05-01,West,45-54,Social,Bronze
C00275,2025-06-17,South,55+,Email,Bronze
C00276,2025-06-06,West,35-44,Email,Bronze
C00277,2026-01-22,East,35-44,Paid Search,Bronze
C00278,2024-08-17,South,35-44,Referral,Bronze
C00279,2024-08-30,North,25-34,Organic,Silver
C00280,2025-01-18,North,18-24,Referral,Bronze
C00281,2025-06-20,North,18-24,Organic,Silver
C00282,2025-11-02,West,,Paid Search,Silver
C00283,2025-06-23,South,55+,Referral,Bronze
C00284,2025-05-18,North,18-24,Email,Silver
C00285,2026-05-15,West,25-34,Paid Search,Bronze
C00286,2024-10-26,West,45-54,Referral,Silver
C00287,2025-08-21,East,45-54,Organic,Silver
C00288,2025-07-31,Central,45-54,Email,Silver
C00289,2025-06-11,South,45-54,Social,Bronze
C00290,2026-02-09,West,18-24,Paid Search,Silver
C00291,2025-01-11,North,25-34,Referral,Bronze
C00292,2026-05-27,West,35-44,Email,Bronze
C00293,2025-02-27,Central,18-24,Organic,Bronze
C00294,2025-08-02,West,25-34,Organic,Bronze
C00295,2025-07-15,East,25-34,Organic,Silver
C00296,2026-03-12,East,55+,Social,Gold
C00297,2025-05-16,South,25-34,Social,Bronze
C00298,2025-01-24,West,55+,Email,Silver
C00299,2024-07-16,West,45-54,Email,Silver
C00300,2025-03-23,Central,45-54,Organic,Gold
C00301,2026-02-23,East,55+,Social,Silver
C00302,2024-07-08,North,55+,Email,Bronze
C00303,2026-04-15,East,25-34,Referral,Bronze
C00304,2025-07-31,North,35-44,Paid Search,Silver
C00305,2024-10-11,South,35-44,Organic,Bronze
C00306,2025-02-06,South,55+,Organic,Gold
C00307,2025-08-08,West,18-24,Paid Search,Gold
C00308,2025-02-16,North,35-44,Social,Gold
C00309,2024-09-18,North,25-34,Paid Search,Bronze
C00310,2025-10-29,North,25-34,Organic,Silver
C00311,2025-11-03,West,45-54,Paid Search,Silver
C00312,2024-09-25,West,25-34,Paid Search,Bronze
C00313,2025-01-22,North,45-54,Social,Bronze
C00314,2024-12-25,North,55+,Organic,Bronze
C00315,2025-10-24,East,45-54,Email,Bronze
C00316,2025-12-15,South,18-24,Social,Gold
C00317,2025-12-12,East,18-24,Paid Search,Gold
C00318,2026-05-16,East,35-44,Referral,Bronze
C00319,2026-01-12,Central,35-44,Email,Bronze
C00320,2025-02-19,South,45-54,Organic,Bronze
C00321,2024-09-17,West,35-44,Organic,Bronze
C00322,2025-09-22,North,18-24,Organic,Bronze
C00323,2026-04-29,Central,55+,Social,Silver
C00324,2026-06-11,Central,55+,Paid Search,Silver
C00325,2024-12-15,West,45-54,Paid Search,Gold
C00326,2024-12-20,East,45-54,Social,Gold
C00327,2024-07-28,North,55+,Social,Bronze
C00328,2024-10-11,West,35-44,Organic,Silver
C00329,2025-08-09,West,18-24,Organic,Bronze
C00330,2025-08-03,North,45-54,Email,Bronze
C00331,2025-03-28,East,35-44,Referral,Bronze
C00332,2025-02-11,East,45-54,Referral,Bronze
C00333,2026-02-25,West,45-54,Referral,Bronze
C00334,2025-06-01,West,35-44,Social,Bronze
C00335,2026-02-10,West,25-34,Referral,Bronze
C00336,2026-06-03,West,35-44,Referral,Gold
C00337,2025-02-17,South,45-54,Referral,Bronze
C00338,2024-11-25,South,45-54,Organic,Bronze
C00339,2026-05-26,North,35-44,Organic,Platinum
C00340,2025-10-06,West,35-44,Social,Silver
C00341,2025-01-29,East,55+,Social,Bronze
C00342,2025-09-27,East,25-34,Referral,Gold
C00343,2025-07-11,South,18-24,Paid Search,Bronze
C00344,2026-04-22,North,45-54,Referral,Bronze
C00345,2025-01-03,East,55+,Referral,Bronze
C00346,2026-06-23,South,45-54,Referral,Bronze
C00347,2026-05-14,North,35-44,Organic,Silver
C00348,2024-11-09,West,25-34,Paid Search,Bronze
C00349,2024-10-28,South,35-44,Paid Search,Silver
C00350,2025-07-24,South,18-24,Email,Silver
C00351,2024-08-02,East,35-44,Email,Platinum
C00352,2025-02-03,West,25-34,Social,Bronze
C00353,2025-05-14,South,25-34,Organic,Bronze
C00354,2026-06-07,West,35-44,Social,Gold
C00355,2026-06-24,Central,55+,Email,Silver
C00356,2024-10-19,West,25-34,Social,Bronze
C00357,2026-04-12,East,55+,Paid Search,Bronze
C00358,2024-09-05,West,35-44,Social,Silver
C00359,2025-12-28,East,55+,Email,Silver
C00360,2026-03-09,South,25-34,Social,Silver
C00361,2026-04-11,East,55+,Referral,Gold
C00362,2024-12-10,South,45-54,Paid Search,Bronze
C00363,2026-04-13,North,45-54,Email,Bronze
C00364,2024-09-23,South,35-44,Referral,Silver
C00365,2025-07-14,North,35-44,Paid Search,Gold
C00366,2025-06-08,South,35-44,Paid Search,Bronze
C00367,2025-02-16,East,55+,Organic,Silver
C00368,2024-07-17,Central,45-54,Paid Search,Bronze
C00369,2026-01-14,North,18-24,Organic,Bronze
C00370,2025-03-02,East,45-54,Email,Gold
C00371,2025-10-26,East,55+,Organic,Bronze
C00372,2025-04-26,North,45-54,Email,Bronze
C00373,2025-03-30,South,35-44,Social,Silver
C00374,2026-04-08,North,25-34,Referral,Bronze
C00375,2024-09-07,North,45-54,Paid Search,Bronze
C00376,2025-12-19,South,45-54,Paid Search,Silver
C00377,2025-12-27,South,25-34,Paid Search,Bronze
C00378,2025-04-04,East,35-44,Social,Silver
C00379,2025-01-08,North,25-34,Paid Search,Bronze
C00380,2024-07-04,North,18-24,Organic,Bronze
C00381,2026-05-14,North,18-24,Referral,Silver
C00382,2026-05-22,East,18-24,Email,Bronze
C00383,2024-12-23,South,35-44,Organic,Gold
C00384,2024-07-24,East,35-44,Email,Gold
C00385,2024-09-28,North,35-44,Paid Search,Gold
C00386,2024-08-19,North,55+,Organic,Bronze
C00387,2026-02-26,Central,25-34,Social,Bronze
C00388,2026-04-12,North,25-34,Email,Gold
C00389,2024-10-20,North,25-34,Organic,Bronze
C00390,2025-12-27,North,25-34,Paid Search,Silver
C00391,2024-11-08,Central,35-44,Referral,Silver
C00392,2025-03-25,East,25-34,Paid Search,Bronze
C00393,2025-09-10,East,25-34,Organic,Bronze
C00394,2025-12-07,Central,45-54,Social,Silver
C00395,2026-03-30,North,55+,Email,Silver
C00396,2024-08-02,Central,25-34,Referral,Bronze
C00397,2024-11-21,North,18-24,Email,Silver
C00398,2025-01-21,East,25-34,Organic,Silver
C00399,2025-02-12,East,35-44,Referral,Bronze
C00400,2026-06-28,South,55+,Email,Bronze
C00401,2026-01-18,Central,18-24,Email,Silver
C00402,2025-02-19,North,18-24,Referral,Silver
C00403,2026-06-09,Central,35-44,Email,Gold
C00404,2025-06-29,South,55+,Paid Search,Bronze
C00405,2025-07-01,West,35-44,Social,Gold
C00406,2025-05-13,Central,55+,Social,Silver
C00407,2024-10-13,North,45-54,Social,Silver
C00408,2026-05-13,Central,18-24,Email,Bronze
C00409,2024-07-11,East,35-44,Email,Bronze
C00410,2024-11-05,West,45-54,Organic,Bronze
C00411,2024-12-15,North,35-44,Social,Bronze
C00412,2025-01-20,East,18-24,Organic,Bronze
C00413,2024-10-05,West,18-24,Social,Gold
C00414,2024-07-14,East,45-54,Social,Bronze
C00415,2025-11-07,North,35-44,Paid Search,Gold
C00416,2026-06-07,South,35-44,Referral,Bronze
C00417,2024-09-27,West,25-34,Paid Search,Gold
C00418,2025-02-02,North,25-34,Organic,Bronze
C00419,2025-07-05,West,45-54,Paid Search,Silver
C00420,2026-05-08,Central,18-24,Email,Silver
C00421,2025-11-19,North,35-44,Organic,Gold
C00422,2026-01-10,North,25-34,Social,Bronze
C00423,2025-08-28,West,45-54,Social,Bronze
C00424,2025-05-01,North,45-54,Referral,Gold
C00425,2024-11-23,East,35-44,Organic,Bronze
C00426,2026-03-23,West,25-34,Organic,Silver
C00427,2026-02-07,East,25-34,Social,Bronze
C00428,2024-07-19,South,25-34,Organic,Bronze
C00429,2025-12-04,West,25-34,Email,Silver
C00430,2024-08-31,East,45-54,Paid Search,Silver
C00431,2025-12-21,North,18-24,Social,Silver
C00432,2026-02-23,East,18-24,Organic,Bronze
C00433,2024-10-04,Central,35-44,Email,Silver
C00434,2025-05-13,West,25-34,Social,Platinum
C00435,2024-09-29,East,55+,Organic,Bronze
C00436,2025-08-18,South,45-54,Paid Search,Bronze
C00437,2026-05-08,North,45-54,Organic,Bronze
C00438,2024-08-28,South,35-44,Organic,Silver
C00439,2025-04-16,North,35-44,Email,Bronze
C00440,2026-06-10,Central,35-44,Social,Silver
C00441,2025-02-05,North,18-24,Referral,Bronze
C00442,2024-10-05,West,35-44,Paid Search,Silver
C00443,2025-06-22,North,55+,Email,Silver
C00444,2025-07-06,South,25-34,Email,Bronze
C00445,2025-10-27,South,18-24,Email,Bronze
C00446,2025-02-14,South,35-44,Referral,Bronze
C00447,2026-05-28,West,25-34,Email,Bronze
C00448,2025-07-15,Central,45-54,Email,Bronze
C00449,2025-01-25,West,55+,Email,Gold
C00450,2026-06-01,North,55+,Social,Bronze
C00451,2026-05-06,West,25-34,Email,Bronze
C00452,2025-06-29,North,55+,Referral,Bronze
C00453,2024-07-19,Central,18-24,Email,Bronze
C00454,2025-09-09,East,,Email,Gold
C00455,2025-08-09,South,25-34,Organic,Bronze
C00456,2024-10-17,North,55+,Social,Bronze
C00457,2025-10-06,North,45-54,Organic,Bronze
C00458,2026-03-05,South,25-34,Organic,Gold
C00459,2024-09-16,Central,18-24,Paid Search,Gold
C00460,2025-12-10,West,45-54,Social,Bronze
C00461,2024-10-11,Central,45-54,Social,Silver
C00462,2025-12-28,North,55+,Referral,Silver
C00463,2025-05-02,East,35-44,Email,Silver
C00464,2024-07-05,South,18-24,Social,Bronze
C00465,2026-06-05,East,25-34,Paid Search,Silver
C00466,2024-10-29,South,45-54,Email,Silver
C00467,2025-09-08,South,25-34,Paid Search,Bronze
C00468,2024-11-10,East,18-24,Referral,Bronze
C00469,2026-05-12,North,55+,Email,Bronze
C00470,2025-12-21,East,35-44,Email,Bronze
C00471,2026-02-07,West,25-34,Paid Search,Bronze
C00472,2025-05-11,North,35-44,Email,Silver
C00473,2025-06-06,Central,45-54,Referral,Gold
C00474,2025-10-06,East,,Organic,Bronze
C00475,2026-01-24,West,35-44,Organic,Bronze
C00476,2026-03-10,West,25-34,Social,Silver
C00477,2024-07-14,West,18-24,Paid Search,Bronze
C00478,2025-10-27,West,18-24,Email,Bronze
C00479,2024-09-18,West,35-44,Social,Silver
C00480,2025-01-26,East,35-44,Referral,Bronze
C00481,2026-02-25,South,35-44,Paid Search,Bronze
C00482,2024-12-30,North,45-54,Paid Search,Silver
C00483,2026-02-01,East,35-44,Organic,Silver
C00484,2025-06-03,North,35-44,Paid Search,Bronze
C00485,2024-12-17,South,55+,Paid Search,Silver
C00486,2025-03-01,North,45-54,Email,Gold
C00487,2025-07-22,East,55+,Paid Search,Bronze
C00488,2026-01-09,North,25-34,Paid Search,Silver
C00489,2025-09-15,East,45-54,Paid Search,Bronze
C00490,2026-05-12,West,45-54,Social,Bronze
C00491,2026-03-25,West,35-44,Email,Bronze
C00492,2026-01-01,South,18-24,Referral,Bronze
C00493,2025-09-13,East,35-44,Organic,Bronze
C00494,2025-01-28,East,55+,Referral,Silver
C00495,2025-04-27,East,45-54,Paid Search,Bronze
C00496,2024-09-25,West,18-24,Referral,Gold
C00497,2025-03-30,North,25-34,Organic,Bronze
C00498,2026-05-07,Central,35-44,Email,Gold
C00499,2025-05-07,North,55+,Referral,Bronze
C00500,2024-09-21,West,35-44,Organic,Bronze
C00501,2025-10-19,East,55+,Email,Silver
C00502,2026-06-02,South,45-54,Organic,Silver
C00503,2026-03-25,West,25-34,Referral,Bronze
C00504,2025-01-16,North,18-24,Email,Bronze
C00505,2025-05-27,West,55+,Referral,Silver
C00506,2025-07-23,East,35-44,Referral,Silver
C00507,2024-12-28,North,55+,Paid Search,Bronze
C00508,2025-01-12,North,55+,Social,Silver
C00509,2024-12-20,West,35-44,Email,Bronze
C00510,2026-06-26,South,18-24,Organic,Bronze
C00511,2025-12-26,Central,55+,Paid Search,Silver
C00512,2026-03-05,West,35-44,Organic,Platinum
C00513,2026-02-16,West,18-24,Referral,Bronze
C00514,2026-05-31,South,35-44,Paid Search,Bronze
C00515,2024-09-15,West,18-24,Social,Bronze
C00516,2026-04-04,Central,25-34,Social,Silver
C00517,2024-08-18,North,25-34,Paid Search,Bronze
C00518,2025-06-12,South,35-44,Email,Bronze
C00519,2025-09-07,South,35-44,Referral,Bronze
C00520,2025-03-18,South,55+,Social,Gold
C00521,2024-10-15,West,25-34,Referral,Bronze
C00522,2024-11-18,East,45-54,Organic,Silver
C00523,2026-02-22,East,55+,Referral,Bronze
C00524,2025-02-18,South,45-54,Organic,Bronze
C00525,2025-02-12,North,25-34,Organic,Bronze
C00526,2026-05-05,South,45-54,Organic,Bronze
C00527,2024-10-13,West,25-34,Paid Search,Bronze
C00528,2026-04-29,East,35-44,Referral,Bronze
C00529,2026-05-03,South,45-54,Paid Search,Bronze
C00530,2025-09-10,West,25-34,Email,Bronze
C00531,2024-10-29,North,18-24,Social,Bronze
C00532,2024-10-22,South,55+,Organic,Bronze
C00533,2025-01-24,South,45-54,Social,Bronze
C00534,2025-08-25,Central,18-24,Paid Search,Bronze
C00535,2024-10-20,West,25-34,Paid Search,Silver
C00536,2025-05-29,East,25-34,Social,Gold
C00537,2024-09-23,North,55+,Email,Silver
C00538,2025-07-29,North,55+,Social,Bronze
C00539,2024-07-16,West,45-54,Paid Search,Platinum
C00540,2025-11-29,South,35-44,Email,Platinum
C00541,2024-08-10,Central,18-24,Email,Bronze
C00542,2024-11-20,West,25-34,Paid Search,Bronze
C00543,2024-11-05,East,18-24,Referral,Silver
C00544,2026-02-26,West,45-54,Referral,Gold
C00545,2024-08-08,Central,18-24,Email,Silver
C00546,2025-05-09,East,45-54,Paid Search,Silver
C00547,2025-09-04,West,55+,Paid Search,Silver
C00548,2025-07-12,Central,25-34,Social,Platinum
C00549,2025-11-09,South,45-54,Organic,Bronze
C00550,2026-02-06,Central,55+,Paid Search,Bronze
C00551,2025-04-13,North,35-44,Organic,Gold
C00552,2026-02-24,West,35-44,Organic,Bronze
C00553,2025-02-17,West,25-34,Email,Bronze
C00554,2026-06-18,East,35-44,Organic,Bronze
C00555,2025-07-03,East,55+,Social,Bronze
C00556,2025-12-19,East,45-54,Social,Bronze
C00557,2026-03-30,North,25-34,Organic,Silver
C00558,2026-01-29,North,35-44,Referral,Bronze
C00559,2026-03-13,South,45-54,Referral,Silver
C00560,2025-07-27,East,18-24,Email,Bronze
C00561,2024-08-01,East,45-54,Email,Gold
C00562,2025-06-25,South,25-34,Paid Search,Silver
C00563,2024-11-10,Central,25-34,Referral,Gold
C00564,2026-04-10,South,35-44,Email,Bronze
C00565,2024-12-20,East,35-44,Social,Bronze
C00566,2024-12-14,South,55+,Email,Silver
C00567,2024-12-29,North,25-34,Referral,Silver
C00568,2025-10-12,West,25-34,Email,Bronze
C00569,2025-08-21,East,25-34,Organic,Silver
C00570,2026-05-23,North,55+,Paid Search,Silver
C00571,2025-04-30,Central,55+,Organic,Bronze
C00572,2025-01-22,West,35-44,Paid Search,Silver
C00573,2024-08-05,West,45-54,Referral,Bronze
C00574,2024-07-06,West,55+,Organic,Bronze
C00575,2025-03-30,Central,55+,Referral,Gold
C00576,2026-05-06,South,45-54,Paid Search,Bronze
C00577,2025-07-17,East,35-44,Social,Silver
C00578,2026-04-13,East,55+,Social,Silver
C00579,2024-09-13,South,25-34,Organic,Platinum
C00580,2024-09-07,North,25-34,Organic,Bronze
C00581,2026-02-28,North,45-54,Paid Search,Bronze
C00582,2024-09-16,West,18-24,Organic,Bronze
C00583,2024-08-07,West,35-44,Email,Silver
C00584,2025-04-21,West,55+,Social,Bronze
C00585,2026-05-06,South,18-24,Referral,Silver
C00586,2025-11-15,North,55+,Referral,Bronze
C00587,2024-09-11,East,35-44,Paid Search,Bronze
C00588,2026-03-03,East,55+,Referral,Gold
C00589,2026-03-07,Central,45-54,Organic,Silver
C00590,2026-02-04,West,18-24,Social,Bronze
C00591,2026-04-20,Central,45-54,Email,Silver
C00592,2024-12-22,West,18-24,Social,Bronze
C00593,2026-06-15,Central,25-34,Email,Silver
C00594,2025-02-19,East,55+,Referral,Bronze
C00595,2026-02-05,North,55+,Social,Bronze
C00596,2025-08-27,North,18-24,Paid Search,Bronze
C00597,2026-01-20,South,25-34,Social,Bronze
C00598,2025-10-01,South,18-24,Referral,Silver
C00599,2025-10-12,North,25-34,Referral,Bronze
C00600,2025-09-23,Central,55+,Referral,Bronze
C00601,2026-01-19,North,18-24,Paid Search,Bronze
C00602,2025-12-21,Central,45-54,Paid Search,Bronze
C00603,2024-10-07,West,55+,Social,Silver
C00604,2026-02-23,West,55+,Social,Bronze
C00605,2025-07-26,West,25-34,Email,Silver
C00606,2025-02-21,South,45-54,Referral,Gold
C00607,2025-07-10,West,35-44,Social,Bronze
C00608,2026-06-05,North,18-24,Paid Search,Silver
C00609,2026-03-18,Central,25-34,Referral,Bronze
C00610,2026-02-28,South,45-54,Social,Bronze
C00611,2025-06-03,South,45-54,Email,Bronze
C00612,2026-01-23,West,35-44,Organic,Bronze
C00613,2025-04-07,West,45-54,Social,Bronze
C00614,2025-11-13,East,45-54,Social,Bronze
C00615,2025-10-10,West,25-34,Organic,Gold
C00616,2024-12-30,North,25-34,Paid Search,Bronze
C00617,2025-01-11,West,55+,Email,Gold
C00618,2024-08-14,South,55+,Organic,Bronze
C00619,2024-10-10,South,18-24,Organic,Silver
C00620,2025-05-13,North,45-54,Organic,Bronze
C00621,2025-06-14,South,18-24,Organic,Bronze
C00622,2024-10-29,South,55+,Social,Bronze
C00623,2025-04-30,East,35-44,Social,Gold
C00624,2025-09-14,North,45-54,Email,Gold
C00625,2024-12-17,North,45-54,Social,Bronze
C00626,2025-03-04,East,45-54,Social,Silver
C00627,2025-03-25,North,25-34,Referral,Silver
C00628,2025-07-04,West,55+,Paid Search,Silver
C00629,2025-03-25,Central,35-44,Email,Bronze
C00630,2025-12-20,East,35-44,Organic,Silver
C00631,2025-02-24,Central,25-34,Referral,Silver
C00632,2025-05-13,North,,Paid Search,Bronze
C00633,2025-04-03,North,35-44,Paid Search,Bronze
C00634,2024-11-11,West,25-34,Organic,Bronze
C00635,2025-11-12,West,,Social,Gold
C00636,2024-12-19,West,25-34,Paid Search,Bronze
C00637,2025-02-02,North,55+,Referral,Bronze
C00638,2026-01-29,West,45-54,Organic,Bronze
C00639,2026-05-23,South,35-44,Social,Silver
C00640,2025-11-02,South,45-54,Referral,Silver
C00641,2026-04-30,North,45-54,Referral,Bronze
C00642,2026-03-15,Central,45-54,Email,Bronze
C00643,2025-06-16,North,35-44,Social,Silver
C00644,2026-01-13,West,55+,Referral,Bronze
C00645,2025-02-25,West,25-34,Paid Search,Bronze
C00646,2025-06-01,West,35-44,Referral,Gold
C00647,2025-07-26,West,25-34,Social,Bronze
C00648,2026-06-01,West,35-44,Paid Search,Bronze
C00649,2026-03-11,North,55+,Paid Search,Bronze
C00650,2025-06-22,North,45-54,Social,Silver
C00651,2025-10-19,East,25-34,Organic,Silver
C00652,2024-11-25,South,55+,Email,Bronze
C00653,2026-02-07,North,45-54,Paid Search,Silver
C00654,2025-08-08,North,35-44,Paid Search,Gold
C00655,2025-07-24,South,18-24,Organic,Silver
C00656,2026-01-10,North,35-44,Social,Bronze
C00657,2025-10-05,North,55+,Paid Search,Bronze
C00658,2024-08-22,Central,35-44,Organic,Gold
C00659,2025-01-27,South,18-24,Referral,Bronze
C00660,2024-11-06,Central,18-24,Email,Bronze
C00661,2025-12-18,Central,55+,Paid Search,Bronze
C00662,2024-07-26,North,35-44,Organic,Silver
C00663,2024-11-25,West,45-54,Referral,Bronze
C00664,2025-09-09,East,25-34,Email,Bronze
C00665,2025-11-19,West,18-24,Social,Silver
C00666,2025-07-02,North,35-44,Email,Bronze
C00667,2026-03-20,North,45-54,Organic,Bronze
C00668,2026-05-01,North,25-34,Social,Bronze
C00669,2024-10-05,East,45-54,Organic,Bronze
C00670,2026-05-26,Central,35-44,Email,Platinum
C00671,2025-09-21,West,25-34,Referral,Bronze
C00672,2025-10-07,West,25-34,Social,Gold
C00673,2024-09-08,Central,25-34,Email,Bronze
C00674,2025-09-27,West,25-34,Email,Bronze
C00675,2025-12-12,North,45-54,Referral,Bronze
C00676,2025-08-28,West,25-34,Organic,Bronze
C00677,2024-08-31,South,45-54,Paid Search,Bronze
C00678,2025-07-17,North,25-34,Paid Search,Bronze
C00679,2026-05-14,East,25-34,Email,Gold
C00680,2025-12-10,Central,55+,Social,Bronze
C00681,2024-10-09,South,55+,Email,Gold
C00682,2026-05-31,East,35-44,Social,Bronze
C00683,2026-05-31,North,25-34,Referral,Bronze
C00684,2024-11-01,North,45-54,Email,Silver
C00685,2026-02-04,North,18-24,Organic,Bronze
C00686,2025-04-23,West,35-44,Referral,Bronze
C00687,2025-09-06,West,35-44,Referral,Bronze
C00688,2025-05-21,North,45-54,Organic,Bronze
C00689,2026-01-22,South,18-24,Paid Search,Silver
C00690,2026-06-27,North,18-24,Referral,Bronze
C00691,2026-01-31,North,25-34,Referral,Platinum
C00692,2026-05-10,East,18-24,Social,Bronze
C00693,2026-05-21,West,35-44,Social,Bronze
C00694,2024-09-04,West,55+,Organic,Bronze
C00695,2025-01-01,South,25-34,Social,Bronze
C00696,2025-12-09,East,35-44,Email,Gold
C00697,2025-09-04,North,25-34,Paid Search,Gold
C00698,2024-08-06,North,18-24,Paid Search,Bronze
C00699,2024-09-08,Central,45-54,Referral,Bronze
C00700,2025-07-15,West,25-34,Social,Silver
C00701,2025-09-23,Central,35-44,Paid Search,Bronze
C00702,2024-10-31,Central,45-54,Paid Search,Bronze
C00703,2024-11-02,West,55+,Social,Bronze
C00704,2024-10-03,Central,18-24,Paid Search,Bronze
C00705,2025-08-16,South,35-44,Social,Bronze
C00706,2024-07-06,North,55+,Referral,Bronze
C00707,2025-08-22,North,35-44,Email,Gold
C00708,2025-06-12,North,18-24,Paid Search,Bronze
C00709,2025-06-05,North,25-34,Social,Gold
C00710,2025-11-08,South,45-54,Social,Silver
C00711,2025-07-16,West,45-54,Email,Bronze
C00712,2025-12-13,West,25-34,Email,Bronze
C00713,2026-01-08,East,18-24,Social,Bronze
C00714,2026-05-02,North,25-34,Paid Search,Silver
C00715,2026-02-03,West,25-34,Email,Bronze
C00716,2025-07-13,South,45-54,Organic,Gold
C00717,2025-06-24,North,55+,Email,Silver
C00718,2024-12-19,South,18-24,Referral,Silver
C00719,2025-09-11,South,45-54,Email,Bronze
C00720,2024-10-10,South,45-54,Social,Silver
C00721,2026-05-10,West,45-54,Referral,Silver
C00722,2026-03-09,West,55+,Social,Silver
C00723,2024-09-26,West,18-24,Social,Bronze
C00724,2026-01-24,North,45-54,Referral,Silver
C00725,2024-09-24,West,18-24,Organic,Bronze
C00726,2025-12-08,West,55+,Email,Silver
C00727,2024-09-02,North,35-44,Email,Bronze
C00728,2025-06-21,West,18-24,Social,Bronze
C00729,2025-10-23,East,45-54,Organic,Silver
C00730,2025-12-14,East,45-54,Email,Bronze
C00731,2025-05-02,North,35-44,Paid Search,Silver
C00732,2026-05-03,East,25-34,Referral,Silver
C00733,2026-01-16,North,18-24,Email,Silver
C00734,2024-11-29,North,55+,Paid Search,Silver
C00735,2025-11-02,North,18-24,Social,Bronze
C00736,2025-12-15,Central,55+,Organic,Bronze
C00737,2025-03-01,South,35-44,Social,Silver
C00738,2025-12-21,South,45-54,Organic,Bronze
C00739,2026-04-16,South,45-54,Referral,Bronze
C00740,2026-02-16,Central,55+,Email,Bronze
C00741,2026-01-07,East,18-24,Paid Search,Bronze
C00742,2025-10-06,Central,55+,Referral,Platinum
C00743,2025-01-14,South,18-24,Organic,Bronze
C00744,2026-01-31,North,55+,Social,Bronze
C00745,2025-03-23,East,25-34,Organic,Gold
C00746,2025-07-23,South,55+,Organic,Gold
C00747,2025-02-15,West,18-24,Paid Search,Bronze
C00748,2025-02-14,West,35-44,Paid Search,Gold
C00749,2024-10-23,East,35-44,Email,Bronze
C00750,2026-06-01,Central,55+,Referral,Silver
C00751,2024-10-16,East,18-24,Email,Bronze
C00752,2024-09-01,South,18-24,Email,Bronze
C00753,2026-05-14,East,45-54,Social,Bronze
C00754,2025-08-09,North,18-24,Paid Search,Silver
C00755,2025-05-16,West,45-54,Paid Search,Bronze
C00756,2025-12-20,North,18-24,Referral,Bronze
C00757,2025-04-06,South,55+,Social,Silver
C00758,2024-10-02,East,35-44,Social,Bronze
C00759,2025-12-14,North,55+,Organic,Gold
C00760,2024-11-06,North,18-24,Social,Bronze
C00761,2025-08-08,West,25-34,Email,Bronze
C00762,2026-05-23,North,35-44,Social,Bronze
C00763,2026-05-14,East,18-24,Email,Bronze
C00764,2025-03-21,South,18-24,Referral,Bronze
C00765,2026-01-20,North,25-34,Organic,Bronze
C00766,2025-09-20,North,45-54,Referral,Silver
C00767,2025-06-15,West,45-54,Referral,Bronze
C00768,2024-10-11,Central,18-24,Social,Bronze
C00769,2025-04-01,North,18-24,Email,Silver
C00770,2025-10-19,Central,45-54,Organic,Bronze
C00771,2026-06-20,East,25-34,Paid Search,Silver
C00772,2024-07-04,West,,Organic,Gold
C00773,2025-12-06,West,25-34,Email,Bronze
C00774,2026-03-09,West,25-34,Referral,Silver
C00775,2026-05-25,West,25-34,Email,Gold
C00776,2025-05-05,East,25-34,Email,Bronze
C00777,2024-09-25,East,45-54,Organic,Platinum
C00778,2025-01-14,South,35-44,Referral,Bronze
C00779,2026-03-13,North,45-54,Organic,Silver
C00780,2026-04-02,West,18-24,Social,Bronze
C00781,2025-10-08,North,35-44,Email,Bronze
C00782,2024-09-28,South,35-44,Referral,Platinum
C00783,2024-09-27,North,55+,Referral,Bronze
C00784,2025-06-14,North,35-44,Social,Platinum
C00785,2025-09-02,West,18-24,Social,Silver
C00786,2024-07-24,East,45-54,Social,Gold
C00787,2025-11-13,East,18-24,Social,Gold
C00788,2025-08-01,North,55+,Email,Silver
C00789,2024-07-09,East,25-34,Email,Platinum
C00790,2024-09-08,South,45-54,Social,Silver
C00791,2025-05-28,West,45-54,Social,Bronze
C00792,2025-12-09,East,35-44,Organic,Silver
C00793,2026-02-22,East,35-44,Organic,Bronze
C00794,2025-05-11,East,18-24,Social,Bronze
C00795,2025-02-01,Central,18-24,Paid Search,Bronze
C00796,2026-06-06,West,45-54,Email,Bronze
C00797,2025-05-31,East,55+,Referral,Bronze
C00798,2025-02-15,East,,Email,Bronze
C00799,2025-05-19,North,25-34,Referral,Silver
C00800,2024-07-09,Central,25-34,Social,Silver
C00801,2025-02-06,South,25-34,Referral,Gold
C00802,2025-07-11,South,45-54,Referral,Gold
C00803,2026-05-01,Central,45-54,Organic,Gold
C00804,2025-12-21,West,45-54,Email,Silver
C00805,2026-01-21,North,55+,Social,Bronze
C00806,2025-08-02,North,25-34,Referral,Gold
C00807,2024-09-19,North,45-54,Social,Bronze
C00808,2025-04-11,East,35-44,Organic,Bronze
C00809,2026-06-27,North,55+,Paid Search,Bronze
C00810,2024-08-02,Central,25-34,Organic,Silver
C00811,2026-04-02,Central,18-24,Paid Search,Silver
C00812,2025-11-11,East,25-34,Organic,Bronze
C00813,2025-01-23,East,45-54,Email,Silver
C00814,2026-01-19,South,55+,Social,Bronze
C00815,2026-03-03,North,55+,Email,Bronze
C00816,2024-08-01,West,18-24,Referral,Bronze
C00817,2024-09-16,North,35-44,Email,Bronze
C00818,2025-10-29,North,18-24,Social,Silver
C00819,2026-06-29,South,25-34,Paid Search,Bronze
C00820,2024-07-18,North,55+,Email,Bronze
C00821,2025-10-29,East,55+,Social,Bronze
C00822,2024-10-08,West,18-24,Email,Silver
C00823,2025-10-17,West,18-24,Organic,Platinum
C00824,2025-09-28,East,45-54,Organic,Silver
C00825,2024-09-04,West,35-44,Organic,Silver
C00826,2025-11-09,South,35-44,Email,Gold
C00827,2026-04-15,West,55+,Social,Bronze
C00828,2026-03-22,East,55+,Paid Search,Bronze
C00829,2024-07-22,North,55+,Paid Search,Bronze
C00830,2024-12-27,Central,45-54,Email,Bronze
C00831,2024-12-23,South,55+,Referral,Bronze
C00832,2025-05-27,North,45-54,Referral,Bronze
C00833,2024-10-13,South,55+,Social,Bronze
C00834,2026-03-15,South,35-44,Email,Bronze
C00835,2026-01-18,South,18-24,Organic,Bronze
C00836,2026-02-10,East,55+,Referral,Bronze
C00837,2024-11-22,Central,55+,Organic,Gold
C00838,2024-07-11,South,25-34,Paid Search,Silver
C00839,2026-04-25,East,35-44,Email,Bronze
C00840,2025-01-27,South,35-44,Referral,Bronze
C00841,2025-10-22,West,45-54,Organic,Bronze
C00842,2026-04-24,North,45-54,Email,Bronze
C00843,2024-07-27,North,25-34,Organic,Bronze
C00844,2024-07-04,East,55+,Organic,Bronze
C00845,2024-07-04,West,55+,Social,Gold
C00846,2024-10-22,West,55+,Social,Silver
C00847,2024-08-07,East,35-44,Paid Search,Silver
C00848,2026-02-18,West,18-24,Referral,Silver
C00849,2025-09-15,South,55+,Email,Silver
C00850,2026-06-15,North,18-24,Social,Silver
C00851,2026-02-05,North,,Social,Gold
C00852,2026-06-03,North,25-34,Social,Silver
C00853,2024-12-21,South,18-24,Organic,Silver
C00854,2025-01-26,East,45-54,Email,Silver
C00855,2026-03-12,South,35-44,Email,Silver
C00856,2024-12-26,East,25-34,Social,Bronze
C00857,2024-08-11,East,18-24,Social,Bronze
C00858,2025-10-31,West,25-34,Referral,Bronze
C00859,2026-02-04,West,45-54,Email,Bronze
C00860,2026-06-06,South,45-54,Paid Search,Bronze
C00861,2026-05-08,South,25-34,Organic,Bronze
C00862,2024-09-26,East,18-24,Referral,Bronze
C00863,2026-01-14,East,35-44,Email,Gold
C00864,2026-03-09,South,45-54,Email,Bronze
C00865,2025-11-21,South,18-24,Paid Search,Bronze
C00866,2026-02-18,West,45-54,Organic,Bronze
C00867,2026-03-03,West,18-24,Social,Bronze
C00868,2025-05-22,North,25-34,Email,Silver
C00869,2024-07-30,East,45-54,Paid Search,Silver
C00870,2025-05-29,Central,18-24,Social,Bronze
C00871,2024-11-25,North,25-34,Referral,Bronze
C00872,2024-09-21,West,18-24,Paid Search,Bronze
C00873,2024-09-30,North,25-34,Paid Search,Silver
C00874,2025-11-21,East,45-54,Paid Search,Gold
C00875,2025-07-03,East,25-34,Referral,Gold
C00876,2025-07-29,North,18-24,Social,Bronze
C00877,2025-12-26,Central,25-34,Referral,Silver
C00878,2025-08-04,East,18-24,Referral,Silver
C00879,2025-10-03,Central,45-54,Social,Gold
C00880,2024-09-01,South,55+,Organic,Bronze
C00881,2026-03-13,West,18-24,Paid Search,Bronze
C00882,2025-05-24,Central,45-54,Social,Bronze
C00883,2024-10-22,East,25-34,Paid Search,Bronze
C00884,2026-02-13,North,18-24,Organic,Silver
C00885,2025-12-18,West,45-54,Referral,Bronze
C00886,2024-08-08,East,25-34,Paid Search,Bronze
C00887,2024-11-18,Central,35-44,Email,Gold
C00888,2024-07-12,East,35-44,Referral,Bronze
C00889,2025-01-14,South,35-44,Social,Platinum
C00890,2024-09-11,North,18-24,Email,Silver
C00891,2025-11-30,West,25-34,Organic,Gold
C00892,2025-07-16,Central,45-54,Email,Silver
C00893,2026-06-15,North,55+,Referral,Bronze
C00894,2025-12-29,West,18-24,Referral,Bronze
C00895,2025-09-19,Central,35-44,Organic,Gold
C00896,2025-07-07,North,55+,Paid Search,Bronze
C00897,2024-08-09,North,25-34,Organic,Bronze
C00898,2024-08-21,West,35-44,Referral,Silver
C00899,2025-09-23,West,55+,Paid Search,Bronze
C00900,2024-07-04,North,55+,Social,Bronze
C00901,2024-07-31,West,45-54,Social,Bronze
C00902,2024-12-07,East,45-54,Email,Bronze
C00903,2026-04-06,Central,45-54,Referral,Silver
C00904,2025-05-31,West,25-34,Paid Search,Bronze
C00905,2025-11-30,West,55+,Email,Bronze
C00906,2025-04-27,East,18-24,Paid Search,Bronze
C00907,2024-11-04,South,18-24,Organic,Silver
C00908,2025-03-28,East,45-54,Organic,Bronze
C00909,2024-09-05,North,55+,Paid Search,Bronze
C00910,2026-01-13,West,55+,Social,Silver
C00911,2024-11-11,North,45-54,Email,Bronze
C00912,2025-04-01,East,25-34,Referral,Silver
C00913,2026-06-15,North,25-34,Social,Bronze
C00914,2025-09-05,South,35-44,Social,Bronze
C00915,2025-05-31,South,25-34,Organic,Bronze
C00916,2025-07-31,East,35-44,Referral,Gold
C00917,2026-01-23,West,18-24,Paid Search,Bronze
C00918,2025-01-02,North,25-34,Email,Bronze
C00919,2025-10-07,West,55+,Email,Bronze
C00920,2026-03-29,West,45-54,Referral,Bronze
C00921,2025-08-22,South,18-24,Referral,Silver
C00922,2025-05-22,West,25-34,Email,Platinum
C00923,2024-10-14,South,25-34,Email,Bronze
C00924,2024-12-29,North,25-34,Organic,Bronze
C00925,2026-05-21,East,45-54,Organic,Bronze
C00926,2025-07-30,North,55+,Social,Platinum
C00927,2025-02-05,West,45-54,Email,Bronze
C00928,2025-05-01,Central,35-44,Email,Bronze
C00929,2025-08-26,West,18-24,Paid Search,Gold
C00930,2025-07-27,East,18-24,Social,Gold
C00931,2025-11-23,East,55+,Referral,Bronze
C00932,2025-01-04,Central,45-54,Organic,Bronze
C00933,2025-10-17,South,35-44,Paid Search,Silver
C00934,2025-05-19,North,35-44,Referral,Silver
C00935,2026-05-17,East,55+,Organic,Bronze
C00936,2024-10-24,South,55+,Paid Search,Bronze
C00937,2024-10-17,South,,Social,Bronze
C00938,2025-06-02,North,25-34,Email,Bronze
C00939,2025-07-06,East,18-24,Paid Search,Bronze
C00940,2025-11-16,South,25-34,Email,Silver
C00941,2025-04-21,North,45-54,Paid Search,Bronze
C00942,2026-04-28,North,25-34,Paid Search,Bronze
C00943,2025-06-11,South,18-24,Social,Gold
C00944,2024-10-03,West,35-44,Organic,Bronze
C00945,2024-09-25,South,35-44,Email,Bronze
C00946,2026-06-10,West,45-54,Email,Gold
C00947,2024-10-06,West,18-24,Referral,Bronze
C00948,2026-05-22,South,25-34,Paid Search,Gold
C00949,2025-01-19,West,45-54,Paid Search,Bronze
C00950,2024-09-07,West,45-54,Referral,Bronze
C00951,2025-02-08,East,55+,Organic,Silver
C00952,2025-09-22,North,55+,Social,Bronze
C00953,2025-05-08,North,55+,Social,Bronze
C00954,2026-01-24,Central,35-44,Social,Bronze
C00955,2025-09-19,West,55+,Social,Silver
C00956,2025-04-19,Central,35-44,Email,Bronze
C00957,2025-10-06,Central,55+,Organic,Silver
C00958,2026-06-09,North,25-34,Referral,Silver
C00959,2025-04-27,West,35-44,Referral,Bronze
C00960,2024-10-20,East,45-54,Organic,Bronze
C00961,2025-04-25,West,25-34,Referral,Bronze
C00962,2026-03-05,North,18-24,Paid Search,Silver
C00963,2024-12-06,South,55+,Organic,Bronze
C00964,2026-05-23,West,35-44,Paid Search,Silver
C00965,2025-09-02,West,55+,Email,Bronze
C00966,2025-09-12,East,25-34,Referral,Bronze
C00967,2025-02-17,South,55+,Email,Silver
C00968,2026-05-03,South,45-54,Referral,Bronze
C00969,2024-07-27,Central,45-54,Paid Search,Bronze
C00970,2025-02-03,East,45-54,Referral,Silver
C00971,2025-05-02,East,25-34,Email,Silver
C00972,2025-06-13,East,55+,Organic,Bronze
C00973,2025-06-11,South,55+,Organic,Bronze
C00974,2024-10-16,East,45-54,Paid Search,Bronze
C00975,2024-12-12,East,55+,Organic,Silver
C00976,2024-09-08,West,55+,Paid Search,Bronze
C00977,2025-08-22,Central,45-54,Referral,Silver
C00978,2025-03-13,Central,35-44,Paid Search,Silver
C00979,2025-08-17,East,55+,Email,Gold
C00980,2025-09-03,East,18-24,Referral,Bronze
C00981,2025-11-24,West,35-44,Paid Search,Bronze
C00982,2025-08-03,West,55+,Email,Bronze
C00983,2025-10-16,East,55+,Social,Bronze
C00984,2025-09-02,West,25-34,Paid Search,Bronze
C00985,2025-10-19,West,18-24,Referral,Gold
C00986,2025-09-23,West,25-34,Email,Bronze
C00987,2025-02-16,West,55+,Social,Bronze
C00988,2024-12-27,North,35-44,Referral,Bronze
C00989,2026-01-26,East,18-24,Referral,Platinum
C00990,2025-03-07,East,18-24,Email,Bronze
C00991,2025-08-05,North,25-34,Referral,Silver
C00992,2024-11-21,West,25-34,Paid Search,Silver
C00993,2025-05-11,East,18-24,Paid Search,Bronze
C00994,2025-07-22,North,35-44,Paid Search,Silver
C00995,2025-09-30,West,35-44,Email,Bronze
C00996,2025-07-19,West,18-24,Referral,Bronze
C00997,2025-03-20,West,25-34,Email,Bronze
C00998,2026-06-02,South,45-54,Social,Bronze
C00999,2025-07-09,West,55+,Email,Silver
C01000,2026-02-10,South,55+,Organic,Silver
C01001,2025-12-20,East,35-44,Paid Search,Bronze
C01002,2025-08-12,North,18-24,Email,Silver
C01003,2026-04-08,West,55+,Organic,Bronze
C01004,2024-10-02,West,55+,Referral,Bronze
C01005,2026-05-03,East,25-34,Organic,Silver
C01006,2026-03-12,East,35-44,Email,Bronze
C01007,2025-07-03,West,18-24,Email,Silver
C01008,2025-12-17,West,55+,Referral,Bronze
C01009,2025-07-15,South,45-54,Email,Silver
C01010,2025-01-12,Central,18-24,Social,Bronze
C01011,2026-02-04,West,45-54,Email,Bronze
C01012,2024-12-27,Central,35-44,Paid Search,Silver
C01013,2025-02-15,Central,35-44,Social,Bronze
C01014,2025-07-14,Central,25-34,Referral,Bronze
C01015,2026-03-03,West,55+,Organic,Gold
C01016,2025-04-06,East,35-44,Paid Search,Bronze
C01017,2025-06-26,North,,Organic,Bronze
C01018,2024-07-31,East,18-24,Social,Bronze
C01019,2024-09-23,West,35-44,Email,Silver
C01020,2024-08-10,East,25-34,Organic,Silver
C01021,2024-08-22,West,55+,Social,Gold
C01022,2026-03-26,North,35-44,Social,Bronze
C01023,2026-03-06,South,45-54,Email,Bronze
C01024,2026-02-20,East,18-24,Paid Search,Bronze
C01025,2024-08-10,East,45-54,Organic,Bronze
C01026,2024-08-26,North,18-24,Organic,Silver
C01027,2025-01-21,North,25-34,Social,Bronze
C01028,2025-08-17,West,25-34,Social,Silver
C01029,2025-03-01,East,18-24,Referral,Silver
C01030,2025-06-21,North,35-44,Social,Silver
C01031,2024-11-04,North,25-34,Organic,Bronze
C01032,2025-12-15,East,35-44,Email,Bronze
C01033,2025-02-14,North,45-54,Organic,Gold
C01034,2024-08-18,West,18-24,Paid Search,Silver
C01035,2025-12-24,West,45-54,Email,Bronze
C01036,2026-04-20,North,25-34,Paid Search,Silver
C01037,2024-07-11,East,25-34,Social,Gold
C01038,2025-05-15,North,35-44,Social,Bronze
C01039,2026-02-24,South,45-54,Referral,Gold
C01040,2025-11-27,Central,45-54,Paid Search,Bronze
C01041,2026-03-17,East,18-24,Referral,Platinum
C01042,2025-04-29,Central,35-44,Email,Bronze
C01043,2025-03-29,North,25-34,Email,Bronze
C01044,2025-11-29,South,25-34,Organic,Bronze
C01045,2024-10-20,East,55+,Organic,Silver
C01046,2024-12-22,East,18-24,Email,Platinum
C01047,2025-09-12,Central,35-44,Social,Bronze
C01048,2025-10-31,North,35-44,Paid Search,Bronze
C01049,2024-09-26,West,25-34,Referral,Bronze
C01050,2025-07-06,West,45-54,Paid Search,Bronze
C01051,2025-03-24,East,35-44,Social,Silver
C01052,2025-07-01,South,45-54,Email,Bronze
C01053,2026-05-30,East,25-34,Referral,Gold
C01054,2024-08-25,South,55+,Referral,Gold
C01055,2026-06-26,West,45-54,Email,Bronze
C01056,2025-05-24,East,25-34,Organic,Bronze
C01057,2026-01-14,Central,55+,Organic,Platinum
C01058,2025-05-06,East,55+,Email,Gold
C01059,2025-02-12,East,35-44,Social,Silver
C01060,2026-01-13,West,18-24,Organic,Bronze
C01061,2025-11-14,East,35-44,Email,Bronze
C01062,2024-10-14,Central,45-54,Referral,Silver
C01063,2025-11-27,North,25-34,Organic,Bronze
C01064,2025-12-31,Central,18-24,Referral,Silver
C01065,2025-04-09,West,35-44,Paid Search,Silver
C01066,2026-05-06,West,55+,Paid Search,Bronze
C01067,2025-10-11,East,25-34,Email,Bronze
C01068,2025-03-01,West,35-44,Paid Search,Bronze
C01069,2024-07-08,South,18-24,Organic,Gold
C01070,2025-11-05,West,45-54,Referral,Bronze
C01071,2024-11-30,North,55+,Paid Search,Bronze
C01072,2026-01-03,South,45-54,Organic,Gold
C01073,2025-07-18,East,35-44,Email,Silver
C01074,2025-06-06,South,18-24,Paid Search,Bronze
C01075,2024-10-28,South,35-44,Email,Silver
C01076,2025-12-01,West,55+,Organic,Bronze
C01077,2024-10-29,South,18-24,Social,Platinum
C01078,2025-05-01,West,25-34,Social,Gold
C01079,2026-03-02,North,55+,Referral,Bronze
C01080,2026-05-02,West,35-44,Social,Bronze
C01081,2026-06-22,West,18-24,Referral,Bronze
C01082,2026-05-30,South,18-24,Paid Search,Silver
C01083,2025-08-10,West,35-44,Social,Silver
C01084,2024-11-24,Central,35-44,Referral,Bronze
C01085,2026-03-04,West,55+,Organic,Gold
C01086,2026-02-05,South,55+,Referral,Bronze
C01087,2026-06-22,East,35-44,Email,Silver
C01088,2025-10-18,West,35-44,Email,Silver
C01089,2024-10-12,South,55+,Paid Search,Bronze
C01090,2025-07-02,West,45-54,Referral,Bronze
C01091,2025-05-23,South,25-34,Referral,Silver
C01092,2026-03-07,West,45-54,Paid Search,Silver
C01093,2025-04-13,North,45-54,Social,Bronze
C01094,2025-02-25,North,25-34,Organic,Silver
C01095,2024-08-28,Central,55+,Paid Search,Bronze
C01096,2026-03-02,West,25-34,Organic,Bronze
C01097,2026-01-02,Central,35-44,Social,Silver
C01098,2024-07-31,Central,35-44,Social,Bronze
C01099,2025-05-13,East,45-54,Social,Silver
C01100,2025-06-15,South,55+,Email,Silver
C01101,2025-06-08,North,25-34,Referral,Bronze
C01102,2026-05-01,East,25-34,Organic,Bronze
C01103,2024-10-18,North,45-54,Paid Search,Bronze
C01104,2025-02-09,Central,55+,Paid Search,Bronze
C01105,2024-11-09,North,55+,Referral,Silver
C01106,2024-12-25,North,45-54,Organic,Bronze
C01107,2026-04-23,South,45-54,Organic,Gold
C01108,2026-05-17,North,45-54,Organic,Bronze
C01109,2024-08-02,North,55+,Email,Bronze
C01110,2025-10-04,West,18-24,Social,Gold
C01111,2024-12-17,South,35-44,Referral,Bronze
C01112,2024-11-18,East,18-24,Paid Search,Silver
C01113,2025-01-29,Central,35-44,Paid Search,Silver
C01114,2024-11-19,East,25-34,Social,Gold
C01115,2025-06-23,West,25-34,Organic,Bronze
C01116,2026-06-26,South,55+,Referral,Bronze
C01117,2025-09-01,North,45-54,Referral,Platinum
C01118,2025-12-10,South,35-44,Organic,Bronze
C01119,2025-06-25,Central,55+,Referral,Silver
C01120,2024-07-11,East,18-24,Social,Silver
C01121,2024-08-31,South,45-54,Paid Search,Silver
C01122,2025-01-13,East,18-24,Referral,Silver
C01123,2024-12-25,West,25-34,Social,Platinum
C01124,2026-03-05,West,18-24,Paid Search,Bronze
C01125,2026-03-07,East,35-44,Referral,Silver
C01126,2026-03-15,Central,45-54,Email,Silver
C01127,2025-10-08,West,45-54,Organic,Bronze
C01128,2025-08-10,West,35-44,Email,Gold
C01129,2025-10-17,North,55+,Email,Bronze
C01130,2025-04-23,North,25-34,Paid Search,Bronze
C01131,2025-11-01,Central,18-24,Social,Gold
C01132,2026-01-31,East,18-24,Referral,Gold
C01133,2026-01-08,South,18-24,Organic,Bronze
C01134,2025-09-21,East,35-44,Email,Silver
C01135,2024-08-12,North,35-44,Referral,Bronze
C01136,2025-12-11,West,55+,Referral,Bronze
C01137,2025-03-25,North,18-24,Paid Search,Bronze
C01138,2025-12-25,West,25-34,Paid Search,Gold
C01139,2025-07-29,East,55+,Referral,Bronze
C01140,2026-04-04,South,18-24,Social,Bronze
C01141,2025-03-04,North,35-44,Social,Silver
C01142,2026-05-10,West,18-24,Social,Bronze
C01143,2026-03-08,North,35-44,Social,Bronze
C01144,2025-02-27,North,55+,Email,Bronze
C01145,2025-06-17,West,25-34,Social,Silver
C01146,2025-07-23,South,25-34,Paid Search,Silver
C01147,2026-01-12,South,35-44,Social,Silver
C01148,2025-11-15,South,45-54,Email,Bronze
C01149,2026-03-14,West,55+,Referral,Bronze
C01150,2025-03-27,South,18-24,Social,Silver
C01151,2025-07-03,North,35-44,Email,Bronze
C01152,2025-05-11,South,45-54,Social,Bronze
C01153,2026-04-25,North,18-24,Email,Bronze
C01154,2025-02-08,South,55+,Paid Search,Bronze
C01155,2025-09-02,North,25-34,Social,Bronze
C01156,2024-09-26,North,35-44,Organic,Gold
C01157,2026-03-12,South,,Paid Search,Bronze
C01158,2025-04-07,West,45-54,Email,Silver
C01159,2025-03-06,North,55+,Organic,Bronze
C01160,2025-08-29,North,45-54,Paid Search,Silver
C01161,2025-06-29,Central,25-34,Email,Silver
C01162,2026-03-11,Central,45-54,Referral,Gold
C01163,2025-07-23,West,45-54,Social,Bronze
C01164,2025-07-12,South,25-34,Social,Silver
C01165,2024-09-15,South,18-24,Social,Bronze
C01166,2024-07-16,North,45-54,Email,Silver
C01167,2025-04-17,North,35-44,Social,Gold
C01168,2026-06-28,South,45-54,Organic,Silver
C01169,2026-04-30,East,18-24,Social,Silver
C01170,2025-10-02,South,35-44,Paid Search,Gold
C01171,2025-10-03,East,55+,Email,Gold
C01172,2025-04-12,South,55+,Organic,Bronze
C01173,2024-11-07,South,55+,Email,Bronze
C01174,2024-07-07,West,25-34,Organic,Silver
C01175,2025-03-05,West,18-24,Referral,Platinum
C01176,2025-02-16,South,35-44,Email,Bronze
C01177,2024-11-17,East,35-44,Organic,Bronze
C01178,2025-01-05,South,25-34,Referral,Bronze
C01179,2024-07-19,North,18-24,Social,Bronze
C01180,2025-09-17,West,18-24,Email,Bronze
C01181,2026-05-08,North,25-34,Organic,Bronze
C01182,2025-11-16,East,45-54,Organic,Bronze
C01183,2025-05-23,East,18-24,Referral,Silver
C01184,2025-05-03,North,18-24,Social,Bronze
C01185,2025-02-10,North,25-34,Email,Bronze
C01186,2024-10-12,South,55+,Referral,Bronze
C01187,2025-09-10,Central,55+,Social,Bronze
C01188,2025-08-17,East,35-44,Paid Search,Bronze
C01189,2024-07-06,South,18-24,Referral,Bronze
C01190,2025-04-29,North,18-24,Organic,Bronze
C01191,2025-01-19,East,55+,Social,Silver
C01192,2024-11-02,North,35-44,Referral,Bronze
C01193,2025-11-25,East,18-24,Paid Search,Bronze
C01194,2025-07-19,West,55+,Paid Search,Bronze
C01195,2025-10-06,East,35-44,Social,Bronze
C01196,2025-12-03,South,25-34,Organic,Bronze
C01197,2026-06-16,North,35-44,Organic,Bronze
C01198,2026-02-06,North,25-34,Paid Search,Bronze
C01199,2025-09-26,East,55+,Referral,Bronze
C01200,2026-04-02,Central,45-54,Paid Search,Gold
C01201,2025-06-14,South,18-24,Email,Bronze
C01202,2026-06-18,East,45-54,Social,Bronze
C01203,2026-01-07,West,18-24,Email,Bronze
C01204,2025-10-18,North,35-44,Paid Search,Bronze
C01205,2026-04-20,North,45-54,Referral,Silver
C01206,2025-07-11,South,18-24,Paid Search,Bronze
C01207,2025-12-08,West,45-54,Email,Bronze
C01208,2025-01-24,East,25-34,Referral,Gold
C01209,2026-06-03,West,45-54,Social,Bronze
C01210,2025-09-28,West,35-44,Email,Bronze
C01211,2026-01-22,West,18-24,Organic,Silver
C01212,2025-06-01,Central,45-54,Social,Platinum
C01213,2026-03-24,West,25-34,Paid Search,Bronze
C01214,2024-08-24,West,55+,Referral,Silver
C01215,2024-09-22,West,55+,Referral,Bronze
C01216,2025-07-05,West,18-24,Email,Silver
C01217,2025-12-16,West,45-54,Referral,Bronze
C01218,2026-02-10,Central,25-34,Referral,Silver
C01219,2025-05-17,East,45-54,Email,Bronze
C01220,2025-10-17,West,35-44,Social,Bronze
C01221,2025-08-08,East,25-34,Paid Search,Bronze
C01222,2026-06-01,West,45-54,Referral,Silver
C01223,2025-10-20,East,25-34,Organic,Silver
C01224,2025-04-30,West,55+,Organic,Gold
C01225,2026-06-07,West,55+,Referral,Platinum
C01226,2024-09-17,Central,18-24,Organic,Bronze
C01227,2026-06-18,South,45-54,Organic,Silver
C01228,2024-10-21,West,55+,Social,Bronze
C01229,2025-01-27,West,18-24,Social,Gold
C01230,2026-02-19,Central,45-54,Organic,Silver
C01231,2025-12-17,Central,55+,Paid Search,Bronze
C01232,2026-06-08,East,25-34,Paid Search,Bronze
C01233,2025-12-29,East,35-44,Paid Search,Silver
C01234,2025-10-08,North,45-54,Organic,Gold
C01235,2025-03-10,Central,25-34,Email,Silver
C01236,2024-07-04,South,25-34,Social,Bronze
C01237,2024-09-29,West,25-34,Referral,Bronze
C01238,2025-02-03,West,25-34,Organic,Gold
C01239,2024-07-30,East,45-54,Email,Silver
C01240,2025-07-06,North,25-34,Referral,Bronze
C01241,2026-01-18,North,25-34,Social,Silver
C01242,2026-06-03,West,55+,Email,Silver
C01243,2025-06-22,East,35-44,Social,Silver
C01244,2026-03-30,North,55+,Social,Silver
C01245,2026-06-19,West,45-54,Referral,Gold
C01246,2026-03-19,South,55+,Social,Gold
C01247,2025-06-04,West,18-24,Social,Bronze
C01248,2025-02-23,South,55+,Referral,Bronze
C01249,2026-06-13,North,55+,Social,Silver
C01250,2024-12-24,North,18-24,Organic,Silver
C01251,2025-04-27,East,25-34,Email,Bronze
C01252,2024-08-23,East,35-44,Email,Gold
C01253,2026-01-30,West,35-44,Paid Search,Bronze
C01254,2025-10-17,East,45-54,Email,Bronze
C01255,2024-08-31,South,45-54,Organic,Gold
C01256,2024-12-09,South,25-34,Paid Search,Gold
C01257,2025-08-09,South,45-54,Referral,Bronze
C01258,2025-07-29,Central,55+,Email,Bronze
C01259,2026-02-05,North,35-44,Email,Bronze
C01260,2025-01-10,Central,55+,Email,Bronze
C01261,2026-05-06,South,45-54,Organic,Bronze
C01262,2025-05-21,North,55+,Referral,Bronze
C01263,2026-02-20,South,55+,Paid Search,Bronze
C01264,2024-12-21,North,18-24,Email,Silver
C01265,2024-07-27,West,55+,Referral,Silver
C01266,2024-08-10,East,18-24,Paid Search,Silver
C01267,2025-03-29,South,55+,Email,Bronze
C01268,2026-05-26,West,55+,Organic,Bronze
C01269,2024-08-05,West,25-34,Email,Bronze
C01270,2025-03-26,Central,18-24,Social,Gold
C01271,2024-09-18,Central,35-44,Organic,Bronze
C01272,2026-05-11,West,25-34,Email,Silver
C01273,2025-11-05,West,35-44,Referral,Bronze
C01274,2026-01-08,West,18-24,Organic,Gold
C01275,2025-12-02,East,18-24,Referral,Bronze
C01276,2025-10-22,West,35-44,Referral,Bronze
C01277,2026-01-16,North,45-54,Social,Gold
C01278,2024-07-06,West,25-34,Referral,Bronze
C01279,2026-03-23,Central,25-34,Paid Search,Silver
C01280,2025-12-22,North,18-24,Email,Bronze
C01281,2025-12-22,West,25-34,Email,Platinum
C01282,2025-04-13,Central,25-34,Social,Silver
C01283,2026-02-04,North,25-34,Referral,Bronze
C01284,2025-04-05,East,25-34,Referral,Gold
C01285,2024-08-05,Central,25-34,Email,Silver
C01286,2026-04-23,Central,45-54,Social,Silver
C01287,2024-12-18,North,25-34,Referral,Bronze
C01288,2024-09-13,South,45-54,Social,Bronze
C01289,2025-09-27,West,45-54,Email,Silver
C01290,2024-12-18,North,45-54,Organic,Bronze
C01291,2026-03-18,South,35-44,Paid Search,Gold
C01292,2025-05-20,North,55+,Referral,Bronze
C01293,2024-07-04,North,25-34,Social,Silver
C01294,2026-05-25,East,55+,Social,Bronze
C01295,2025-07-11,West,25-34,Referral,Silver
C01296,2025-01-08,West,18-24,Paid Search,Bronze
C01297,2025-11-06,West,55+,Paid Search,Bronze
C01298,2025-07-22,South,55+,Organic,Bronze
C01299,2024-07-22,South,18-24,Paid Search,Silver
C01300,2026-01-05,North,35-44,Social,Bronze
C01301,2025-04-19,North,35-44,Email,Silver
C01302,2025-11-23,South,25-34,Paid Search,Bronze
C01303,2026-04-14,North,35-44,Social,Silver
C01304,2025-09-19,North,45-54,Paid Search,Silver
C01305,2025-11-02,North,35-44,Referral,Bronze
C01306,2025-01-02,West,35-44,Social,Bronze
C01307,2024-12-21,East,55+,Organic,Bronze
C01308,2025-04-29,Central,25-34,Email,Silver
C01309,2026-03-14,West,45-54,Paid Search,Gold
C01310,2025-07-18,East,25-34,Referral,Bronze
C01311,2025-03-11,North,55+,Paid Search,Silver
C01312,2026-01-20,East,25-34,Referral,Silver
C01313,2026-03-15,North,55+,Email,Silver
C01314,2026-04-19,East,45-54,Organic,Bronze
C01315,2025-02-03,South,25-34,Email,Gold
C01316,2025-11-30,East,45-54,Email,Bronze
C01317,2025-09-04,South,25-34,Social,Gold
C01318,2025-05-24,West,25-34,Organic,Bronze
C01319,2025-04-16,West,25-34,Social,Silver
C01320,2024-09-22,West,45-54,Email,Platinum
C01321,2025-01-17,East,25-34,Organic,Gold
C01322,2025-08-05,East,35-44,Paid Search,Bronze
C01323,2026-04-08,North,35-44,Email,Gold
C01324,2026-03-24,West,18-24,Social,Bronze
C01325,2024-11-14,East,25-34,Referral,Silver
C01326,2025-11-08,South,25-34,Paid Search,Bronze
C01327,2024-08-31,South,25-34,Email,Silver
C01328,2025-11-05,Central,55+,Social,Bronze
C01329,2025-03-07,East,25-34,Paid Search,Bronze
C01330,2025-05-24,East,35-44,Referral,Bronze
C01331,2025-12-06,East,45-54,Email,Bronze
C01332,2025-05-06,South,45-54,Social,Bronze
C01333,2026-02-09,East,45-54,Paid Search,Gold
C01334,2025-07-24,South,35-44,Referral,Silver
C01335,2026-06-29,East,55+,Organic,Silver
C01336,2025-10-09,West,55+,Organic,Silver
C01337,2025-02-02,North,25-34,Organic,Bronze
C01338,2026-01-17,West,18-24,Email,Bronze
C01339,2025-04-24,South,25-34,Organic,Bronze
C01340,2025-07-25,West,55+,Email,Bronze
C01341,2024-10-08,West,55+,Organic,Silver
C01342,2024-09-26,West,45-54,Email,Silver
C01343,2025-08-24,East,45-54,Email,Silver
C01344,2024-11-14,Central,25-34,Referral,Silver
C01345,2026-06-28,East,35-44,Paid Search,Bronze
C01346,2026-03-16,West,18-24,Organic,Silver
C01347,2025-11-23,West,35-44,Email,Bronze
C01348,2025-12-18,South,18-24,Social,Gold
C01349,2025-09-07,South,18-24,Referral,Bronze
C01350,2024-08-13,East,55+,Organic,Bronze
C01351,2025-04-13,South,55+,Social,Bronze
C01352,2025-06-27,South,45-54,Organic,Bronze
C01353,2026-04-29,South,45-54,Social,Bronze
C01354,2024-12-08,East,25-34,Organic,Bronze
C01355,2025-06-28,North,35-44,Email,Silver
C01356,2025-03-08,West,45-54,Email,Gold
C01357,2024-10-06,East,35-44,Organic,Bronze
C01358,2024-09-14,West,25-34,Social,Bronze
C01359,2025-03-24,North,25-34,Social,Gold
C01360,2024-08-30,East,55+,Email,Bronze
C01361,2024-08-18,North,25-34,Social,Gold
C01362,2025-03-13,West,55+,Social,Bronze
C01363,2024-11-25,South,45-54,Referral,Bronze
C01364,2025-08-09,Central,55+,Social,Bronze
C01365,2024-07-13,South,35-44,Referral,Bronze
C01366,2025-02-06,East,25-34,Referral,Silver
C01367,2025-05-27,South,18-24,Referral,Silver
C01368,2026-06-03,East,35-44,Referral,Bronze
C01369,2025-10-06,East,25-34,Email,Gold
C01370,2026-04-04,South,18-24,Social,Bronze
C01371,2025-03-08,North,55+,Social,Bronze
C01372,2025-05-24,North,55+,Paid Search,Gold
C01373,2025-05-03,North,25-34,Referral,Gold
C01374,2026-04-08,Central,45-54,Email,Bronze
C01375,2026-05-31,South,35-44,Referral,Bronze
C01376,2026-06-02,North,35-44,Email,Bronze
C01377,2025-12-31,Central,45-54,Social,Bronze
C01378,2025-07-02,North,35-44,Paid Search,Silver
C01379,2025-07-30,South,55+,Referral,Bronze
C01380,2026-06-15,West,18-24,Email,Silver
C01381,2025-01-24,Central,45-54,Referral,Bronze
C01382,2025-03-10,West,55+,Social,Bronze
C01383,2026-04-15,East,55+,Social,Bronze
C01384,2025-04-08,Central,18-24,Organic,Bronze
C01385,2024-12-19,North,18-24,Organic,Silver
C01386,2025-08-13,Central,45-54,Email,Platinum
C01387,2025-02-23,West,55+,Paid Search,Gold
C01388,2026-04-11,Central,55+,Organic,Silver
C01389,2026-04-24,South,55+,Email,Bronze
C01390,2025-02-09,North,18-24,Email,Gold
C01391,2025-07-22,West,35-44,Organic,Gold
C01392,2026-06-18,East,45-54,Social,Gold
C01393,2025-12-24,East,45-54,Social,Bronze
C01394,2024-12-05,Central,45-54,Organic,Bronze
C01395,2025-09-04,East,25-34,Email,Silver
C01396,2025-09-25,South,35-44,Paid Search,Bronze
C01397,2025-10-20,South,35-44,Referral,Bronze
C01398,2024-07-19,North,55+,Organic,Bronze
C01399,2025-02-04,North,25-34,Referral,Silver
C01400,2026-03-16,North,25-34,Organic,Bronze
C01401,2024-12-23,West,18-24,Email,Silver
C01402,2025-02-04,West,18-24,Email,Silver
C01403,2025-02-21,East,55+,Social,Bronze
C01404,2024-11-07,South,55+,Paid Search,Bronze
C01405,2024-10-22,West,25-34,Organic,Gold
C01406,2025-03-10,West,45-54,Paid Search,Bronze
C01407,2026-03-30,Central,35-44,Email,Bronze
C01408,2024-07-02,East,55+,Email,Bronze
C01409,2025-01-23,West,25-34,Organic,Bronze
C01410,2024-08-14,East,55+,Organic,Silver
C01411,2025-08-14,East,25-34,Social,Bronze
C01412,2024-12-30,West,45-54,Social,Gold
C01413,2026-01-29,South,25-34,Referral,Bronze
C01414,2025-08-31,South,45-54,Email,Platinum
C01415,2026-01-23,South,25-34,Social,Silver
C01416,2025-10-06,East,55+,Social,Bronze
C01417,2025-05-16,East,45-54,Email,Silver
C01418,2026-03-20,West,25-34,Social,Bronze
C01419,2025-06-13,East,55+,Email,Gold
C01420,2026-05-24,North,45-54,Organic,Silver
C01421,2026-06-26,West,35-44,Referral,Bronze
C01422,2025-09-03,South,18-24,Referral,Bronze
C01423,2025-11-04,Central,55+,Social,Platinum
C01424,2025-01-03,North,45-54,Social,Silver
C01425,2026-02-14,East,45-54,Social,Bronze
C01426,2025-11-02,East,55+,Referral,Bronze
C01427,2026-04-19,West,45-54,Organic,Bronze
C01428,2025-01-11,North,25-34,Paid Search,Silver
C01429,2026-01-26,Central,25-34,Email,Silver
C01430,2025-06-08,East,18-24,Email,Gold
C01431,2024-11-12,East,18-24,Paid Search,Silver
C01432,2024-11-02,East,45-54,Organic,Silver
C01433,2025-08-14,North,55+,Social,Bronze
C01434,2025-02-18,East,18-24,Email,Silver
C01435,2024-09-13,South,35-44,Email,Bronze
C01436,2025-05-08,South,18-24,Organic,Gold
C01437,2025-10-19,West,35-44,Organic,Bronze
C01438,2025-02-18,East,45-54,Paid Search,Silver
C01439,2026-05-28,North,55+,Social,Gold
C01440,2026-01-20,North,55+,Organic,Silver
C01441,2025-07-09,North,25-34,Organic,Bronze
C01442,2026-05-13,North,55+,Social,Silver
C01443,2025-05-12,East,45-54,Paid Search,Bronze
C01444,2024-10-10,North,25-34,Email,Bronze
C01445,2024-07-27,Central,25-34,Organic,Silver
C01446,2026-05-15,North,18-24,Referral,Silver
C01447,2026-05-31,North,55+,Organic,Bronze
C01448,2025-12-21,West,25-34,Social,Gold
C01449,2024-09-14,South,25-34,Referral,Bronze
C01450,2025-01-31,East,35-44,Email,Gold
C01451,2024-07-30,Central,18-24,Referral,Silver
C01452,2024-08-07,Central,55+,Organic,Gold
C01453,2024-12-27,West,45-54,Email,Gold
C01454,2025-08-22,North,18-24,Organic,Platinum
C01455,2024-08-17,East,18-24,Email,Silver
C01456,2026-06-18,Central,18-24,Paid Search,Bronze
C01457,2025-05-28,Central,55+,Email,Bronze
C01458,2025-01-09,North,35-44,Organic,Silver
C01459,2025-07-12,South,45-54,Referral,Bronze
C01460,2026-01-28,South,18-24,Social,Gold
C01461,2025-02-13,North,25-34,Social,Bronze
C01462,2024-08-04,West,35-44,Social,Gold
C01463,2024-08-07,South,25-34,Organic,Bronze
C01464,2026-03-14,South,45-54,Paid Search,Gold
C01465,2024-09-20,North,55+,Email,Gold
C01466,2025-10-07,East,25-34,Referral,Bronze
C01467,2025-04-07,North,45-54,Referral,Silver
C01468,2026-01-18,East,55+,Social,Bronze
C01469,2024-08-14,North,55+,Paid Search,Silver
C01470,2026-04-16,Central,18-24,Social,Silver
C01471,2025-11-21,North,18-24,Social,Bronze
C01472,2025-05-24,East,55+,Paid Search,Bronze
C01473,2024-11-28,North,55+,Paid Search,Bronze
C01474,2026-06-13,North,25-34,Referral,Bronze
C01475,2025-02-06,North,35-44,Paid Search,Silver
C01476,2025-06-23,North,35-44,Organic,Bronze
C01477,2025-04-14,North,45-54,Email,Gold
C01478,2024-12-16,East,45-54,Email,Platinum
C01479,2025-04-30,West,25-34,Paid Search,Gold
C01480,2024-10-19,North,55+,Email,Silver
C01481,2024-07-02,East,18-24,Referral,Bronze
C01482,2025-01-28,East,18-24,Referral,Silver
C01483,2024-09-20,South,55+,Email,Silver
C01484,2025-04-29,South,18-24,Social,Platinum
C01485,2026-03-21,North,55+,Organic,Bronze
C01486,2024-10-27,North,25-34,Social,Bronze
C01487,2024-07-01,East,25-34,Referral,Platinum
C01488,2024-09-19,Central,18-24,Referral,Gold
C01489,2025-07-06,Central,55+,Email,Bronze
C01490,2025-01-17,Central,25-34,Referral,Silver
C01491,2025-06-22,East,18-24,Social,Bronze
C01492,2024-07-22,North,35-44,Organic,Silver
C01493,2025-02-28,South,18-24,Social,Bronze
C01494,2025-04-25,South,45-54,Paid Search,Bronze
C01495,2025-05-11,North,18-24,Referral,Bronze
C01496,2025-08-06,North,35-44,Email,Bronze
C01497,2026-01-21,East,25-34,Social,Bronze
C01498,2025-06-06,South,18-24,Paid Search,Bronze
C01499,2026-03-06,North,18-24,Organic,Bronze
C01500,2025-07-22,West,35-44,Organic,Silver
C01501,2025-01-06,South,25-34,Paid Search,Silver
C01502,2024-12-14,West,18-24,Paid Search,Silver
C01503,2025-02-21,South,18-24,Paid Search,Bronze
C01504,2025-09-09,East,55+,Referral,Bronze
C01505,2024-12-24,North,45-54,Email,Gold
C01506,2026-04-28,East,45-54,Social,Gold
C01507,2025-06-15,North,55+,Organic,Platinum
C01508,2026-03-22,North,18-24,Referral,Gold
C01509,2025-11-11,East,45-54,Email,Silver
C01510,2025-03-01,South,45-54,Social,Gold
C01511,2024-12-14,North,25-34,Social,Bronze
C01512,2025-12-25,Central,35-44,Social,Silver
C01513,2025-02-27,North,45-54,Referral,Gold
C01514,2024-12-27,East,45-54,Email,Silver
C01515,2026-05-10,East,25-34,Social,Bronze
C01516,2025-06-17,South,45-54,Email,Bronze
C01517,2024-08-05,East,45-54,Referral,Bronze
C01518,2025-06-26,North,18-24,Paid Search,Bronze
C01519,2025-06-01,West,35-44,Referral,Silver
C01520,2026-03-22,North,35-44,Email,Silver
C01521,2025-12-01,North,25-34,Organic,Bronze
C01522,2024-11-17,South,18-24,Referral,Silver
C01523,2024-10-18,Central,18-24,Email,Bronze
C01524,2025-09-14,West,45-54,Paid Search,Silver
C01525,2024-08-04,Central,55+,Paid Search,Bronze
C01526,2025-02-18,West,35-44,Referral,Bronze
C01527,2024-10-09,West,55+,Referral,Silver
C01528,2024-07-15,East,55+,Organic,Silver
C01529,2026-05-01,Central,45-54,Email,Silver
C01530,2024-09-04,East,35-44,Organic,Bronze
C01531,2024-07-07,South,55+,Paid Search,Silver
C01532,2026-05-12,West,45-54,Social,Bronze
C01533,2024-11-15,East,55+,Paid Search,Bronze
C01534,2026-02-16,North,55+,Social,Silver
C01535,2024-07-23,South,18-24,Social,Silver
C01536,2024-10-20,South,45-54,Social,Gold
C01537,2024-09-19,West,45-54,Referral,Bronze
C01538,2025-11-27,South,55+,Organic,Gold
C01539,2025-09-26,West,25-34,Email,Bronze
C01540,2025-06-12,East,55+,Paid Search,Silver
C01541,2024-12-24,West,35-44,Organic,Silver
C01542,2024-09-03,North,25-34,Social,Silver
C01543,2025-08-19,Central,18-24,Paid Search,Gold
C01544,2024-12-16,East,25-34,Organic,Silver
C01545,2025-09-04,South,55+,Social,Bronze
C01546,2025-11-14,South,45-54,Referral,Platinum
C01547,2026-03-12,South,45-54,Social,Gold
C01548,2025-06-26,South,55+,Email,Bronze
C01549,2024-07-04,West,25-34,Organic,Bronze
C01550,2025-01-21,Central,45-54,Organic,Bronze
C01551,2026-03-15,West,25-34,Paid Search,Gold
C01552,2025-07-24,East,55+,Email,Gold
C01553,2025-09-25,East,35-44,Referral,Gold
C01554,2025-05-30,West,55+,Organic,Bronze
C01555,2024-10-27,West,45-54,Social,Bronze
C01556,2026-04-15,South,45-54,Paid Search,Bronze
C01557,2026-01-15,Central,55+,Email,Bronze
C01558,2026-06-26,South,45-54,Paid Search,Bronze
C01559,2026-03-16,West,25-34,Social,Bronze
C01560,2025-01-29,Central,35-44,Referral,Bronze
C01561,2025-01-02,West,35-44,Social,Bronze
C01562,2024-12-29,North,18-24,Email,Silver
C01563,2026-05-01,East,35-44,Email,Bronze
C01564,2025-08-11,North,35-44,Social,Bronze
C01565,2025-05-28,West,25-34,Paid Search,Silver
C01566,2026-06-06,South,18-24,Referral,Gold
C01567,2025-09-13,West,35-44,Paid Search,Silver
C01568,2026-04-24,Central,35-44,Referral,Silver
C01569,2026-06-18,North,18-24,Referral,Silver
C01570,2024-08-27,South,45-54,Social,Silver
C01571,2025-03-21,West,18-24,Referral,Silver
C01572,2025-12-18,South,18-24,Email,Bronze
C01573,2026-02-13,North,35-44,Email,Silver
C01574,2024-10-17,North,25-34,Organic,Bronze
C01575,2025-02-18,South,55+,Organic,Bronze
C01576,2025-08-04,West,18-24,Organic,Bronze
C01577,2026-02-03,East,25-34,Organic,Bronze
C01578,2024-09-21,North,45-54,Referral,Bronze
C01579,2025-09-11,East,25-34,Organic,Silver
C01580,2025-02-02,South,55+,Organic,Bronze
C01581,2024-12-05,South,45-54,Referral,Bronze
C01582,2025-07-11,West,55+,Paid Search,Bronze
C01583,2025-04-28,South,55+,Referral,Bronze
C01584,2025-10-07,East,18-24,Referral,Silver
C01585,2025-02-17,Central,35-44,Social,Bronze
C01586,2026-02-21,East,45-54,Referral,Bronze
C01587,2024-08-26,East,18-24,Referral,Bronze
C01588,2026-03-21,North,35-44,Organic,Bronze
C01589,2024-07-22,North,45-54,Organic,Bronze
C01590,2025-12-19,North,45-54,Paid Search,Bronze
C01591,2025-03-10,West,35-44,Social,Silver
C01592,2025-04-06,West,55+,Email,Gold
C01593,2024-07-14,North,45-54,Organic,Silver
C01594,2025-11-24,North,18-24,Organic,Bronze
C01595,2024-10-29,South,25-34,Paid Search,Bronze
C01596,2025-10-24,East,55+,Paid Search,Silver
C01597,2025-12-11,East,18-24,Referral,Bronze
C01598,2026-03-09,West,18-24,Paid Search,Gold
C01599,2025-11-29,Central,25-34,Referral,Bronze
C01600,2025-02-05,South,55+,Organic,Bronze
C01601,2025-12-21,West,45-54,Organic,Bronze
C01602,2026-02-23,East,18-24,Referral,Gold
C01603,2025-02-17,South,25-34,Paid Search,Platinum
C01604,2024-09-29,Central,55+,Organic,Gold
C01605,2026-04-10,North,25-34,Social,Bronze
C01606,2024-10-16,West,35-44,Organic,Silver
C01607,2025-09-06,West,35-44,Organic,Bronze
C01608,2024-12-20,Central,45-54,Social,Bronze
C01609,2024-09-30,East,45-54,Social,Silver
C01610,2026-01-18,South,55+,Social,Gold
C01611,2024-10-13,West,18-24,Social,Bronze
C01612,2025-11-01,West,35-44,Organic,Bronze
C01613,2025-11-18,East,45-54,Paid Search,Bronze
C01614,2024-08-13,West,35-44,Paid Search,Bronze
C01615,2024-11-04,South,45-54,Paid Search,Bronze
C01616,2026-01-31,East,45-54,Social,Gold
C01617,2025-07-05,West,25-34,Paid Search,Bronze
C01618,2024-09-27,South,18-24,Email,Silver
C01619,2026-06-24,East,55+,Referral,Bronze
C01620,2025-01-10,Central,55+,Email,Bronze
C01621,2024-07-03,West,55+,Paid Search,Bronze
C01622,2026-05-05,Central,25-34,Social,Bronze
C01623,2024-07-13,South,25-34,Social,Bronze
C01624,2025-08-08,Central,25-34,Email,Silver
C01625,2026-06-24,North,18-24,Paid Search,Gold
C01626,2025-08-26,East,18-24,Organic,Bronze
C01627,2025-08-31,East,25-34,Email,Silver
C01628,2025-04-09,West,55+,Email,Gold
C01629,2024-10-01,Central,25-34,Organic,Bronze
C01630,2025-08-22,West,35-44,Email,Gold
C01631,2026-04-16,East,35-44,Organic,Gold
C01632,2024-09-05,East,25-34,Email,Gold
C01633,2026-04-03,East,55+,Email,Silver
C01634,2025-04-29,East,18-24,Organic,Silver
C01635,2025-07-26,North,55+,Email,Bronze
C01636,2024-10-29,East,45-54,Organic,Silver
C01637,2025-09-27,West,25-34,Paid Search,Platinum
C01638,2024-11-10,West,45-54,Email,Bronze
C01639,2025-01-16,West,35-44,Paid Search,Silver
C01640,2025-12-09,South,55+,Referral,Bronze
C01641,2024-08-06,East,18-24,Referral,Bronze
C01642,2025-05-22,North,18-24,Referral,Silver
C01643,2025-09-07,South,35-44,Organic,Silver
C01644,2024-10-05,East,55+,Organic,Silver
C01645,2025-01-31,South,18-24,Organic,Gold
C01646,2025-03-08,North,45-54,Social,Bronze
C01647,2025-10-27,West,55+,Social,Gold
C01648,2026-06-13,East,35-44,Email,Silver
C01649,2026-03-02,South,55+,Paid Search,Silver
C01650,2024-11-16,South,45-54,Organic,Bronze
C01651,2024-07-14,East,25-34,Email,Bronze
C01652,2024-08-07,East,55+,Email,Gold
C01653,2025-09-08,East,45-54,Email,Bronze
C01654,2024-10-22,East,18-24,Paid Search,Bronze
C01655,2024-12-16,North,35-44,Social,Silver
C01656,2026-03-10,Central,45-54,Referral,Silver
C01657,2026-03-30,North,55+,Email,Gold
C01658,2026-03-04,East,45-54,Referral,Silver
C01659,2025-01-01,North,35-44,Social,Gold
C01660,2025-09-25,East,25-34,Organic,Bronze
C01661,2025-09-19,South,18-24,Email,Silver
C01662,2024-11-13,West,18-24,Social,Gold
C01663,2025-08-08,South,45-54,Organic,Silver
C01664,2025-07-18,West,55+,Organic,Bronze
C01665,2025-04-15,South,18-24,Paid Search,Bronze
C01666,2025-12-30,North,45-54,Organic,Silver
C01667,2025-11-06,South,35-44,Email,Silver
C01668,2025-07-24,East,18-24,Email,Bronze
C01669,2025-12-12,East,25-34,Paid Search,Silver
C01670,2026-01-08,Central,25-34,Organic,Gold
C01671,2025-08-18,West,45-54,Organic,Bronze
C01672,2025-01-12,Central,25-34,Referral,Silver
C01673,2026-01-04,South,55+,Paid Search,Silver
C01674,2025-12-06,West,25-34,Organic,Bronze
C01675,2026-06-17,East,18-24,Email,Bronze
C01676,2024-10-18,East,18-24,Referral,Bronze
C01677,2025-05-02,Central,35-44,Organic,Silver
C01678,2026-05-05,West,35-44,Referral,Bronze
C01679,2025-07-11,Central,45-54,Email,Bronze
C01680,2026-05-19,West,35-44,Paid Search,Bronze
C01681,2024-07-10,North,18-24,Email,Gold
C01682,2024-07-26,West,25-34,Social,Silver
C01683,2026-02-01,East,35-44,Email,Bronze
C01684,2025-03-19,Central,25-34,Organic,Gold
C01685,2025-07-15,West,45-54,Paid Search,Bronze
C01686,2025-05-09,North,55+,Email,Bronze
C01687,2025-04-24,North,25-34,Referral,Bronze
C01688,2026-05-16,North,35-44,Organic,Silver
C01689,2024-09-07,East,55+,Paid Search,Gold
C01690,2026-01-14,North,25-34,Email,Bronze
C01691,2026-04-10,West,35-44,Referral,Silver
C01692,2025-10-23,East,25-34,Email,Silver
C01693,2025-04-14,West,45-54,Email,Gold
C01694,2024-10-25,South,45-54,Paid Search,Gold
C01695,2025-11-10,East,18-24,Organic,Silver
C01696,2025-06-07,North,18-24,Email,Bronze
C01697,2024-10-17,Central,18-24,Email,Bronze
C01698,2025-03-20,North,18-24,Social,Gold
C01699,2026-06-01,North,18-24,Social,Silver
C01700,2025-01-10,North,45-54,Paid Search,Bronze
C01701,2024-11-08,West,55+,Social,Gold
C01702,2025-11-10,North,35-44,Paid Search,Gold
C01703,2024-11-23,East,55+,Social,Silver
C01704,2026-05-02,West,45-54,Organic,Gold
C01705,2026-03-19,West,55+,Email,Bronze
C01706,2026-06-17,North,45-54,Paid Search,Silver
C01707,2026-04-27,North,18-24,Email,Gold
C01708,2024-12-25,East,35-44,Social,Bronze
C01709,2024-12-02,North,35-44,Referral,Bronze
C01710,2025-03-07,West,45-54,Paid Search,Silver
C01711,2025-06-08,South,45-54,Paid Search,Bronze
C01712,2026-04-03,East,18-24,Paid Search,Bronze
C01713,2025-12-17,North,45-54,Email,Bronze
C01714,2025-10-13,East,55+,Organic,Bronze
C01715,2026-04-02,North,18-24,Email,Bronze
C01716,2025-10-14,West,35-44,Referral,Gold
C01717,2025-04-03,North,55+,Email,Silver
C01718,2025-04-28,Central,18-24,Organic,Silver
C01719,2025-07-12,West,18-24,Social,Bronze
C01720,2024-09-03,North,55+,Social,Bronze
C01721,2025-12-23,North,18-24,Paid Search,Bronze
C01722,2025-10-19,South,45-54,Social,Gold
C01723,2025-12-15,North,55+,Email,Gold
C01724,2025-07-25,North,35-44,Referral,Bronze
C01725,2026-01-22,West,35-44,Paid Search,Platinum
C01726,2026-05-24,East,35-44,Paid Search,Bronze
C01727,2025-08-20,North,25-34,Paid Search,Bronze
C01728,2025-05-20,East,25-34,Social,Silver
C01729,2024-09-15,South,35-44,Social,Bronze
C01730,2026-01-19,Central,55+,Email,Gold
C01731,2026-04-20,North,55+,Paid Search,Bronze
C01732,2025-11-22,West,55+,Paid Search,Silver
C01733,2026-03-24,West,18-24,Organic,Bronze
C01734,2026-03-20,North,25-34,Organic,Bronze
C01735,2026-02-02,North,45-54,Organic,Bronze
C01736,2025-07-02,South,35-44,Paid Search,Gold
C01737,2024-09-11,West,25-34,Email,Silver
C01738,2024-07-03,East,25-34,Email,Silver
C01739,2024-11-27,West,18-24,Referral,Bronze
C01740,2025-05-11,West,25-34,Social,Bronze
C01741,2025-12-25,West,35-44,Social,Bronze
C01742,2025-05-29,East,35-44,Referral,Silver
C01743,2024-07-17,East,35-44,Organic,Bronze
C01744,2024-12-01,West,25-34,Email,Bronze
C01745,2026-06-14,South,25-34,Referral,Silver
C01746,2026-06-21,West,55+,Social,Silver
C01747,2025-04-01,North,35-44,Paid Search,Bronze
C01748,2026-02-07,North,25-34,Email,Bronze
C01749,2025-12-07,West,45-54,Referral,Bronze
C01750,2026-05-10,South,35-44,Paid Search,Silver
C01751,2026-04-09,North,35-44,Social,Bronze
C01752,2025-10-02,North,25-34,Organic,Silver
C01753,2025-04-14,East,45-54,Paid Search,Bronze
C01754,2025-09-30,West,18-24,Email,Gold
C01755,2025-02-18,North,55+,Social,Gold
C01756,2025-03-11,North,35-44,Organic,Bronze
C01757,2025-09-17,East,35-44,Paid Search,Bronze
C01758,2025-08-21,Central,25-34,Organic,Bronze
C01759,2025-08-28,South,35-44,Email,Gold
C01760,2025-04-07,Central,45-54,Referral,Bronze
C01761,2025-04-25,Central,35-44,Organic,Silver
C01762,2024-07-08,South,18-24,Paid Search,Bronze
C01763,2025-09-12,West,35-44,Referral,Bronze
C01764,2025-08-24,West,25-34,Referral,Silver
C01765,2026-05-13,East,18-24,Email,Silver
C01766,2025-07-03,East,55+,Email,Gold
C01767,2025-06-06,West,25-34,Referral,Gold
C01768,2024-08-19,West,35-44,Paid Search,Silver
C01769,2024-11-21,West,18-24,Referral,Bronze
C01770,2025-03-04,Central,25-34,Referral,Gold
C01771,2025-04-01,East,25-34,Paid Search,Silver
C01772,2025-03-22,West,18-24,Organic,Gold
C01773,2025-04-14,West,55+,Social,Platinum
C01774,2026-01-12,North,25-34,Email,Bronze
C01775,2024-10-04,North,35-44,Referral,Silver
C01776,2025-02-28,South,35-44,Organic,Silver
C01777,2024-10-27,West,35-44,Paid Search,Bronze
C01778,2025-02-10,South,35-44,Email,Silver
C01779,2025-11-12,West,35-44,Organic,Bronze
C01780,2024-08-04,North,18-24,Email,Bronze
C01781,2025-03-05,South,45-54,Paid Search,Bronze
C01782,2024-07-18,East,18-24,Organic,Silver
C01783,2026-05-28,North,35-44,Paid Search,Silver
C01784,2025-12-13,Central,25-34,Email,Bronze
C01785,2024-12-25,North,35-44,Referral,Bronze
C01786,2024-11-22,Central,18-24,Organic,Silver
C01787,2024-09-11,North,45-54,Social,Bronze
C01788,2025-06-10,Central,35-44,Paid Search,Bronze
C01789,2026-01-01,East,18-24,Email,Bronze
C01790,2025-08-30,North,18-24,Email,Gold
C01791,2026-04-04,North,35-44,Referral,Bronze
C01792,2025-03-08,North,45-54,Paid Search,Silver
C01793,2025-01-19,East,35-44,Paid Search,Gold
C01794,2025-06-14,West,45-54,Paid Search,Bronze
C01795,2024-11-25,South,45-54,Email,Gold
C01796,2026-06-12,East,55+,Social,Bronze
C01797,2024-11-13,East,55+,Organic,Bronze
C01798,2025-06-15,East,55+,Referral,Bronze
C01799,2025-07-16,West,45-54,Organic,Silver
C01800,2024-08-11,East,35-44,Referral,Gold
C01801,2025-06-07,West,35-44,Organic,Silver
C01802,2025-05-28,Central,45-54,Social,Silver
C01803,2025-01-06,South,18-24,Paid Search,Bronze
C01804,2024-10-02,North,45-54,Email,Gold
C01805,2024-08-02,North,35-44,Social,Bronze
C01806,2024-07-07,East,35-44,Paid Search,Bronze
C01807,2025-06-17,South,55+,Social,Platinum
C01808,2024-09-04,Central,45-54,Referral,Bronze
C01809,2026-05-31,East,55+,Paid Search,Bronze
C01810,2024-12-26,East,55+,Paid Search,Bronze
C01811,2025-10-19,West,55+,Organic,Bronze
C01812,2025-11-03,South,25-34,Email,Silver
C01813,2025-06-27,West,18-24,Email,Bronze
C01814,2026-04-06,North,25-34,Email,Gold
C01815,2024-09-19,East,45-54,Organic,Bronze
C01816,2024-12-18,Central,55+,Email,Silver
C01817,2025-01-01,West,55+,Referral,Silver
C01818,2024-10-07,West,45-54,Referral,Silver
C01819,2025-01-31,South,45-54,Referral,Bronze
C01820,2025-02-13,West,55+,Paid Search,Silver
C01821,2026-01-09,East,45-54,Email,Silver
C01822,2025-02-05,East,18-24,Social,Gold
C01823,2026-04-01,North,35-44,Social,Bronze
C01824,2026-01-15,North,25-34,Paid Search,Bronze
C01825,2026-04-19,East,45-54,Email,Silver
C01826,2024-09-15,North,45-54,Referral,Bronze
C01827,2026-06-18,West,25-34,Email,Bronze
C01828,2025-09-21,West,25-34,Referral,Gold
C01829,2026-06-17,Central,18-24,Referral,Bronze
C01830,2025-03-16,North,25-34,Organic,Bronze
C01831,2026-05-26,Central,55+,Referral,Silver
C01832,2025-09-03,North,45-54,Referral,Bronze
C01833,2024-08-22,East,55+,Social,Bronze
C01834,2025-04-25,West,55+,Email,Bronze
C01835,2024-10-09,North,55+,Email,Bronze
C01836,2026-05-18,North,18-24,Email,Bronze
C01837,2025-02-07,North,25-34,Referral,Silver
C01838,2024-12-10,East,18-24,Organic,Bronze
C01839,2025-08-08,West,18-24,Organic,Bronze
C01840,2025-05-06,North,25-34,Paid Search,Silver
C01841,2024-09-09,North,25-34,Social,Bronze
C01842,2026-02-16,East,18-24,Referral,Bronze
C01843,2026-03-09,South,55+,Email,Bronze
C01844,2025-12-24,West,35-44,Organic,Bronze
C01845,2025-09-23,Central,45-54,Email,Bronze
C01846,2025-04-20,West,45-54,Social,Bronze
C01847,2025-07-31,West,55+,Paid Search,Gold
C01848,2025-07-15,East,18-24,Email,Platinum
C01849,2024-10-29,West,25-34,Paid Search,Gold
C01850,2024-08-29,North,25-34,Email,Bronze
C01851,2025-01-01,North,35-44,Organic,Silver
C01852,2025-05-28,West,35-44,Paid Search,Silver
C01853,2024-10-25,North,45-54,Social,Bronze
C01854,2024-09-16,Central,35-44,Email,Gold
C01855,2026-03-14,West,25-34,Referral,Silver
C01856,2025-03-31,Central,35-44,Paid Search,Bronze
C01857,2025-08-30,South,55+,Referral,Gold
C01858,2025-07-18,East,35-44,Referral,Bronze
C01859,2025-12-18,West,,Paid Search,Bronze
C01860,2025-12-22,South,18-24,Organic,Bronze
C01861,2025-02-01,East,18-24,Paid Search,Bronze
C01862,2026-03-11,West,25-34,Email,Gold
C01863,2025-03-28,Central,18-24,Email,Silver
C01864,2026-03-01,West,35-44,Email,Bronze
C01865,2025-04-22,North,55+,Email,Silver
C01866,2024-09-19,East,35-44,Organic,Gold
C01867,2026-01-06,East,45-54,Social,Gold
C01868,2024-07-22,North,55+,Referral,Gold
C01869,2026-01-15,East,45-54,Paid Search,Gold
C01870,2024-08-01,South,45-54,Referral,Silver
C01871,2024-11-28,North,45-54,Organic,Bronze
C01872,2025-09-13,East,25-34,Referral,Gold
C01873,2026-05-18,North,35-44,Email,Bronze
C01874,2025-04-24,East,25-34,Email,Bronze
C01875,2024-09-26,North,45-54,Email,Bronze
C01876,2024-12-17,West,35-44,Referral,Bronze
C01877,2026-04-15,North,55+,Paid Search,Silver
C01878,2025-12-12,Central,18-24,Organic,Gold
C01879,2024-09-12,North,18-24,Referral,Bronze
C01880,2025-04-07,East,45-54,Organic,Silver
C01881,2025-01-09,South,45-54,Email,Bronze
C01882,2024-11-07,North,45-54,Paid Search,Silver
C01883,2026-03-10,East,25-34,Referral,Bronze
C01884,2025-09-24,West,18-24,Referral,Bronze
C01885,2024-11-08,Central,25-34,Social,Silver
C01886,2025-10-18,South,35-44,Social,Bronze
C01887,2025-04-28,North,35-44,Social,Bronze
C01888,2024-08-14,West,55+,Social,Bronze
C01889,2025-05-24,East,55+,Referral,Bronze
C01890,2024-11-13,North,45-54,Paid Search,Silver
C01891,2024-12-26,West,18-24,Referral,Bronze
C01892,2026-04-02,East,18-24,Email,Bronze
C01893,2025-11-30,West,35-44,Referral,Gold
C01894,2024-10-06,South,45-54,Email,Silver
C01895,2026-03-13,East,45-54,Referral,Bronze
C01896,2025-08-23,North,25-34,Social,Silver
C01897,2026-03-30,West,18-24,Social,Bronze
C01898,2025-12-27,North,25-34,Paid Search,Bronze
C01899,2025-03-05,West,45-54,Paid Search,Silver
C01900,2025-07-25,West,55+,Organic,Bronze
C01901,2025-07-22,West,55+,Paid Search,Bronze
C01902,2025-12-07,North,35-44,Referral,Gold
C01903,2024-12-29,South,18-24,Referral,Silver
C01904,2025-02-28,East,55+,Email,Gold
C01905,2024-12-26,East,18-24,Paid Search,Gold
C01906,2025-02-01,Central,25-34,Social,Bronze
C01907,2024-10-26,South,55+,Email,Silver
C01908,2024-07-27,West,35-44,Organic,Bronze
C01909,2026-05-17,North,18-24,Referral,Silver
C01910,2024-08-24,South,35-44,Referral,Bronze
C01911,2026-04-09,North,18-24,Referral,Bronze
C01912,2024-07-03,West,25-34,Organic,Bronze
C01913,2026-01-18,North,55+,Referral,Silver
C01914,2025-02-25,South,25-34,Email,Bronze
C01915,2025-07-13,West,55+,Social,Silver
C01916,2025-01-22,East,35-44,Organic,Gold
C01917,2025-06-23,North,45-54,Social,Silver
C01918,2025-05-26,North,45-54,Paid Search,Bronze
C01919,2025-07-22,East,35-44,Referral,Bronze
C01920,2025-04-13,South,18-24,Paid Search,Gold
C01921,2025-07-27,North,55+,Paid Search,Silver
C01922,2026-02-22,East,35-44,Referral,Bronze
C01923,2025-05-13,North,45-54,Organic,Gold
C01924,2025-03-21,East,35-44,Referral,Bronze
C01925,2024-10-05,South,45-54,Referral,Bronze
C01926,2025-03-20,North,25-34,Paid Search,Bronze
C01927,2024-09-30,North,55+,Email,Bronze
C01928,2024-11-11,South,25-34,Email,Bronze
C01929,2026-05-26,North,45-54,Social,Silver
C01930,2024-09-04,South,35-44,Email,Bronze
C01931,2025-06-17,Central,35-44,Organic,Silver
C01932,2026-03-01,West,18-24,Social,Silver
C01933,2026-05-26,South,25-34,Social,Gold
C01934,2024-10-15,East,18-24,Social,Bronze
C01935,2024-10-28,East,35-44,Referral,Silver
C01936,2025-03-29,West,45-54,Referral,Bronze
C01937,2025-08-09,South,35-44,Email,Silver
C01938,2026-05-31,South,45-54,Social,Bronze
C01939,2024-11-29,South,25-34,Social,Silver
C01940,2024-10-28,North,25-34,Organic,Bronze
C01941,2025-01-01,South,35-44,Social,Silver
C01942,2026-03-30,West,25-34,Paid Search,Bronze
C01943,2024-07-22,Central,55+,Referral,Bronze
C01944,2025-04-04,North,55+,Email,Silver
C01945,2024-09-25,East,35-44,Referral,Bronze
C01946,2024-10-23,South,45-54,Referral,Silver
C01947,2026-04-30,East,18-24,Social,Silver
C01948,2024-07-02,East,18-24,Social,Silver
C01949,2025-02-20,North,25-34,Email,Silver
C01950,2026-04-29,West,25-34,Social,Silver
C01951,2025-09-17,Central,25-34,Paid Search,Gold
C01952,2024-08-22,West,35-44,Email,Bronze
C01953,2025-06-04,West,,Social,Silver
C01954,2026-06-08,East,35-44,Referral,Silver
C01955,2025-04-18,South,35-44,Paid Search,Bronze
C01956,2025-07-21,North,18-24,Social,Bronze
C01957,2025-07-23,East,25-34,Social,Bronze
C01958,2025-10-25,North,55+,Referral,Silver
C01959,2024-11-14,West,55+,Social,Bronze
C01960,2026-03-05,East,18-24,Organic,Silver
C01961,2026-06-21,South,18-24,Paid Search,Silver
C01962,2024-10-12,South,55+,Referral,Silver
C01963,2026-02-17,Central,18-24,Paid Search,Bronze
C01964,2026-02-16,North,35-44,Paid Search,Silver
C01965,2025-12-23,North,55+,Organic,Silver
C01966,2025-03-28,North,45-54,Email,Bronze
C01967,2025-06-07,West,35-44,Organic,Bronze
C01968,2026-03-04,Central,25-34,Paid Search,Bronze
C01969,2024-10-20,South,45-54,Email,Gold
C01970,2026-02-25,Central,45-54,Referral,Bronze
C01971,2026-05-03,South,55+,Paid Search,Bronze
C01972,2025-11-10,West,35-44,Paid Search,Bronze
C01973,2025-03-06,North,55+,Organic,Bronze
C01974,2025-08-12,East,45-54,Social,Bronze
C01975,2024-08-06,West,18-24,Referral,Silver
C01976,2026-05-11,East,25-34,Paid Search,Bronze
C01977,2025-03-07,South,45-54,Paid Search,Gold
C01978,2024-08-11,West,18-24,Paid Search,Bronze
C01979,2026-01-31,Central,45-54,Referral,Bronze
C01980,2025-10-23,East,25-34,Social,Silver
C01981,2025-09-27,West,25-34,Email,Silver
C01982,2024-08-09,West,35-44,Email,Gold
C01983,2025-12-30,South,55+,Email,Bronze
C01984,2025-10-08,West,55+,Social,Bronze
C01985,2026-01-30,South,35-44,Social,Silver
C01986,2026-02-24,West,18-24,Social,Bronze
C01987,2024-12-02,North,55+,Organic,Silver
C01988,2024-12-01,South,55+,Social,Bronze
C01989,2026-05-05,East,45-54,Referral,Bronze
C01990,2025-07-23,East,45-54,Organic,Silver
C01991,2025-05-16,West,35-44,Referral,Silver
C01992,2025-01-26,Central,18-24,Social,Gold
C01993,2025-10-09,North,18-24,Paid Search,Gold
C01994,2026-01-01,South,18-24,Organic,Bronze
C01995,2024-07-02,South,55+,Email,Silver
C01996,2025-08-07,East,18-24,Organic,Platinum
C01997,2026-06-25,East,35-44,Social,Bronze
C01998,2025-01-21,West,25-34,Organic,Bronze
C01999,2025-01-21,West,18-24,Referral,Gold
C02000,2026-04-02,North,55+,Organic,Bronze
C02001,2024-08-15,East,18-24,Referral,Gold
C02002,2025-04-16,East,55+,Social,Bronze
C02003,2025-05-31,East,45-54,Organic,Gold
C02004,2026-02-02,North,45-54,Email,Silver
C02005,2024-10-03,South,18-24,Referral,Silver
C02006,2025-05-13,South,55+,Paid Search,Silver
C02007,2024-10-20,North,35-44,Referral,Bronze
C02008,2026-01-26,West,35-44,Email,Silver
C02009,2025-10-04,South,45-54,Email,Gold
C02010,2025-06-28,East,25-34,Paid Search,Gold
C02011,2025-04-13,East,25-34,Organic,Gold
C02012,2024-10-20,West,25-34,Social,Silver
C02013,2026-05-04,North,35-44,Referral,Silver
C02014,2025-10-16,North,45-54,Social,Silver
C02015,2025-02-18,South,25-34,Email,Silver
C02016,2025-04-28,East,25-34,Email,Silver
C02017,2025-12-12,South,55+,Paid Search,Bronze
C02018,2025-12-07,West,35-44,Organic,Bronze
C02019,2025-06-02,South,55+,Referral,Silver
C02020,2025-02-06,North,25-34,Email,Bronze
C02021,2025-10-25,South,25-34,Social,Bronze
C02022,2025-10-23,West,25-34,Social,Bronze
C02023,2025-09-11,West,35-44,Referral,Silver
C02024,2024-08-23,West,45-54,Email,Gold
C02025,2025-06-10,East,35-44,Email,Silver
C02026,2025-09-21,West,25-34,Email,Gold
C02027,2026-05-24,West,55+,Paid Search,Gold
C02028,2025-07-19,South,35-44,Email,Bronze
C02029,2025-03-07,East,25-34,Referral,Bronze
C02030,2025-08-10,West,18-24,Paid Search,Bronze
C02031,2024-11-07,South,35-44,Social,Bronze
C02032,2024-09-05,West,45-54,Email,Silver
C02033,2025-11-07,East,55+,Social,Bronze
C02034,2026-06-19,East,25-34,Referral,Gold
C02035,2026-03-09,North,18-24,Social,Silver
C02036,2025-08-30,West,55+,Paid Search,Bronze
C02037,2024-07-30,West,35-44,Organic,Platinum
C02038,2026-06-21,North,18-24,Referral,Gold
C02039,2025-05-24,South,18-24,Email,Silver
C02040,2025-01-28,North,35-44,Social,Silver
C02041,2026-04-12,North,45-54,Social,Platinum
C02042,2025-12-27,Central,25-34,Social,Silver
C02043,2025-12-29,East,25-34,Referral,Gold
C02044,2025-01-19,South,45-54,Email,Bronze
C02045,2026-06-24,South,55+,Referral,Silver
C02046,2025-05-27,Central,35-44,Referral,Bronze
C02047,2025-07-23,South,35-44,Email,Bronze
C02048,2025-12-30,West,25-34,Social,Bronze
C02049,2025-10-25,South,18-24,Paid Search,Bronze
C02050,2024-11-03,North,18-24,Email,Bronze
C02051,2025-02-06,West,55+,Email,Bronze
C02052,2025-03-21,North,18-24,Social,Bronze
C02053,2026-05-22,West,55+,Organic,Silver
C02054,2025-12-03,South,25-34,Referral,Silver
C02055,2025-03-25,West,45-54,Referral,Silver
C02056,2025-12-18,West,55+,Paid Search,Bronze
C02057,2025-12-21,West,45-54,Social,Gold
C02058,2025-04-14,North,45-54,Organic,Bronze
C02059,2025-04-20,West,25-34,Referral,Bronze
C02060,2026-04-13,Central,35-44,Paid Search,Bronze
C02061,2025-08-14,South,45-54,Paid Search,Gold
C02062,2024-10-17,South,35-44,Social,Platinum
C02063,2025-12-07,West,18-24,Paid Search,Silver
C02064,2025-09-03,North,55+,Email,Silver
C02065,2025-07-07,West,18-24,Referral,Bronze
C02066,2025-12-11,West,55+,Referral,Silver
C02067,2026-04-23,North,55+,Social,Bronze
C02068,2025-02-26,East,18-24,Organic,Bronze
C02069,2025-05-02,East,45-54,Referral,Platinum
C02070,2024-11-16,South,45-54,Paid Search,Platinum
C02071,2025-10-15,West,25-34,Referral,Bronze
C02072,2025-04-20,North,55+,Paid Search,Bronze
C02073,2025-03-07,South,18-24,Social,Bronze
C02074,2025-11-20,West,25-34,Social,Bronze
C02075,2025-04-24,North,55+,Social,Bronze
C02076,2025-06-04,West,45-54,Organic,Silver
C02077,2025-05-17,North,18-24,Social,Bronze
C02078,2025-01-05,East,18-24,Social,Bronze
C02079,2024-09-30,North,25-34,Referral,Bronze
C02080,2026-02-24,West,18-24,Social,Silver
C02081,2024-09-05,West,18-24,Referral,Bronze
C02082,2025-02-22,West,35-44,Paid Search,Bronze
C02083,2025-10-30,Central,18-24,Paid Search,Silver
C02084,2024-10-04,West,25-34,Organic,Silver
C02085,2025-10-21,West,25-34,Email,Bronze
C02086,2025-12-17,East,55+,Organic,Silver
C02087,2025-10-27,Central,55+,Paid Search,Bronze
C02088,2025-02-08,West,55+,Referral,Silver
C02089,2024-07-15,Central,25-34,Email,Bronze
C02090,2026-04-08,South,35-44,Social,Gold
C02091,2025-02-24,East,35-44,Referral,Platinum
C02092,2026-02-07,West,55+,Email,Silver
C02093,2024-11-22,North,45-54,Referral,Gold
C02094,2024-10-27,North,55+,Email,Bronze
C02095,2026-01-19,Central,35-44,Social,Silver
C02096,2026-05-17,East,55+,Organic,Bronze
C02097,2026-03-20,North,45-54,Paid Search,Bronze
C02098,2025-12-30,South,45-54,Email,Bronze
C02099,2024-12-27,South,45-54,Paid Search,Silver
C02100,2026-04-27,East,25-34,Email,Silver
C02101,2025-10-30,Central,45-54,Organic,Gold
C02102,2024-11-03,Central,25-34,Organic,Silver
C02103,2024-10-03,West,45-54,Paid Search,Gold
C02104,2026-03-28,West,25-34,Paid Search,Gold
C02105,2025-01-17,South,45-54,Referral,Gold
C02106,2026-01-10,West,35-44,Paid Search,Bronze
C02107,2024-10-10,North,45-54,Social,Bronze
C02108,2025-01-21,North,25-34,Social,Silver
C02109,2025-01-23,Central,45-54,Paid Search,Platinum
C02110,2025-01-21,West,55+,Referral,Bronze
C02111,2025-11-04,South,18-24,Email,Bronze
C02112,2026-04-28,West,25-34,Organic,Bronze
C02113,2026-04-25,East,45-54,Paid Search,Bronze
C02114,2025-12-23,South,55+,Organic,Silver
C02115,2024-11-25,South,45-54,Paid Search,Bronze
C02116,2026-06-01,North,35-44,Email,Bronze
C02117,2025-07-31,East,25-34,Referral,Silver
C02118,2025-08-03,East,55+,Social,Bronze
C02119,2025-11-24,East,55+,Organic,Bronze
C02120,2026-01-12,North,55+,Organic,Silver
C02121,2026-05-26,Central,25-34,Social,Bronze
C02122,2025-08-29,West,35-44,Paid Search,Platinum
C02123,2025-09-18,Central,25-34,Social,Silver
C02124,2025-12-26,North,55+,Organic,Platinum
C02125,2025-01-02,East,55+,Paid Search,Bronze
C02126,2025-02-10,West,18-24,Social,Silver
C02127,2025-09-29,South,25-34,Paid Search,Silver
C02128,2024-08-16,North,35-44,Paid Search,Silver
C02129,2025-02-19,South,35-44,Paid Search,Bronze
C02130,2025-12-06,South,35-44,Organic,Bronze
C02131,2026-06-12,East,25-34,Paid Search,Bronze
C02132,2025-07-14,South,45-54,Paid Search,Gold
C02133,2025-04-18,South,55+,Referral,Silver
C02134,2025-05-18,West,55+,Referral,Bronze
C02135,2025-11-12,North,35-44,Social,Silver
C02136,2025-08-01,South,55+,Paid Search,Silver
C02137,2024-07-17,West,45-54,Social,Silver
C02138,2025-07-29,North,18-24,Email,Bronze
C02139,2025-04-18,North,45-54,Paid Search,Gold
C02140,2025-11-23,North,25-34,Email,Silver
C02141,2026-03-30,North,45-54,Referral,Silver
C02142,2026-06-02,East,45-54,Social,Silver
C02143,2025-09-18,North,55+,Organic,Silver
C02144,2025-03-22,South,55+,Organic,Bronze
C02145,2025-05-20,Central,55+,Referral,Gold
C02146,2024-11-06,Central,35-44,Social,Bronze
C02147,2026-05-14,North,35-44,Paid Search,Gold
C02148,2026-03-10,South,35-44,Email,Gold
C02149,2026-03-15,East,55+,Referral,Silver
C02150,2025-02-25,West,25-34,Social,Silver
C02151,2025-02-20,West,35-44,Paid Search,Bronze
C02152,2026-03-17,North,45-54,Referral,Bronze
C02153,2025-08-01,North,18-24,Organic,Silver
C02154,2025-11-26,South,45-54,Referral,Bronze
C02155,2025-06-23,West,25-34,Social,Bronze
C02156,2025-05-19,Central,25-34,Organic,Platinum
C02157,2025-10-04,North,45-54,Paid Search,Bronze
C02158,2026-02-13,East,18-24,Email,Bronze
C02159,2025-03-01,North,18-24,Email,Bronze
C02160,2026-02-10,West,35-44,Organic,Silver
C02161,2024-12-26,Central,35-44,Email,Bronze
C02162,2025-04-20,East,18-24,Referral,Silver
C02163,2026-04-27,North,25-34,Email,Bronze
C02164,2026-05-27,East,25-34,Email,Bronze
C02165,2026-05-05,South,35-44,Organic,Bronze
C02166,2025-02-16,West,25-34,Email,Bronze
C02167,2026-03-07,South,18-24,Email,Silver
C02168,2026-05-14,West,35-44,Organic,Bronze
C02169,2026-06-14,South,55+,Paid Search,Bronze
C02170,2024-07-16,North,35-44,Referral,Bronze
C02171,2025-12-26,South,25-34,Referral,Bronze
C02172,2026-06-27,North,35-44,Organic,Bronze
C02173,2026-01-09,South,18-24,Email,Bronze
C02174,2024-12-17,West,25-34,Social,Gold
C02175,2026-01-07,North,35-44,Social,Bronze
C02176,2024-09-15,North,35-44,Social,Silver
C02177,2025-06-16,North,35-44,Referral,Silver
C02178,2025-09-30,North,55+,Social,Bronze
C02179,2025-05-29,West,45-54,Social,Silver
C02180,2025-11-23,Central,18-24,Email,Gold
C02181,2024-12-23,North,35-44,Social,Silver
C02182,2025-09-15,West,35-44,Referral,Gold
C02183,2025-10-14,West,18-24,Paid Search,Silver
C02184,2025-10-06,Central,25-34,Referral,Bronze
C02185,2025-01-27,South,55+,Email,Gold
C02186,2025-02-08,South,25-34,Referral,Bronze
C02187,2025-01-04,East,,Paid Search,Silver
C02188,2025-06-02,West,25-34,Social,Silver
C02189,2025-09-01,West,18-24,Organic,Gold
C02190,2025-03-22,East,25-34,Referral,Gold
C02191,2025-04-25,South,45-54,Referral,Bronze
C02192,2025-01-25,West,55+,Paid Search,Silver
C02193,2024-12-07,West,45-54,Organic,Bronze
C02194,2025-10-23,South,,Email,Silver
C02195,2026-02-15,West,45-54,Email,Silver
C02196,2025-01-28,South,45-54,Social,Bronze
C02197,2026-03-20,East,35-44,Organic,Gold
C02198,2025-08-21,East,18-24,Referral,Bronze
C02199,2024-10-31,West,35-44,Social,Bronze
C02200,2025-03-24,Central,55+,Email,Platinum
C02201,2024-07-06,East,35-44,Referral,Silver
C02202,2024-07-29,South,,Social,Silver
C02203,2025-03-03,South,18-24,Organic,Bronze
C02204,2025-05-28,North,25-34,Referral,Bronze
C02205,2026-02-02,South,25-34,Email,Bronze
C02206,2024-10-06,North,25-34,Referral,Bronze
C02207,2026-03-04,East,55+,Email,Bronze
C02208,2024-12-18,North,35-44,Referral,Bronze
C02209,2024-10-09,South,45-54,Referral,Silver
C02210,2025-11-23,West,45-54,Paid Search,Bronze
C02211,2026-01-16,South,35-44,Organic,Silver
C02212,2025-09-14,East,55+,Organic,Gold
C02213,2024-09-23,Central,25-34,Email,Bronze
C02214,2024-09-23,East,18-24,Paid Search,Silver
C02215,2025-04-11,North,45-54,Social,Bronze
C02216,2025-05-25,South,45-54,Email,Bronze
C02217,2026-06-28,East,25-34,Social,Silver
C02218,2025-01-25,East,55+,Organic,Bronze
C02219,2024-11-18,North,18-24,Paid Search,Bronze
C02220,2026-05-21,East,25-34,Organic,Gold
C02221,2024-10-21,East,18-24,Paid Search,Bronze
C02222,2024-07-20,South,18-24,Email,Silver
C02223,2025-05-05,East,45-54,Social,Silver
C02224,2025-04-19,North,45-54,Email,Bronze
C02225,2025-09-25,South,45-54,Organic,Silver
C02226,2026-04-01,West,55+,Email,Bronze
C02227,2026-05-12,South,18-24,Social,Bronze
C02228,2025-01-28,East,45-54,Paid Search,Gold
C02229,2026-06-16,South,18-24,Email,Bronze
C02230,2025-10-05,South,55+,Organic,Silver
C02231,2024-08-20,Central,45-54,Social,Bronze
C02232,2026-05-16,South,45-54,Social,Bronze
C02233,2024-10-09,South,35-44,Organic,Silver
C02234,2025-09-03,Central,25-34,Referral,Silver
C02235,2026-01-28,West,45-54,Paid Search,Bronze
C02236,2024-12-29,West,55+,Organic,Silver
C02237,2025-01-14,North,18-24,Social,Bronze
C02238,2025-06-13,North,55+,Referral,Bronze
C02239,2026-04-07,West,45-54,Email,Silver
C02240,2024-12-11,North,18-24,Email,Silver
C02241,2025-10-27,North,55+,Referral,Bronze
C02242,2025-05-26,West,18-24,Organic,Silver
C02243,2024-09-20,South,45-54,Social,Bronze
C02244,2025-12-01,North,18-24,Paid Search,Gold
C02245,2026-02-27,North,18-24,Email,Silver
C02246,2025-08-24,East,45-54,Referral,Bronze
C02247,2024-11-06,East,45-54,Organic,Bronze
C02248,2024-10-22,West,45-54,Organic,Gold
C02249,2025-05-05,North,25-34,Referral,Gold
C02250,2025-07-05,North,55+,Social,Bronze
C02251,2025-08-07,East,18-24,Paid Search,Bronze
C02252,2024-12-25,South,55+,Organic,Bronze
C02253,2025-07-01,East,25-34,Paid Search,Gold
C02254,2025-02-01,Central,45-54,Organic,Gold
C02255,2025-11-13,East,55+,Paid Search,Silver
C02256,2026-02-01,South,25-34,Organic,Bronze
C02257,2025-10-19,Central,35-44,Organic,Gold
C02258,2024-07-01,North,55+,Referral,Bronze
C02259,2026-06-24,Central,55+,Email,Bronze
C02260,2024-07-18,East,25-34,Referral,Bronze
C02261,2026-06-29,East,35-44,Paid Search,Bronze
C02262,2024-07-24,Central,25-34,Paid Search,Silver
C02263,2025-07-12,East,35-44,Paid Search,Bronze
C02264,2024-09-16,East,25-34,Social,Bronze
C02265,2024-09-08,South,18-24,Organic,Silver
C02266,2025-11-11,West,55+,Paid Search,Bronze
C02267,2025-12-13,East,45-54,Referral,Bronze
C02268,2024-09-25,North,35-44,Paid Search,Bronze
C02269,2026-06-12,West,18-24,Email,Bronze
C02270,2025-02-19,West,18-24,Paid Search,Bronze
C02271,2025-02-18,South,35-44,Referral,Silver
C02272,2025-02-02,North,45-54,Email,Bronze
C02273,2025-06-02,East,25-34,Referral,Bronze
C02274,2024-11-07,North,45-54,Social,Gold
C02275,2025-05-06,North,25-34,Referral,Bronze
C02276,2024-12-01,East,18-24,Paid Search,Silver
C02277,2024-08-07,North,35-44,Social,Bronze
C02278,2025-03-26,South,18-24,Organic,Gold
C02279,2025-11-03,West,18-24,Organic,Bronze
C02280,2026-01-08,South,18-24,Email,Silver
C02281,2025-03-15,Central,25-34,Paid Search,Silver
C02282,2025-02-22,Central,35-44,Organic,Silver
C02283,2026-01-26,East,55+,Paid Search,Silver
C02284,2025-11-09,Central,25-34,Paid Search,Bronze
C02285,2026-02-27,West,18-24,Email,Bronze
C02286,2026-04-22,South,18-24,Organic,Gold
C02287,2026-02-19,West,25-34,Organic,Gold
C02288,2026-05-14,North,25-34,Email,Bronze
C02289,2025-04-30,West,25-34,Organic,Silver
C02290,2025-04-14,East,55+,Social,Silver
C02291,2025-02-20,North,25-34,Email,Silver
C02292,2024-12-19,South,45-54,Social,Gold
C02293,2025-12-28,Central,45-54,Organic,Gold
C02294,2025-12-03,South,18-24,Email,Bronze
C02295,2026-02-05,North,25-34,Organic,Silver
C02296,2024-10-31,North,35-44,Paid Search,Bronze
C02297,2025-06-24,East,35-44,Organic,Bronze
C02298,2024-12-09,West,18-24,Social,Silver
C02299,2026-04-13,West,45-54,Email,Silver
C02300,2025-01-11,East,25-34,Email,Bronze
C02301,2024-10-13,North,25-34,Organic,Silver
C02302,2025-08-20,North,45-54,Paid Search,Bronze
C02303,2026-04-02,East,55+,Organic,Bronze
C02304,2026-04-29,West,55+,Paid Search,Silver
C02305,2024-09-09,West,55+,Paid Search,Silver
C02306,2025-02-23,South,35-44,Email,Bronze
C02307,2024-10-20,East,18-24,Email,Bronze
C02308,2025-02-10,East,25-34,Referral,Silver
C02309,2025-07-25,East,25-34,Paid Search,Bronze
C02310,2025-01-21,East,25-34,Organic,Gold
C02311,2024-08-19,West,25-34,Organic,Bronze
C02312,2025-07-07,East,18-24,Referral,Gold
C02313,2024-08-08,Central,18-24,Referral,Bronze
C02314,2024-12-13,East,45-54,Paid Search,Bronze
C02315,2024-07-01,North,35-44,Referral,Bronze
C02316,2024-09-02,South,18-24,Social,Silver
C02317,2025-05-15,East,35-44,Organic,Gold
C02318,2026-03-13,East,55+,Paid Search,Bronze
C02319,2026-01-16,East,35-44,Paid Search,Bronze
C02320,2024-09-11,West,25-34,Email,Bronze
C02321,2024-07-26,South,25-34,Organic,Silver
C02322,2025-03-04,West,25-34,Organic,Bronze
C02323,2025-10-19,West,25-34,Email,Gold
C02324,2025-12-27,South,55+,Paid Search,Bronze
C02325,2026-02-21,South,55+,Paid Search,Silver
C02326,2025-03-07,North,25-34,Referral,Gold
C02327,2024-10-31,South,55+,Referral,Bronze
C02328,2024-07-20,West,55+,Social,Bronze
C02329,2024-10-16,Central,18-24,Referral,Gold
C02330,2024-08-17,East,35-44,Referral,Bronze
C02331,2026-03-20,South,45-54,Social,Silver
C02332,2025-01-12,West,35-44,Referral,Gold
C02333,2026-02-21,West,35-44,Organic,Bronze
C02334,2025-08-08,South,35-44,Organic,Gold
C02335,2025-07-28,West,45-54,Referral,Bronze
C02336,2025-05-28,North,25-34,Organic,Silver
C02337,2026-02-18,North,35-44,Email,Bronze
C02338,2024-08-01,North,25-34,Social,Bronze
C02339,2024-09-06,North,55+,Email,Bronze
C02340,2025-05-05,West,18-24,Email,Bronze
C02341,2025-04-14,East,18-24,Organic,Bronze
C02342,2025-08-02,South,18-24,Paid Search,Bronze
C02343,2025-12-20,East,25-34,Email,Silver
C02344,2025-09-02,South,45-54,Referral,Bronze
C02345,2025-01-04,South,55+,Referral,Bronze
C02346,2025-02-24,North,35-44,Referral,Bronze
C02347,2025-12-31,West,18-24,Referral,Bronze
C02348,2024-11-24,North,25-34,Referral,Bronze
C02349,2025-07-03,West,18-24,Social,Bronze
C02350,2025-07-28,North,35-44,Paid Search,Silver
C02351,2025-12-29,West,45-54,Social,Silver
C02352,2025-12-03,West,18-24,Email,Silver
C02353,2025-06-04,North,45-54,Social,Bronze
C02354,2025-02-11,North,25-34,Referral,Gold
C02355,2025-03-26,Central,45-54,Email,Silver
C02356,2025-04-27,East,55+,Paid Search,Silver
C02357,2024-12-07,West,45-54,Referral,Bronze
C02358,2025-09-29,North,45-54,Referral,Bronze
C02359,2024-11-29,South,45-54,Social,Bronze
C02360,2025-10-16,East,18-24,Organic,Bronze
C02361,2025-12-30,Central,18-24,Paid Search,Silver
C02362,2026-06-02,South,25-34,Referral,Bronze
C02363,2024-09-25,West,45-54,Organic,Bronze
C02364,2026-01-05,West,45-54,Social,Bronze
C02365,2024-09-01,North,45-54,Email,Bronze
C02366,2025-03-03,South,25-34,Paid Search,Bronze
C02367,2024-11-06,South,55+,Referral,Bronze
C02368,2024-10-27,East,35-44,Social,Bronze
C02369,2024-11-05,West,25-34,Organic,Bronze
C02370,2024-08-02,East,45-54,Paid Search,Silver
C02371,2026-02-21,South,18-24,Paid Search,Gold
C02372,2024-08-14,West,35-44,Paid Search,Gold
C02373,2025-04-17,East,45-54,Referral,Silver
C02374,2025-11-22,East,,Paid Search,Bronze
C02375,2026-06-22,East,25-34,Social,Silver
C02376,2026-03-15,North,18-24,Social,Gold
C02377,2024-10-09,West,18-24,Paid Search,Bronze
C02378,2026-06-21,South,18-24,Social,Bronze
C02379,2025-10-20,South,55+,Paid Search,Silver
C02380,2024-11-08,North,45-54,Organic,Bronze
C02381,2025-05-24,East,35-44,Social,Silver
C02382,2026-05-01,East,35-44,Social,Bronze
C02383,2025-04-13,South,25-34,Organic,Bronze
C02384,2024-11-11,West,18-24,Email,Silver
C02385,2026-03-30,West,18-24,Email,Silver
C02386,2026-05-26,North,45-54,Paid Search,Silver
C02387,2026-06-12,West,18-24,Social,Silver
C02388,2026-05-28,South,18-24,Paid Search,Gold
C02389,2026-03-29,Central,45-54,Email,Bronze
C02390,2025-05-28,North,35-44,Organic,Platinum
C02391,2024-11-18,South,35-44,Email,Bronze
C02392,2025-09-23,East,25-34,Organic,Bronze
C02393,2024-12-08,South,18-24,Organic,Gold
C02394,2025-06-10,West,35-44,Paid Search,Bronze
C02395,2025-10-22,East,25-34,Organic,Gold
C02396,2026-05-22,North,35-44,Social,Bronze
C02397,2025-01-27,East,18-24,Organic,Bronze
C02398,2024-12-31,Central,25-34,Paid Search,Bronze
C02399,2025-12-18,West,18-24,Organic,Silver
C02400,2024-07-05,East,35-44,Referral,Gold
C02401,2025-08-17,South,25-34,Email,Bronze
C02402,2025-12-26,North,25-34,Paid Search,Bronze
C02403,2025-08-06,West,35-44,Organic,Bronze
C02404,2025-04-06,West,35-44,Referral,Bronze
C02405,2026-02-25,East,25-34,Email,Silver
C02406,2025-03-28,West,45-54,Referral,Silver
C02407,2025-11-30,North,25-34,Organic,Bronze
C02408,2025-06-04,West,25-34,Paid Search,Bronze
C02409,2024-07-20,North,35-44,Organic,Silver
C02410,2025-07-22,North,18-24,Social,Bronze
C02411,2024-08-06,East,35-44,Organic,Bronze
C02412,2026-05-10,South,35-44,Organic,Silver
C02413,2025-09-12,Central,18-24,Social,Bronze
C02414,2025-03-29,South,35-44,Referral,Bronze
C02415,2025-06-20,West,18-24,Email,Bronze
C02416,2025-09-25,West,45-54,Email,Silver
C02417,2025-01-06,West,18-24,Referral,Bronze
C02418,2025-01-27,Central,18-24,Referral,Silver
C02419,2025-05-02,South,25-34,Organic,Bronze
C02420,2025-01-05,South,45-54,Paid Search,Bronze
C02421,2026-01-04,North,45-54,Email,Silver
C02422,2024-09-14,South,35-44,Referral,Bronze
C02423,2026-02-23,West,,Email,Bronze
C02424,2025-03-12,East,25-34,Email,Bronze
C02425,2025-08-14,South,45-54,Paid Search,Silver
C02426,2024-10-24,North,18-24,Paid Search,Bronze
C02427,2025-04-07,East,45-54,Organic,Silver
C02428,2026-01-02,West,25-34,Paid Search,Bronze
C02429,2025-01-14,South,18-24,Organic,Bronze
C02430,2024-10-05,West,45-54,Referral,Bronze
C02431,2025-07-16,East,18-24,Organic,Bronze
C02432,2024-10-27,West,25-34,Paid Search,Gold
C02433,2025-02-15,South,18-24,Referral,Bronze
C02434,2025-05-25,West,35-44,Referral,Gold
C02435,2025-08-16,North,18-24,Paid Search,Bronze
C02436,2025-10-10,South,18-24,Social,Bronze
C02437,2025-11-06,West,35-44,Social,Bronze
C02438,2026-03-08,West,55+,Referral,Silver
C02439,2024-08-18,North,18-24,Email,Bronze
C02440,2025-03-22,West,35-44,Social,Silver
C02441,2024-07-01,North,55+,Paid Search,Gold
C02442,2024-07-07,East,25-34,Paid Search,Silver
C02443,2024-12-02,Central,35-44,Email,Bronze
C02444,2025-09-10,East,55+,Referral,Silver
C02445,2026-04-14,West,45-54,Organic,Bronze
C02446,2026-01-15,East,25-34,Email,Bronze
C02447,2025-10-15,West,45-54,Social,Bronze
C02448,2026-01-19,West,45-54,Organic,Silver
C02449,2024-11-03,West,35-44,Organic,Bronze
C02450,2026-03-05,North,35-44,Paid Search,Silver
C02451,2026-04-11,West,55+,Paid Search,Silver
C02452,2024-09-08,South,55+,Organic,Bronze
C02453,2025-06-08,Central,55+,Paid Search,Bronze
C02454,2026-02-26,North,45-54,Referral,Silver
C02455,2025-06-13,South,25-34,Email,Bronze
C02456,2026-03-05,West,18-24,Paid Search,Bronze
C02457,2026-05-14,South,18-24,Email,Bronze
C02458,2025-06-12,South,55+,Social,Gold
C02459,2024-08-13,West,25-34,Email,Bronze
C02460,2025-03-05,North,18-24,Paid Search,Bronze
C02461,2024-12-04,North,25-34,Organic,Bronze
C02462,2025-06-11,East,18-24,Paid Search,Bronze
C02463,2025-09-01,South,35-44,Referral,Platinum
C02464,2025-06-04,South,35-44,Social,Bronze
C02465,2024-11-20,North,25-34,Organic,Silver
C02466,2025-02-05,South,45-54,Referral,Silver
C02467,2025-11-08,South,35-44,Referral,Bronze
C02468,2024-07-20,North,55+,Social,Silver
C02469,2024-12-04,East,45-54,Email,Gold
C02470,2026-04-12,East,18-24,Organic,Silver
C02471,2024-09-11,North,25-34,Social,Silver
C02472,2025-04-29,South,45-54,Referral,Bronze
C02473,2024-11-28,West,35-44,Social,Gold
C02474,2024-09-15,East,45-54,Organic,Bronze
C02475,2025-05-05,South,25-34,Email,Silver
C02476,2025-07-16,East,18-24,Email,Bronze
C02477,2024-11-06,North,45-54,Email,Silver
C02478,2024-08-26,West,45-54,Email,Gold
C02479,2024-10-07,Central,45-54,Organic,Silver
C02480,2025-10-18,Central,35-44,Organic,Bronze
C02481,2026-03-20,North,18-24,Email,Silver
C02482,2024-11-09,South,45-54,Referral,Gold
C02483,2025-02-19,North,45-54,Organic,Silver
C02484,2025-03-08,South,45-54,Social,Gold
C02485,2025-03-20,South,18-24,Social,Silver
C02486,2024-12-26,West,45-54,Paid Search,Gold
C02487,2024-08-10,North,45-54,Email,Bronze
C02488,2025-07-18,Central,55+,Referral,Bronze
C02489,2025-03-18,North,35-44,Referral,Gold
C02490,2025-03-07,North,45-54,Organic,Gold
C02491,2025-01-10,West,35-44,Social,Bronze
C02492,2026-05-09,West,45-54,Referral,Bronze
C02493,2025-09-19,South,45-54,Paid Search,Bronze
C02494,2025-05-02,East,45-54,Referral,Silver
C02495,2024-11-27,North,55+,Social,Gold
C02496,2026-02-05,North,18-24,Social,Silver
C02497,2026-04-09,East,45-54,Paid Search,Bronze
C02498,2024-07-24,South,45-54,Referral,Bronze
C02499,2026-05-09,East,35-44,Social,Gold
C02500,2025-11-22,North,35-44,Social,Bronze
C02501,2024-09-11,West,45-54,Social,Bronze
C02502,2026-01-01,West,35-44,Organic,Bronze
C02503,2024-09-17,North,35-44,Email,Silver
C02504,2024-08-07,North,55+,Paid Search,Bronze
C02505,2024-09-23,East,45-54,Paid Search,Bronze
C02506,2025-06-01,West,25-34,Email,Bronze
C02507,2025-09-25,West,55+,Organic,Gold
C02508,2025-04-23,West,25-34,Email,Bronze
C02509,2024-09-27,South,18-24,Social,Bronze
C02510,2024-11-23,South,55+,Email,Bronze
C02511,2026-03-14,East,25-34,Organic,Bronze
C02512,2026-06-02,North,25-34,Email,Silver
C02513,2026-01-01,West,25-34,Paid Search,Silver
C02514,2024-09-14,North,35-44,Referral,Bronze
C02515,2026-02-18,South,18-24,Paid Search,Gold
C02516,2025-11-17,East,18-24,Organic,Bronze
C02517,2025-07-19,East,25-34,Social,Gold
C02518,2024-10-13,East,25-34,Organic,Bronze
C02519,2026-06-27,East,,Paid Search,Bronze
C02520,2025-05-19,Central,55+,Email,Gold
C02521,2024-08-02,West,35-44,Social,Gold
C02522,2024-12-01,West,18-24,Email,Silver
C02523,2025-04-19,East,18-24,Referral,Silver
C02524,2024-08-15,West,55+,Social,Silver
C02525,2025-02-22,East,25-34,Social,Silver
C02526,2025-06-07,East,18-24,Organic,Bronze
C02527,2026-05-23,South,45-54,Paid Search,Bronze
C02528,2024-09-01,East,55+,Email,Silver
C02529,2025-08-25,North,25-34,Organic,Silver
C02530,2026-04-29,North,45-54,Paid Search,Gold
C02531,2026-02-08,West,35-44,Organic,Bronze
C02532,2026-05-06,North,18-24,Referral,Bronze
C02533,2024-11-02,East,45-54,Social,Bronze
C02534,2026-02-05,East,55+,Email,Gold
C02535,2026-06-14,North,55+,Email,Bronze
C02536,2025-02-23,Central,18-24,Paid Search,Gold
C02537,2025-06-29,North,35-44,Organic,Bronze
C02538,2025-07-22,Central,45-54,Paid Search,Bronze
C02539,2025-06-25,West,18-24,Organic,Silver
C02540,2025-01-28,South,55+,Paid Search,Bronze
C02541,2026-06-08,North,18-24,Paid Search,Silver
C02542,2026-05-29,South,25-34,Email,Bronze
C02543,2025-04-04,South,55+,Paid Search,Bronze
C02544,2026-02-08,South,35-44,Organic,Silver
C02545,2025-04-16,Central,45-54,Referral,Gold
C02546,2026-01-31,North,35-44,Organic,Bronze
C02547,2025-08-31,West,45-54,Paid Search,Bronze
C02548,2025-06-08,North,18-24,Paid Search,Silver
C02549,2024-10-02,Central,45-54,Organic,Platinum
C02550,2025-10-21,North,18-24,Referral,Gold
C02551,2025-02-20,East,18-24,Paid Search,Gold
C02552,2024-12-06,East,35-44,Email,Bronze
C02553,2024-11-18,North,35-44,Organic,Silver
C02554,2026-06-16,West,18-24,Social,Gold
C02555,2024-09-14,South,45-54,Organic,Gold
C02556,2026-02-03,East,25-34,Paid Search,Silver
C02557,2026-03-24,East,55+,Social,Silver
C02558,2024-07-23,East,18-24,Referral,Gold
C02559,2025-09-03,North,25-34,Paid Search,Bronze
C02560,2025-08-25,North,25-34,Email,Bronze
C02561,2025-03-19,North,35-44,Organic,Platinum
C02562,2025-10-30,South,35-44,Paid Search,Bronze
C02563,2025-04-24,North,18-24,Email,Bronze
C02564,2025-05-17,Central,35-44,Social,Bronze
C02565,2025-05-11,East,55+,Social,Silver
C02566,2026-02-04,East,18-24,Email,Silver
C02567,2025-10-05,South,25-34,Organic,Silver
C02568,2025-04-03,South,35-44,Email,Bronze
C02569,2026-05-07,East,45-54,Referral,Bronze
C02570,2026-02-05,South,18-24,Email,Bronze
C02571,2026-05-11,South,25-34,Paid Search,Gold
C02572,2025-12-15,East,25-34,Paid Search,Bronze
C02573,2025-04-12,East,45-54,Referral,Silver
C02574,2026-01-15,Central,18-24,Email,Silver
C02575,2025-02-26,North,45-54,Referral,Silver
C02576,2025-01-14,East,35-44,Referral,Silver
C02577,2025-05-25,North,25-34,Social,Silver
C02578,2026-06-07,South,55+,Organic,Silver
C02579,2025-08-19,West,55+,Paid Search,Bronze
C02580,2025-04-06,North,55+,Paid Search,Bronze
C02581,2025-06-02,East,55+,Referral,Bronze
C02582,2025-01-29,South,25-34,Paid Search,Bronze
C02583,2025-10-24,North,55+,Paid Search,Silver
C02584,2025-03-13,Central,18-24,Referral,Bronze
C02585,2025-08-09,South,25-34,Organic,Silver
C02586,2025-03-27,West,35-44,Email,Bronze
C02587,2025-02-19,South,45-54,Social,Silver
C02588,2026-06-08,Central,35-44,Referral,Bronze
C02589,2025-03-10,South,35-44,Social,Bronze
C02590,2024-08-21,South,25-34,Social,Bronze
C02591,2025-04-02,West,35-44,Referral,Silver
C02592,2025-07-23,South,35-44,Referral,Bronze
C02593,2024-09-07,South,35-44,Email,Silver
C02594,2025-02-08,Central,35-44,Email,Silver
C02595,2024-10-30,East,45-54,Referral,Gold
C02596,2025-06-30,West,25-34,Referral,Silver
C02597,2025-12-10,West,,Email,Silver
C02598,2026-06-07,West,25-34,Paid Search,Silver
C02599,2025-04-10,West,35-44,Email,Bronze
C02600,2026-03-22,East,18-24,Paid Search,Silver
C02601,2024-12-04,South,18-24,Social,Bronze
C02602,2026-01-20,North,55+,Social,Silver
C02603,2025-08-15,East,25-34,Referral,Bronze
C02604,2026-01-04,West,45-54,Social,Bronze
C02605,2026-01-02,East,18-24,Referral,Silver
C02606,2025-07-24,North,55+,Referral,Bronze
C02607,2025-01-04,South,25-34,Referral,Bronze
C02608,2025-07-19,East,25-34,Organic,Bronze
C02609,2026-02-23,West,45-54,Email,Gold
C02610,2026-06-08,North,25-34,Paid Search,Bronze
C02611,2026-05-08,East,35-44,Social,Bronze
C02612,2024-11-10,West,45-54,Social,Platinum
C02613,2025-09-09,Central,18-24,Paid Search,Gold
C02614,2024-09-15,North,18-24,Referral,Bronze
C02615,2025-10-31,Central,45-54,Referral,Bronze
C02616,2026-06-24,East,25-34,Social,Bronze
C02617,2024-08-08,West,55+,Organic,Gold
C02618,2025-10-22,North,55+,Organic,Bronze
C02619,2026-05-21,East,55+,Paid Search,Bronze
C02620,2026-03-10,East,55+,Referral,Bronze
C02621,2025-04-13,South,55+,Social,Silver
C02622,2024-09-14,East,25-34,Organic,Bronze
C02623,2026-05-05,East,55+,Social,Silver
C02624,2026-05-03,East,25-34,Referral,Bronze
C02625,2025-08-27,North,35-44,Social,Silver
C02626,2026-06-14,East,18-24,Social,Gold
C02627,2024-07-04,North,55+,Organic,Bronze
C02628,2025-09-23,Central,35-44,Referral,Bronze
C02629,2024-07-29,Central,55+,Organic,Bronze
C02630,2026-05-14,South,25-34,Referral,Silver
C02631,2025-11-09,North,25-34,Paid Search,Bronze
C02632,2026-04-27,North,35-44,Organic,Silver
C02633,2025-08-15,East,55+,Paid Search,Bronze
C02634,2024-08-30,West,35-44,Organic,Silver
C02635,2024-07-20,East,45-54,Organic,Silver
C02636,2025-03-02,North,25-34,Organic,Bronze
C02637,2025-12-24,North,45-54,Email,Bronze
C02638,2024-10-19,North,45-54,Referral,Silver
C02639,2026-03-14,West,55+,Paid Search,Bronze
C02640,2024-12-22,East,18-24,Email,Silver
C02641,2025-06-27,East,,Paid Search,Gold
C02642,2024-11-26,South,18-24,Social,Bronze
C02643,2025-06-05,Central,35-44,Paid Search,Bronze
C02644,2025-05-26,South,45-54,Referral,Bronze
C02645,2024-07-04,West,45-54,Social,Bronze
C02646,2025-08-18,Central,45-54,Social,Gold
C02647,2026-01-25,East,45-54,Referral,Gold
C02648,2026-05-14,Central,55+,Email,Bronze
C02649,2025-02-27,South,55+,Organic,Gold
C02650,2026-04-03,West,35-44,Organic,Bronze
C02651,2026-04-02,North,55+,Paid Search,Platinum
C02652,2026-06-21,East,18-24,Organic,Gold
C02653,2025-03-29,North,45-54,Email,Bronze
C02654,2026-03-13,North,35-44,Social,Silver
C02655,2025-08-16,North,,Organic,Silver
C02656,2024-08-12,South,35-44,Social,Bronze
C02657,2025-01-14,East,18-24,Referral,Bronze
C02658,2025-11-02,East,45-54,Referral,Silver
C02659,2024-10-26,South,55+,Referral,Bronze
C02660,2025-05-13,Central,18-24,Referral,Bronze
C02661,2026-01-16,Central,18-24,Email,Bronze
C02662,2024-10-18,North,45-54,Referral,Silver
C02663,2025-06-28,South,35-44,Referral,Bronze
C02664,2024-12-04,West,35-44,Email,Bronze
C02665,2025-07-27,West,,Social,Bronze
C02666,2024-12-23,South,35-44,Referral,Bronze
C02667,2026-06-04,West,35-44,Social,Silver
C02668,2024-08-25,North,55+,Organic,Bronze
C02669,2026-06-03,South,25-34,Organic,Silver
C02670,2026-01-29,West,25-34,Social,Bronze
C02671,2026-03-16,East,18-24,Organic,Silver
C02672,2026-03-13,West,35-44,Organic,Bronze
C02673,2024-11-14,North,45-54,Paid Search,Gold
C02674,2026-05-10,North,25-34,Social,Bronze
C02675,2025-09-07,North,45-54,Social,Gold
C02676,2026-06-02,North,55+,Social,Bronze
C02677,2026-04-02,North,18-24,Social,Bronze
C02678,2025-08-27,East,35-44,Referral,Silver
C02679,2025-03-30,East,45-54,Paid Search,Bronze
C02680,2024-09-24,West,18-24,Social,Bronze
C02681,2024-09-12,South,18-24,Email,Silver
C02682,2025-04-11,North,25-34,Paid Search,Silver
C02683,2026-02-12,West,18-24,Organic,Silver
C02684,2025-07-04,North,25-34,Organic,Platinum
C02685,2025-06-17,West,18-24,Paid Search,Bronze
C02686,2024-12-26,North,55+,Paid Search,Bronze
C02687,2025-08-16,East,35-44,Organic,Silver
C02688,2025-10-09,Central,25-34,Paid Search,Bronze
C02689,2026-06-16,East,45-54,Email,Bronze
C02690,2025-12-14,East,18-24,Referral,Bronze
C02691,2025-09-16,West,35-44,Social,Bronze
C02692,2026-04-25,North,45-54,Organic,Bronze
C02693,2025-05-06,West,55+,Email,Bronze
C02694,2026-05-13,Central,25-34,Organic,Silver
C02695,2025-03-27,Central,35-44,Organic,Silver
C02696,2024-10-02,East,45-54,Social,Gold
C02697,2025-05-01,South,45-54,Social,Bronze
C02698,2024-10-02,West,18-24,Paid Search,Bronze
C02699,2024-09-25,East,55+,Referral,Silver
C02700,2026-04-04,South,25-34,Organic,Bronze
C02701,2026-01-31,North,25-34,Organic,Bronze
C02702,2024-12-09,North,18-24,Social,Silver
C02703,2026-03-03,East,18-24,Social,Silver
C02704,2024-08-20,North,25-34,Referral,Bronze
C02705,2025-01-24,North,18-24,Organic,Silver
C02706,2025-11-27,North,45-54,Social,Silver
C02707,2025-02-07,Central,35-44,Organic,Gold
C02708,2025-12-15,North,25-34,Organic,Bronze
C02709,2026-03-30,North,35-44,Social,Silver
C02710,2024-08-18,East,45-54,Email,Silver
C02711,2024-07-18,South,18-24,Organic,Bronze
C02712,2026-05-17,Central,25-34,Referral,Silver
C02713,2025-07-15,Central,55+,Social,Silver
C02714,2025-07-05,South,18-24,Social,Bronze
C02715,2025-06-04,East,55+,Referral,Bronze
C02716,2025-05-13,South,55+,Paid Search,Bronze
C02717,2025-11-16,North,25-34,Paid Search,Silver
C02718,2025-08-27,South,25-34,Email,Bronze
C02719,2024-10-28,North,25-34,Organic,Bronze
C02720,2025-09-30,North,35-44,Referral,Bronze
C02721,2025-10-31,East,25-34,Referral,Silver
C02722,2024-09-21,North,45-54,Referral,Silver
C02723,2025-04-01,North,25-34,Social,Bronze
C02724,2026-01-28,East,55+,Email,Bronze
C02725,2025-09-25,East,55+,Referral,Bronze
C02726,2024-10-08,North,35-44,Organic,Bronze
C02727,2024-07-30,North,35-44,Paid Search,Silver
C02728,2025-08-28,North,18-24,Social,Bronze
C02729,2025-06-02,South,18-24,Email,Silver
C02730,2026-06-01,West,35-44,Email,Silver
C02731,2025-07-16,Central,35-44,Referral,Gold
C02732,2026-05-11,South,25-34,Social,Bronze
C02733,2024-12-04,South,18-24,Organic,Bronze
C02734,2025-05-23,West,55+,Organic,Bronze
C02735,2024-10-10,East,35-44,Referral,Gold
C02736,2025-08-23,North,35-44,Social,Silver
C02737,2024-11-15,North,35-44,Email,Silver
C02738,2025-06-24,East,35-44,Social,Silver
C02739,2025-03-08,East,45-54,Referral,Bronze
C02740,2024-11-13,North,45-54,Paid Search,Silver
C02741,2024-09-09,South,35-44,Organic,Silver
C02742,2025-07-09,South,18-24,Email,Bronze
C02743,2026-05-22,South,55+,Social,Gold
C02744,2024-11-22,East,25-34,Referral,Gold
C02745,2025-04-22,West,18-24,Organic,Gold
C02746,2024-12-11,East,18-24,Paid Search,Silver
C02747,2026-02-10,North,45-54,Referral,Bronze
C02748,2025-04-29,North,25-34,Referral,Silver
C02749,2026-06-11,West,18-24,Organic,Bronze
C02750,2024-12-26,East,55+,Referral,Silver
C02751,2024-08-28,North,25-34,Organic,Bronze
C02752,2025-08-29,South,55+,Organic,Gold
C02753,2025-10-19,West,55+,Referral,Bronze
C02754,2026-06-23,West,18-24,Organic,Bronze
C02755,2026-03-28,West,45-54,Paid Search,Bronze
C02756,2026-04-06,East,,Organic,Silver
C02757,2025-10-06,East,18-24,Social,Bronze
C02758,2025-03-20,East,25-34,Organic,Bronze
C02759,2025-05-09,North,35-44,Paid Search,Bronze
C02760,2024-10-06,West,18-24,Paid Search,Bronze
C02761,2025-05-11,East,45-54,Email,Gold
C02762,2025-03-23,North,25-34,Social,Bronze
C02763,2024-07-27,Central,55+,Organic,Bronze
C02764,2024-11-27,South,55+,Social,Bronze
C02765,2025-07-25,North,45-54,Social,Bronze
C02766,2025-03-27,South,18-24,Paid Search,Bronze
C02767,2026-06-25,West,18-24,Social,Bronze
C02768,2025-06-14,Central,18-24,Paid Search,Bronze
C02769,2026-05-30,East,35-44,Paid Search,Bronze
C02770,2025-10-25,Central,45-54,Email,Bronze
C02771,2024-07-30,West,18-24,Paid Search,Silver
C02772,2024-11-26,West,45-54,Paid Search,Bronze
C02773,2025-11-27,West,18-24,Organic,Silver
C02774,2025-08-02,South,25-34,Email,Silver
C02775,2025-02-05,West,35-44,Email,Gold
C02776,2025-07-16,East,55+,Email,Bronze
C02777,2026-04-20,West,45-54,Organic,Silver
C02778,2025-04-10,North,35-44,Social,Gold
C02779,2024-08-02,West,18-24,Paid Search,Platinum
C02780,2025-02-12,Central,25-34,Email,Silver
C02781,2026-05-14,South,45-54,Paid Search,Bronze
C02782,2026-01-07,Central,18-24,Social,Gold
C02783,2026-03-03,South,45-54,Social,Silver
C02784,2026-04-26,North,45-54,Email,Bronze
C02785,2024-09-24,North,45-54,Email,Bronze
C02786,2025-01-23,West,25-34,Referral,Gold
C02787,2024-08-13,East,25-34,Social,Bronze
C02788,2024-07-04,South,18-24,Referral,Silver
C02789,2026-03-01,East,25-34,Referral,Bronze
C02790,2026-05-15,South,35-44,Social,Silver
C02791,2024-10-22,East,18-24,Email,Bronze
C02792,2025-12-09,West,35-44,Referral,Silver
C02793,2025-07-25,West,25-34,Referral,Bronze
C02794,2024-08-20,West,,Paid Search,Gold
C02795,2026-04-29,East,25-34,Email,Bronze
C02796,2026-03-28,Central,55+,Social,Bronze
C02797,2025-08-18,South,25-34,Organic,Bronze
C02798,2025-11-29,South,55+,Paid Search,Bronze
C02799,2025-04-16,North,18-24,Referral,Platinum
C02800,2026-01-29,East,18-24,Referral,Bronze
C02801,2025-05-21,East,18-24,Email,Bronze
C02802,2026-06-22,West,35-44,Referral,Silver
C02803,2024-08-16,South,55+,Social,Bronze
C02804,2024-11-03,North,18-24,Email,Bronze
C02805,2026-06-07,West,45-54,Organic,Silver
C02806,2025-01-27,Central,45-54,Paid Search,Bronze
C02807,2025-02-12,South,25-34,Organic,Gold
C02808,2026-01-28,North,25-34,Referral,Silver
C02809,2024-11-16,South,55+,Email,Bronze
C02810,2025-07-10,East,45-54,Referral,Silver
C02811,2025-01-25,South,25-34,Social,Gold
C02812,2024-11-22,South,55+,Social,Bronze
C02813,2026-06-04,West,35-44,Email,Silver
C02814,2024-11-23,South,18-24,Social,Bronze
C02815,2024-09-07,South,55+,Paid Search,Bronze
C02816,2025-11-04,North,55+,Paid Search,Silver
C02817,2026-03-25,Central,35-44,Social,Bronze
C02818,2024-10-01,South,45-54,Organic,Bronze
C02819,2025-11-29,South,25-34,Organic,Bronze
C02820,2025-07-30,North,55+,Organic,Silver
C02821,2026-02-26,West,25-34,Organic,Silver
C02822,2024-10-01,West,25-34,Organic,Bronze
C02823,2026-06-12,North,35-44,Organic,Bronze
C02824,2025-09-25,North,25-34,Organic,Gold
C02825,2026-03-06,North,45-54,Referral,Bronze
C02826,2025-03-21,East,45-54,Organic,Bronze
C02827,2026-05-19,Central,35-44,Social,Bronze
C02828,2025-09-30,East,45-54,Organic,Silver
C02829,2024-10-01,South,35-44,Referral,Bronze
C02830,2026-05-04,West,55+,Paid Search,Gold
C02831,2026-02-01,West,25-34,Email,Silver
C02832,2025-02-04,South,45-54,Email,Bronze
C02833,2025-08-02,North,35-44,Email,Silver
C02834,2025-04-09,South,55+,Email,Bronze
C02835,2025-08-01,West,25-34,Social,Bronze
C02836,2026-06-04,West,18-24,Email,Silver
C02837,2026-04-17,West,55+,Referral,Bronze
C02838,2024-12-05,West,55+,Paid Search,Gold
C02839,2026-06-09,South,45-54,Referral,Silver
C02840,2025-05-16,South,35-44,Referral,Bronze
C02841,2025-11-26,North,35-44,Email,Platinum
C02842,2026-01-09,West,45-54,Referral,Bronze
C02843,2025-06-18,East,45-54,Organic,Bronze
C02844,2025-05-29,South,25-34,Social,Bronze
C02845,2025-05-29,North,18-24,Email,Gold
C02846,2026-03-21,West,18-24,Referral,Bronze
C02847,2025-04-08,West,25-34,Organic,Bronze
C02848,2025-01-21,West,45-54,Referral,Bronze
C02849,2025-03-21,North,35-44,Organic,Bronze
C02850,2024-11-20,Central,45-54,Paid Search,Bronze
C02851,2025-04-12,West,35-44,Email,Silver
C02852,2024-09-22,West,25-34,Paid Search,Gold
C02853,2024-09-04,West,45-54,Referral,Silver
C02854,2025-12-10,Central,45-54,Referral,Bronze
C02855,2024-08-26,Central,55+,Organic,Bronze
C02856,2025-08-19,East,55+,Paid Search,Bronze
C02857,2026-01-20,South,25-34,Organic,Bronze
C02858,2025-12-11,South,45-54,Email,Silver
C02859,2025-05-22,West,25-34,Referral,Bronze
C02860,2024-11-19,West,55+,Email,Gold
C02861,2026-05-10,North,45-54,Organic,Bronze
C02862,2026-03-01,North,55+,Organic,Silver
C02863,2025-09-20,Central,25-34,Organic,Gold
C02864,2024-09-02,Central,18-24,Social,Silver
C02865,2024-07-26,Central,18-24,Email,Gold
C02866,2025-02-15,East,35-44,Organic,Silver
C02867,2024-10-23,West,55+,Referral,Silver
C02868,2026-03-20,West,,Paid Search,Bronze
C02869,2024-11-28,South,55+,Social,Bronze
C02870,2025-01-23,North,35-44,Email,Gold
C02871,2026-06-12,Central,55+,Social,Bronze
C02872,2026-02-17,North,55+,Social,Gold
C02873,2024-12-07,East,25-34,Paid Search,Bronze
C02874,2025-04-06,West,55+,Social,Silver
C02875,2025-07-11,West,18-24,Paid Search,Bronze
C02876,2025-10-28,South,35-44,Paid Search,Gold
C02877,2026-05-14,West,35-44,Email,Bronze
C02878,2026-03-28,North,25-34,Referral,Bronze
C02879,2026-06-13,West,55+,Referral,Gold
C02880,2024-07-30,North,45-54,Paid Search,Bronze
C02881,2024-12-20,West,18-24,Paid Search,Bronze
C02882,2025-08-15,West,18-24,Organic,Gold
C02883,2024-08-05,North,18-24,Paid Search,Gold
C02884,2025-03-17,South,25-34,Social,Bronze
C02885,2024-10-20,West,18-24,Paid Search,Silver
C02886,2026-05-12,North,25-34,Email,Bronze
C02887,2024-08-16,North,45-54,Organic,Bronze
C02888,2024-10-17,East,55+,Social,Silver
C02889,2024-11-20,Central,45-54,Paid Search,Bronze
C02890,2024-10-17,East,35-44,Social,Bronze
C02891,2025-08-19,South,45-54,Organic,Bronze
C02892,2025-03-23,Central,55+,Social,Gold
C02893,2026-04-27,East,18-24,Email,Silver
C02894,2025-01-07,East,55+,Referral,Bronze
C02895,2025-07-27,South,45-54,Paid Search,Gold
C02896,2025-10-25,South,25-34,Social,Silver
C02897,2025-09-30,South,35-44,Email,Bronze
C02898,2026-02-01,West,35-44,Social,Gold
C02899,2024-11-25,North,18-24,Social,Bronze
C02900,2025-07-05,West,25-34,Paid Search,Bronze
C02901,2026-02-04,North,25-34,Referral,Bronze
C02902,2026-03-22,South,18-24,Email,Bronze
C02903,2025-09-24,North,35-44,Referral,Silver
C02904,2025-10-19,East,35-44,Email,Silver
C02905,2026-03-22,West,25-34,Paid Search,Gold
C02906,2025-09-29,South,18-24,Paid Search,Bronze
C02907,2026-05-23,North,55+,Organic,Bronze
C02908,2024-10-02,North,45-54,Email,Bronze
C02909,2025-03-11,West,35-44,Email,Bronze
C02910,2024-09-20,South,45-54,Paid Search,Gold
C02911,2024-09-05,West,25-34,Organic,Silver
C02912,2025-06-10,South,25-34,Referral,Silver
C02913,2024-12-12,North,45-54,Paid Search,Silver
C02914,2025-04-23,West,45-54,Social,Bronze
C02915,2025-05-16,East,45-54,Organic,Bronze
C02916,2025-09-26,North,35-44,Organic,Bronze
C02917,2026-05-21,Central,18-24,Referral,Silver
C02918,2026-03-12,North,45-54,Email,Bronze
C02919,2025-04-02,South,45-54,Organic,Bronze
C02920,2025-02-23,South,35-44,Organic,Silver
C02921,2026-01-13,East,25-34,Social,Bronze
C02922,2024-09-29,West,55+,Email,Bronze
C02923,2025-07-30,North,25-34,Social,Bronze
C02924,2025-05-05,Central,25-34,Referral,Bronze
C02925,2024-11-11,West,45-54,Email,Bronze
C02926,2025-09-23,Central,35-44,Email,Gold
C02927,2025-02-19,West,35-44,Paid Search,Silver
C02928,2024-11-13,Central,45-54,Email,Bronze
C02929,2025-10-20,East,25-34,Referral,Silver
C02930,2024-11-04,South,18-24,Organic,Silver
C02931,2025-11-03,East,18-24,Email,Silver
C02932,2024-10-27,West,55+,Referral,Gold
C02933,2025-05-13,East,35-44,Social,Silver
C02934,2026-02-10,West,35-44,Email,Bronze
C02935,2024-12-14,North,25-34,Paid Search,Bronze
C02936,2026-01-11,West,45-54,Organic,Bronze
C02937,2025-12-09,North,55+,Referral,Bronze
C02938,2026-04-20,Central,45-54,Paid Search,Gold
C02939,2024-11-01,North,35-44,Email,Silver
C02940,2025-12-04,North,35-44,Paid Search,Bronze
C02941,2026-05-14,West,55+,Paid Search,Gold
C02942,2026-01-08,West,55+,Email,Silver
C02943,2024-11-14,West,25-34,Paid Search,Bronze
C02944,2026-02-20,Central,55+,Referral,Gold
C02945,2024-09-17,South,55+,Organic,Bronze
C02946,2025-09-03,West,55+,Organic,Bronze
C02947,2025-06-28,South,18-24,Organic,Bronze
C02948,2025-07-23,East,18-24,Paid Search,Gold
C02949,2025-07-14,East,25-34,Organic,Bronze
C02950,2024-07-23,North,45-54,Paid Search,Bronze
C02951,2025-07-06,East,18-24,Organic,Silver
C02952,2026-05-14,West,18-24,Email,Gold
C02953,2025-05-15,North,18-24,Organic,Bronze
C02954,2025-01-18,Central,18-24,Referral,Bronze
C02955,2026-06-26,East,55+,Referral,Gold
C02956,2024-09-11,North,45-54,Email,Silver
C02957,2025-06-20,West,45-54,Email,Bronze
C02958,2025-07-09,North,25-34,Email,Bronze
C02959,2025-06-14,North,45-54,Referral,Bronze
C02960,2026-05-03,West,45-54,Social,Silver
C02961,2025-05-04,North,35-44,Email,Silver
C02962,2026-06-10,North,55+,Social,Silver
C02963,2024-08-18,West,35-44,Email,Bronze
C02964,2025-12-18,North,25-34,Paid Search,Silver
C02965,2025-09-06,West,45-54,Organic,Bronze
C02966,2024-12-23,West,,Referral,Gold
C02967,2024-12-14,North,55+,Email,Bronze
C02968,2025-12-07,East,35-44,Email,Bronze
C02969,2025-10-08,North,35-44,Paid Search,Bronze
C02970,2025-09-19,West,55+,Email,Bronze
C02971,2024-08-07,North,45-54,Social,Bronze
C02972,2025-09-09,Central,35-44,Organic,Silver
C02973,2026-06-16,North,25-34,Referral,Gold
C02974,2024-07-13,West,55+,Referral,Bronze
C02975,2025-06-07,North,55+,Referral,Bronze
C02976,2025-06-26,North,18-24,Social,Bronze
C02977,2026-04-15,East,18-24,Paid Search,Silver
C02978,2025-01-23,East,18-24,Organic,Bronze
C02979,2025-06-12,Central,25-34,Email,Bronze
C02980,2025-12-05,North,18-24,Referral,Bronze
C02981,2024-08-13,North,55+,Organic,Bronze
C02982,2026-02-04,South,55+,Email,Silver
C02983,2026-02-20,South,18-24,Organic,Bronze
C02984,2025-12-07,Central,55+,Email,Bronze
C02985,2025-10-16,Central,18-24,Organic,Silver
C02986,2025-12-28,Central,45-54,Referral,Bronze
C02987,2026-01-21,North,25-34,Organic,Silver
C02988,2026-04-20,South,18-24,Social,Bronze
C02989,2025-05-09,West,35-44,Email,Gold
C02990,2025-05-29,South,55+,Referral,Silver
C02991,2025-10-09,West,55+,Paid Search,Bronze
C02992,2024-11-18,South,18-24,Referral,Gold
C02993,2026-03-17,South,55+,Organic,Bronze
C02994,2026-01-13,West,25-34,Social,Bronze
C02995,2025-10-04,South,35-44,Referral,Silver
C02996,2025-02-05,Central,18-24,Paid Search,Silver
C02997,2025-03-11,South,55+,Social,Bronze
C02998,2025-05-14,North,45-54,Social,Bronze
C02999,2025-10-26,South,45-54,Paid Search,Bronze
C03000,2026-01-19,North,45-54,Email,Silver
C03001,2025-11-02,East,55+,Social,Gold
C03002,2026-05-09,North,18-24,Email,Bronze
C03003,2026-06-01,East,25-34,Social,Platinum
C03004,2025-11-26,West,18-24,Referral,Bronze
C03005,2025-03-28,South,35-44,Social,Silver
C03006,2025-09-10,North,35-44,Email,Gold
C03007,2025-05-06,South,18-24,Email,Silver
C03008,2025-10-02,West,45-54,Referral,Bronze
C03009,2026-02-13,East,18-24,Referral,Bronze
C03010,2025-03-27,North,45-54,Paid Search,Bronze
C03011,2025-07-04,East,45-54,Paid Search,Silver
C03012,2024-08-03,East,55+,Paid Search,Platinum
C03013,2025-12-19,South,18-24,Social,Bronze
C03014,2025-06-23,North,55+,Social,Bronze
C03015,2025-06-01,Central,35-44,Organic,Bronze
C03016,2025-07-24,North,55+,Referral,Silver
C03017,2024-12-05,North,45-54,Referral,Silver
C03018,2025-09-09,North,45-54,Email,Bronze
C03019,2025-12-26,East,18-24,Paid Search,Silver
C03020,2025-03-12,East,45-54,Referral,Bronze
C03021,2024-10-04,South,35-44,Paid Search,Silver
C03022,2025-04-09,East,55+,Paid Search,Bronze
C03023,2024-11-22,West,45-54,Referral,Bronze
C03024,2025-03-30,South,18-24,Referral,Silver
C03025,2025-09-30,Central,55+,Social,Silver
C03026,2024-09-21,South,18-24,Organic,Bronze
C03027,2025-12-27,North,25-34,Organic,Silver
C03028,2024-12-11,Central,25-34,Referral,Bronze
C03029,2026-04-14,West,55+,Paid Search,Bronze
C03030,2025-12-16,South,18-24,Email,Gold
C03031,2025-01-15,West,55+,Paid Search,Gold
C03032,2025-08-15,East,25-34,Social,Bronze
C03033,2024-09-19,South,45-54,Referral,Gold
C03034,2024-09-11,West,18-24,Social,Silver
C03035,2026-05-28,West,25-34,Social,Bronze
C03036,2026-02-05,South,45-54,Social,Bronze
C03037,2024-10-21,East,45-54,Paid Search,Bronze
C03038,2025-01-23,South,55+,Social,Silver
C03039,2024-11-22,North,55+,Social,Gold
C03040,2025-04-15,Central,35-44,Organic,Bronze
C03041,2025-01-29,East,25-34,Social,Bronze
C03042,2025-02-25,East,25-34,Email,Bronze
C03043,2025-07-21,East,55+,Organic,Bronze
C03044,2024-11-15,East,45-54,Referral,Silver
C03045,2026-04-05,South,55+,Referral,Bronze
C03046,2025-12-13,Central,35-44,Email,Silver
C03047,2026-01-06,East,35-44,Organic,Bronze
C03048,2024-11-01,West,55+,Social,Silver
C03049,2025-11-29,East,45-54,Referral,Silver
C03050,2026-03-02,South,25-34,Organic,Silver
C03051,2024-11-05,North,35-44,Email,Bronze
C03052,2025-12-30,South,25-34,Referral,Silver
C03053,2025-03-18,North,45-54,Organic,Silver
C03054,2026-01-26,West,18-24,Paid Search,Silver
C03055,2025-06-14,West,55+,Email,Silver
C03056,2026-02-05,South,55+,Referral,Gold
C03057,2024-10-16,South,18-24,Email,Bronze
C03058,2025-04-10,West,45-54,Social,Bronze
C03059,2025-01-16,North,18-24,Email,Gold
C03060,2024-12-29,Central,25-34,Social,Bronze
C03061,2025-02-10,South,25-34,Social,Gold
C03062,2025-04-05,North,35-44,Email,Silver
C03063,2024-10-01,North,55+,Organic,Gold
C03064,2025-11-28,Central,35-44,Paid Search,Silver
C03065,2025-08-06,South,25-34,Organic,Silver
C03066,2026-02-25,West,18-24,Email,Silver
C03067,2025-11-26,North,55+,Email,Bronze
C03068,2024-10-17,North,25-34,Organic,Bronze
C03069,2024-08-20,West,35-44,Organic,Bronze
C03070,2025-05-05,North,18-24,Paid Search,Bronze
C03071,2025-06-16,North,25-34,Paid Search,Gold
C03072,2024-12-23,East,35-44,Social,Bronze
C03073,2026-01-22,West,55+,Social,Silver
C03074,2025-08-28,South,25-34,Paid Search,Bronze
C03075,2025-12-28,North,35-44,Organic,Bronze
C03076,2024-09-18,Central,55+,Email,Platinum
C03077,2026-02-15,West,25-34,Email,Bronze
C03078,2024-11-28,West,25-34,Email,Silver
C03079,2025-05-23,West,18-24,Referral,Bronze
C03080,2025-05-17,West,55+,Referral,Bronze
C03081,2026-02-19,South,18-24,Referral,Bronze
C03082,2025-01-18,South,25-34,Email,Silver
C03083,2024-12-23,West,18-24,Organic,Bronze
C03084,2025-03-05,West,45-54,Paid Search,Silver
C03085,2025-03-21,Central,25-34,Social,Silver
C03086,2024-11-10,East,45-54,Email,Bronze
C03087,2024-11-06,South,45-54,Referral,Bronze
C03088,2024-12-16,East,18-24,Email,Bronze
C03089,2025-06-06,East,25-34,Paid Search,Silver
C03090,2025-03-08,East,18-24,Email,Bronze
C03091,2025-04-12,West,18-24,Email,Bronze
C03092,2025-12-07,East,35-44,Email,Bronze
C03093,2024-12-23,North,25-34,Social,Bronze
C03094,2026-04-25,East,18-24,Email,Silver
C03095,2025-12-31,West,35-44,Paid Search,Bronze
C03096,2024-11-05,Central,35-44,Paid Search,Bronze
C03097,2025-02-14,South,55+,Paid Search,Bronze
C03098,2024-11-11,East,45-54,Paid Search,Silver
C03099,2025-01-15,East,25-34,Email,Silver
C03100,2025-03-24,East,35-44,Paid Search,Bronze
C03101,2024-10-04,North,18-24,Organic,Bronze
C03102,2024-07-11,Central,25-34,Organic,Silver
C03103,2025-05-16,Central,35-44,Referral,Bronze
C03104,2025-11-24,East,18-24,Social,Silver
C03105,2025-02-06,East,55+,Social,Bronze
C03106,2026-03-20,North,35-44,Referral,Bronze
C03107,2025-03-27,East,45-54,Organic,Bronze
C03108,2026-04-18,East,25-34,Referral,Bronze
C03109,2024-12-20,West,55+,Email,Silver
C03110,2025-07-29,North,25-34,Email,Bronze
C03111,2026-01-08,West,55+,Social,Bronze
C03112,2024-08-13,South,35-44,Email,Bronze
C03113,2026-05-09,West,45-54,Paid Search,Bronze
C03114,2025-03-24,East,25-34,Paid Search,Silver
C03115,2025-06-28,North,55+,Referral,Silver
C03116,2025-10-02,East,18-24,Paid Search,Gold
C03117,2025-10-12,West,18-24,Email,Bronze
C03118,2024-07-18,East,35-44,Referral,Bronze
C03119,2026-03-25,North,55+,Social,Bronze
C03120,2025-09-28,East,55+,Paid Search,Gold
C03121,2026-06-29,South,,Referral,Bronze
C03122,2025-06-09,West,35-44,Referral,Bronze
C03123,2025-09-21,East,,Social,Silver
C03124,2025-05-18,North,35-44,Organic,Bronze
C03125,2026-04-10,East,35-44,Social,Bronze
C03126,2026-02-27,West,18-24,Social,Bronze
C03127,2026-04-24,West,45-54,Organic,Silver
C03128,2025-07-03,North,25-34,Social,Silver
C03129,2026-01-28,South,18-24,Organic,Bronze
C03130,2025-03-19,East,25-34,Email,Silver
C03131,2025-06-02,North,45-54,Social,Bronze
C03132,2026-01-06,East,25-34,Email,Bronze
C03133,2024-08-29,North,25-34,Social,Gold
C03134,2025-11-30,North,25-34,Email,Silver
C03135,2024-07-12,West,35-44,Email,Gold
C03136,2025-08-28,South,45-54,Organic,Silver
C03137,2025-06-13,West,45-54,Social,Bronze
C03138,2025-06-07,North,18-24,Email,Bronze
C03139,2025-06-26,East,25-34,Social,Bronze
C03140,2025-06-24,South,45-54,Paid Search,Bronze
C03141,2025-04-23,West,25-34,Referral,Bronze
C03142,2025-05-26,West,18-24,Organic,Bronze
C03143,2025-08-19,South,25-34,Referral,Bronze
C03144,2026-01-08,East,45-54,Email,Gold
C03145,2025-08-07,North,45-54,Paid Search,Bronze
C03146,2025-10-12,East,18-24,Organic,Bronze
C03147,2026-03-02,North,45-54,Referral,Silver
C03148,2026-06-22,East,18-24,Social,Silver
C03149,2024-09-18,North,45-54,Referral,Bronze
C03150,2025-12-02,Central,35-44,Referral,Silver
C03151,2024-12-12,East,18-24,Organic,Silver
C03152,2024-11-21,East,25-34,Email,Gold
C03153,2026-01-30,South,55+,Paid Search,Bronze
C03154,2024-08-20,South,35-44,Referral,Bronze
C03155,2026-03-11,North,45-54,Paid Search,Silver
C03156,2026-01-13,Central,45-54,Organic,Bronze
C03157,2026-06-26,West,18-24,Email,Silver
C03158,2025-10-30,North,55+,Social,Silver
C03159,2026-03-29,West,25-34,Social,Silver
C03160,2024-09-25,South,45-54,Paid Search,Gold
C03161,2026-04-10,North,35-44,Social,Silver
C03162,2024-10-25,East,35-44,Referral,Gold
C03163,2025-02-15,North,25-34,Email,Silver
C03164,2024-10-02,North,55+,Referral,Bronze
C03165,2025-04-19,West,18-24,Paid Search,Silver
C03166,2025-12-29,South,55+,Referral,Silver
C03167,2025-01-12,Central,25-34,Paid Search,Platinum
C03168,2026-02-20,West,55+,Referral,Bronze
C03169,2025-09-15,West,18-24,Referral,Bronze
C03170,2025-10-02,East,18-24,Organic,Silver
C03171,2026-05-16,West,18-24,Referral,Bronze
C03172,2025-05-11,South,35-44,Email,Silver
C03173,2025-03-09,East,25-34,Email,Bronze
C03174,2026-06-26,East,35-44,Social,Bronze
C03175,2025-08-11,Central,55+,Paid Search,Bronze
C03176,2025-09-22,North,18-24,Referral,Silver
C03177,2025-02-02,East,35-44,Organic,Bronze
C03178,2024-12-05,West,45-54,Referral,Silver
C03179,2024-11-01,South,35-44,Paid Search,Silver
C03180,2024-12-10,West,55+,Email,Silver
C03181,2024-11-20,South,45-54,Social,Bronze
C03182,2025-12-27,North,18-24,Paid Search,Bronze
C03183,2024-08-12,East,35-44,Paid Search,Silver
C03184,2025-10-02,East,25-34,Paid Search,Bronze
C03185,2026-05-24,North,18-24,Referral,Bronze
C03186,2026-01-10,North,55+,Email,Gold
C03187,2025-04-20,North,25-34,Email,Bronze
C03188,2024-08-13,West,18-24,Email,Bronze
C03189,2026-03-01,Central,25-34,Social,Platinum
C03190,2024-07-03,East,55+,Referral,Bronze
C03191,2025-11-09,North,35-44,Paid Search,Bronze
C03192,2025-11-02,East,55+,Referral,Bronze
C03193,2024-11-17,West,35-44,Paid Search,Silver
C03194,2025-12-22,West,18-24,Paid Search,Gold
C03195,2024-11-05,South,25-34,Social,Silver
C03196,2024-12-12,North,18-24,Email,Platinum
C03197,2026-02-12,Central,35-44,Email,Bronze
C03198,2026-06-14,West,25-34,Email,Silver
C03199,2025-01-09,North,55+,Organic,Bronze
C03200,2026-05-03,West,25-34,Organic,Gold
C03201,2026-04-27,North,25-34,Referral,Gold
C03202,2026-01-12,North,55+,Referral,Bronze
C03203,2024-10-11,West,35-44,Organic,Silver
C03204,2025-02-04,East,18-24,Referral,Silver
C03205,2025-11-07,South,35-44,Paid Search,Bronze
C03206,2026-06-29,Central,25-34,Referral,Silver
C03207,2026-02-14,West,45-54,Referral,Platinum
C03208,2025-05-03,North,35-44,Email,Bronze
C03209,2024-12-19,East,45-54,Organic,Bronze
C03210,2026-06-01,West,55+,Email,Platinum
C03211,2025-01-18,East,45-54,Organic,Bronze
C03212,2025-03-07,Central,25-34,Paid Search,Bronze
C03213,2026-06-04,West,25-34,Email,Silver
C03214,2025-08-14,North,35-44,Organic,Silver
C03215,2025-01-09,North,35-44,Paid Search,Bronze
C03216,2024-07-04,West,25-34,Email,Bronze
C03217,2025-05-10,Central,55+,Organic,Silver
C03218,2026-06-19,North,55+,Paid Search,Bronze
C03219,2025-05-12,North,25-34,Organic,Silver
C03220,2025-11-22,West,45-54,Email,Gold
C03221,2025-01-01,North,55+,Organic,Bronze
C03222,2026-01-17,North,18-24,Paid Search,Gold
C03223,2026-01-17,Central,25-34,Social,Silver
C03224,2025-09-17,West,45-54,Paid Search,Gold
C03225,2026-01-14,Central,35-44,Paid Search,Bronze
C03226,2025-08-26,West,45-54,Referral,Bronze
C03227,2025-04-02,South,35-44,Email,Silver
C03228,2025-12-20,Central,18-24,Organic,Gold
C03229,2026-03-01,South,35-44,Referral,Platinum
C03230,2026-03-06,South,35-44,Social,Bronze
C03231,2024-12-03,Central,55+,Organic,Bronze
C03232,2025-11-06,West,18-24,Referral,Bronze
C03233,2024-07-04,Central,18-24,Paid Search,Silver
C03234,2025-08-21,North,18-24,Paid Search,Gold
C03235,2025-08-21,Central,35-44,Organic,Silver
C03236,2025-03-22,East,55+,Referral,Bronze
C03237,2026-06-25,West,45-54,Paid Search,Gold
C03238,2026-04-05,Central,55+,Social,Bronze
C03239,2024-07-29,South,55+,Paid Search,Bronze
C03240,2024-11-30,West,45-54,Referral,Silver
C03241,2024-11-29,West,45-54,Email,Bronze
C03242,2026-04-16,West,25-34,Social,Silver
C03243,2025-07-14,Central,55+,Paid Search,Silver
C03244,2025-12-14,West,45-54,Email,Bronze
C03245,2026-02-11,North,55+,Social,Bronze
C03246,2026-01-11,North,55+,Referral,Bronze
C03247,2024-09-03,Central,25-34,Email,Silver
C03248,2024-10-11,Central,18-24,Organic,Bronze
C03249,2025-04-15,Central,55+,Referral,Bronze
C03250,2025-03-04,North,35-44,Organic,Bronze
C03251,2025-12-27,South,55+,Paid Search,Silver
C03252,2024-10-22,West,45-54,Social,Bronze
C03253,2025-03-28,West,25-34,Paid Search,Bronze
C03254,2024-12-20,North,25-34,Referral,Bronze
C03255,2024-11-15,East,45-54,Referral,Bronze
C03256,2024-11-03,North,25-34,Organic,Bronze
C03257,2024-11-20,East,25-34,Paid Search,Bronze
C03258,2025-08-16,South,25-34,Paid Search,Silver
C03259,2025-04-25,North,45-54,Email,Bronze
C03260,2025-05-14,North,18-24,Social,Bronze
C03261,2025-06-15,Central,18-24,Email,Platinum
C03262,2025-12-23,West,18-24,Organic,Bronze
C03263,2026-03-21,Central,45-54,Social,Bronze
C03264,2025-07-19,East,18-24,Paid Search,Bronze
C03265,2025-10-12,South,35-44,Paid Search,Bronze
C03266,2025-12-21,South,18-24,Email,Bronze
C03267,2025-11-16,East,35-44,Organic,Gold
C03268,2024-10-06,South,18-24,Organic,Bronze
C03269,2026-06-17,West,18-24,Social,Silver
C03270,2024-10-29,West,35-44,Email,Gold
C03271,2025-04-27,West,45-54,Social,Bronze
C03272,2025-10-19,South,18-24,Organic,Silver
C03273,2025-04-21,East,35-44,Email,Bronze
C03274,2024-12-25,North,55+,Paid Search,Bronze
C03275,2026-05-05,North,45-54,Email,Gold
C03276,2024-08-22,West,45-54,Paid Search,Bronze
C03277,2024-12-27,East,25-34,Referral,Platinum
C03278,2026-06-24,West,55+,Paid Search,Silver
C03279,2025-12-15,North,18-24,Referral,Bronze
C03280,2024-09-02,Central,45-54,Paid Search,Bronze
C03281,2026-01-02,Central,35-44,Email,Silver
C03282,2026-06-07,East,18-24,Social,Bronze
C03283,2024-09-10,West,55+,Organic,Bronze
C03284,2025-04-28,South,45-54,Organic,Bronze
C03285,2025-06-07,West,25-34,Social,Bronze
C03286,2024-10-04,West,18-24,Organic,Platinum
C03287,2024-11-24,West,45-54,Email,Bronze
C03288,2024-11-04,West,35-44,Organic,Bronze
C03289,2024-11-13,East,18-24,Social,Silver
C03290,2025-04-21,West,55+,Paid Search,Silver
C03291,2025-06-04,West,45-54,Organic,Gold
C03292,2024-12-21,North,35-44,Paid Search,Gold
C03293,2025-01-27,North,25-34,Social,Bronze
C03294,2024-11-18,West,25-34,Paid Search,Bronze
C03295,2026-02-01,East,35-44,Paid Search,Silver
C03296,2024-12-02,East,18-24,Paid Search,Bronze
C03297,2026-04-23,Central,25-34,Paid Search,Silver
C03298,2025-07-28,West,25-34,Social,Bronze
C03299,2026-02-06,South,18-24,Referral,Gold
C03300,2025-10-07,South,18-24,Social,Silver
C03301,2025-01-10,East,25-34,Social,Silver
C03302,2025-09-12,West,25-34,Email,Bronze
C03303,2025-01-16,East,25-34,Social,Platinum
C03304,2024-09-25,East,45-54,Referral,Silver
C03305,2025-01-02,West,35-44,Social,Silver
C03306,2025-01-17,West,18-24,Paid Search,Silver
C03307,2024-10-07,West,55+,Social,Bronze
C03308,2024-07-18,North,45-54,Email,Bronze
C03309,2026-05-20,West,35-44,Paid Search,Bronze
C03310,2025-07-10,East,18-24,Paid Search,Silver
C03311,2025-04-20,North,55+,Social,Silver
C03312,2026-05-09,West,45-54,Referral,Bronze
C03313,2024-12-11,West,35-44,Paid Search,Platinum
C03314,2025-04-20,East,18-24,Social,Bronze
C03315,2026-03-10,West,18-24,Email,Silver
C03316,2025-10-04,South,25-34,Email,Bronze
C03317,2025-04-18,North,25-34,Organic,Bronze
C03318,2025-01-03,South,25-34,Paid Search,Bronze
C03319,2024-07-26,South,35-44,Referral,Silver
C03320,2024-09-01,West,18-24,Referral,Silver
C03321,2024-10-27,West,25-34,Email,Bronze
C03322,2026-01-25,West,55+,Organic,Bronze
C03323,2025-10-10,North,55+,Social,Silver
C03324,2025-05-12,South,18-24,Organic,Bronze
C03325,2026-01-22,North,45-54,Paid Search,Silver
C03326,2024-10-26,West,55+,Referral,Bronze
C03327,2024-12-01,South,35-44,Paid Search,Gold
C03328,2025-04-13,East,25-34,Organic,Silver
C03329,2026-04-30,West,35-44,Email,Bronze
C03330,2025-09-21,West,25-34,Email,Silver
C03331,2026-03-13,South,25-34,Email,Bronze
C03332,2024-12-28,South,55+,Referral,Gold
C03333,2026-03-11,West,45-54,Email,Silver
C03334,2024-08-22,East,35-44,Email,Bronze
C03335,2024-12-13,North,18-24,Referral,Silver
C03336,2025-07-17,West,55+,Paid Search,Bronze
C03337,2024-08-06,East,18-24,Social,Gold
C03338,2026-03-18,East,45-54,Social,Gold
C03339,2026-03-25,North,25-34,Email,Silver
C03340,2025-07-30,South,25-34,Social,Bronze
C03341,2025-02-08,South,18-24,Social,Silver
C03342,2024-09-11,South,25-34,Organic,Bronze
C03343,2025-09-25,East,45-54,Email,Bronze
C03344,2025-07-27,East,35-44,Organic,Gold
C03345,2026-01-06,Central,18-24,Social,Bronze
C03346,2025-09-13,Central,25-34,Social,Bronze
C03347,2024-10-02,North,18-24,Email,Bronze
C03348,2024-09-27,North,35-44,Social,Platinum
C03349,2026-01-21,West,55+,Organic,Gold
C03350,2024-10-24,Central,55+,Social,Bronze
C03351,2026-05-16,West,55+,Paid Search,Bronze
C03352,2024-09-16,North,18-24,Paid Search,Silver
C03353,2025-12-13,South,35-44,Paid Search,Bronze
C03354,2026-06-11,North,18-24,Organic,Gold
C03355,2025-05-18,West,35-44,Referral,Gold
C03356,2024-08-11,East,35-44,Paid Search,Silver
C03357,2026-04-01,East,45-54,Social,Bronze
C03358,2024-11-14,East,25-34,Referral,Silver
C03359,2025-07-20,South,18-24,Paid Search,Platinum
C03360,2026-06-18,East,35-44,Referral,Bronze
C03361,2025-12-25,North,35-44,Social,Gold
C03362,2024-08-03,West,45-54,Referral,Bronze
C03363,2026-02-19,West,18-24,Social,Platinum
C03364,2024-10-26,West,45-54,Organic,Silver
C03365,2025-12-29,South,35-44,Referral,Bronze
C03366,2025-09-26,West,45-54,Referral,Bronze
C03367,2025-01-26,West,55+,Referral,Bronze
C03368,2025-05-05,North,25-34,Organic,Bronze
C03369,2024-09-24,North,45-54,Referral,Gold
C03370,2026-06-20,West,18-24,Paid Search,Bronze
C03371,2024-12-21,South,55+,Referral,Gold
C03372,2025-02-11,North,35-44,Referral,Bronze
C03373,2025-07-02,North,45-54,Organic,Silver
C03374,2025-11-03,North,45-54,Paid Search,Gold
C03375,2025-07-04,East,45-54,Paid Search,Silver
C03376,2025-07-04,East,25-34,Paid Search,Gold
C03377,2025-08-29,North,45-54,Social,Platinum
C03378,2026-03-18,West,35-44,Social,Silver
C03379,2025-04-15,South,45-54,Email,Silver
C03380,2026-02-27,South,45-54,Email,Bronze
C03381,2026-01-25,North,35-44,Paid Search,Bronze
C03382,2026-06-01,West,18-24,Organic,Bronze
C03383,2026-04-27,Central,25-34,Email,Silver
C03384,2026-02-02,East,55+,Organic,Silver
C03385,2024-12-27,North,35-44,Organic,Silver
C03386,2026-01-16,South,45-54,Email,Gold
C03387,2025-12-19,North,25-34,Paid Search,Bronze
C03388,2025-01-28,West,45-54,Organic,Gold
C03389,2025-11-07,North,35-44,Paid Search,Bronze
C03390,2025-01-01,Central,25-34,Social,Bronze
C03391,2025-07-17,East,18-24,Referral,Silver
C03392,2026-02-01,East,25-34,Referral,Bronze
C03393,2024-11-15,West,35-44,Email,Silver
C03394,2025-03-03,North,25-34,Referral,Silver
C03395,2026-01-31,West,25-34,Social,Silver
C03396,2025-05-27,North,25-34,Social,Bronze
C03397,2026-06-01,West,25-34,Referral,Bronze
C03398,2024-07-06,East,45-54,Paid Search,Bronze
C03399,2025-12-09,North,35-44,Referral,Bronze
C03400,2026-02-14,West,35-44,Referral,Bronze
C03401,2026-05-01,North,18-24,Paid Search,Bronze
C03402,2024-10-23,North,35-44,Email,Gold
C03403,2026-06-18,West,55+,Email,Gold
C03404,2025-04-12,East,45-54,Email,Silver
C03405,2025-03-14,Central,35-44,Paid Search,Bronze
C03406,2025-03-17,West,25-34,Referral,Silver
C03407,2025-10-09,East,25-34,Social,Bronze
C03408,2025-10-24,South,18-24,Organic,Bronze
C03409,2025-06-11,North,18-24,Organic,Bronze
C03410,2024-08-21,Central,45-54,Email,Gold
C03411,2026-06-20,North,55+,Social,Silver
C03412,2024-12-09,East,55+,Organic,Bronze
C03413,2024-09-07,South,45-54,Social,Silver
C03414,2025-09-09,South,55+,Social,Gold
C03415,2025-04-27,East,35-44,Organic,Bronze
C03416,2025-09-22,West,25-34,Paid Search,Silver
C03417,2026-03-31,West,25-34,Social,Bronze
C03418,2024-09-09,West,25-34,Email,Bronze
C03419,2025-01-24,South,45-54,Email,Gold
C03420,2025-07-12,East,,Organic,Bronze
C03421,2026-01-26,North,55+,Email,Silver
C03422,2025-09-11,West,45-54,Referral,Bronze
C03423,2025-04-06,South,25-34,Organic,Silver
C03424,2025-09-18,East,45-54,Referral,Silver
C03425,2026-06-15,North,18-24,Organic,Gold
C03426,2025-06-15,West,35-44,Email,Silver
C03427,2026-04-06,West,18-24,Paid Search,Silver
C03428,2026-01-20,West,18-24,Email,Bronze
C03429,2025-02-05,North,18-24,Referral,Bronze
C03430,2024-12-29,Central,45-54,Referral,Silver
C03431,2026-01-13,South,45-54,Referral,Bronze
C03432,2024-11-29,South,55+,Referral,Bronze
C03433,2025-03-03,South,55+,Paid Search,Gold
C03434,2024-12-19,South,55+,Social,Bronze
C03435,2025-09-16,East,55+,Email,Bronze
C03436,2025-01-31,South,18-24,Organic,Gold
C03437,2025-10-24,South,45-54,Social,Silver
C03438,2026-05-13,West,45-54,Social,Silver
C03439,2026-02-25,West,18-24,Referral,Bronze
C03440,2026-05-23,West,18-24,Organic,Bronze
C03441,2024-07-18,East,55+,Organic,Silver
C03442,2025-05-29,North,55+,Organic,Bronze
C03443,2024-12-08,West,25-34,Social,Silver
C03444,2026-05-01,North,18-24,Social,Bronze
C03445,2025-12-01,South,25-34,Social,Bronze
C03446,2025-02-19,North,18-24,Paid Search,Bronze
C03447,2025-08-15,West,45-54,Paid Search,Bronze
C03448,2025-09-15,South,25-34,Social,Bronze
C03449,2025-06-27,West,18-24,Organic,Silver
C03450,2025-06-11,South,55+,Email,Silver
C03451,2024-08-10,East,55+,Organic,Bronze
C03452,2025-05-26,East,55+,Email,Silver
C03453,2025-03-11,North,55+,Social,Bronze
C03454,2026-02-17,East,18-24,Referral,Bronze
C03455,2026-03-23,West,45-54,Email,Gold
C03456,2025-12-30,East,45-54,Social,Silver
C03457,2024-07-23,North,45-54,Email,Silver
C03458,2026-03-06,West,25-34,Organic,Bronze
C03459,2025-04-16,South,25-34,Organic,Bronze
C03460,2025-04-30,North,55+,Social,Silver
C03461,2026-05-21,North,18-24,Referral,Silver
C03462,2026-03-25,East,45-54,Referral,Silver
C03463,2024-08-07,South,45-54,Paid Search,Platinum
C03464,2025-03-20,West,45-54,Paid Search,Bronze
C03465,2025-12-29,South,35-44,Referral,Silver
C03466,2025-07-28,West,45-54,Social,Silver
C03467,2025-01-04,South,55+,Organic,Bronze
C03468,2025-07-18,East,45-54,Paid Search,Bronze
C03469,2026-03-24,West,18-24,Referral,Silver
C03470,2024-12-10,South,25-34,Referral,Bronze
C03471,2025-12-26,North,25-34,Referral,Silver
C03472,2025-12-18,East,25-34,Organic,Silver
C03473,2026-04-07,Central,25-34,Referral,Bronze
C03474,2025-02-03,Central,25-34,Organic,Bronze
C03475,2024-12-05,North,45-54,Referral,Silver
C03476,2025-08-04,West,18-24,Referral,Bronze
C03477,2025-07-23,South,45-54,Paid Search,Gold
C03478,2025-04-25,North,45-54,Organic,Bronze
C03479,2026-01-20,West,55+,Email,Platinum
C03480,2026-02-03,East,18-24,Organic,Bronze
C03481,2024-12-27,East,25-34,Social,Bronze
C03482,2026-01-31,West,55+,Paid Search,Silver
C03483,2024-12-16,South,35-44,Social,Bronze
C03484,2025-04-24,West,35-44,Referral,Bronze
C03485,2024-07-20,South,18-24,Referral,Bronze
C03486,2025-03-06,North,45-54,Social,Silver
C03487,2026-05-30,South,25-34,Paid Search,Silver
C03488,2025-05-19,Central,55+,Referral,Bronze
C03489,2025-11-30,East,25-34,Social,Bronze
C03490,2024-09-17,North,18-24,Organic,Bronze
C03491,2025-10-07,West,35-44,Referral,Gold
C03492,2025-03-28,Central,35-44,Referral,Bronze
C03493,2025-12-25,Central,35-44,Paid Search,Silver
C03494,2026-05-08,East,55+,Organic,Bronze
C03495,2025-07-23,South,25-34,Organic,Silver
C03496,2024-09-13,East,25-34,Social,Gold
C03497,2025-06-13,West,45-54,Paid Search,Bronze
C03498,2024-09-28,West,18-24,Email,Silver
C03499,2025-05-24,West,55+,Email,Bronze
C03500,2024-08-14,East,25-34,Organic,Silver
C03501,2025-10-10,North,25-34,Referral,Bronze
C03502,2025-02-12,East,18-24,Organic,Bronze
C03503,2024-11-24,North,25-34,Organic,Bronze
C03504,2024-07-13,North,35-44,Email,Bronze
C03505,2026-04-09,East,,Email,Gold
C03506,2026-03-03,West,55+,Referral,Silver
C03507,2026-02-12,West,45-54,Social,Bronze
C03508,2024-08-12,West,25-34,Social,Bronze
C03509,2025-03-12,West,55+,Email,Silver
C03510,2026-06-09,West,18-24,Email,Bronze
C03511,2025-08-26,West,25-34,Email,Bronze
C03512,2024-10-02,North,25-34,Paid Search,Silver
C03513,2024-10-11,East,35-44,Referral,Bronze
C03514,2025-01-08,North,25-34,Paid Search,Bronze
C03515,2026-06-09,North,55+,Paid Search,Bronze
C03516,2024-11-01,North,25-34,Paid Search,Bronze
C03517,2026-04-20,West,25-34,Paid Search,Silver
C03518,2025-11-07,West,45-54,Paid Search,Silver
C03519,2026-05-04,Central,35-44,Social,Platinum
C03520,2026-02-23,Central,35-44,Email,Bronze
C03521,2025-02-28,Central,55+,Social,Silver
C03522,2026-02-24,North,35-44,Referral,Gold
C03523,2024-11-01,West,18-24,Social,Silver
C03524,2025-01-29,West,45-54,Social,Gold
C03525,2024-12-02,West,45-54,Organic,Platinum
C03526,2024-10-06,North,25-34,Referral,Silver
C03527,2024-09-04,North,55+,Organic,Platinum
C03528,2024-11-14,Central,25-34,Organic,Silver
C03529,2024-09-26,North,18-24,Referral,Bronze
C03530,2025-04-04,South,18-24,Social,Gold
C03531,2024-08-21,East,45-54,Organic,Gold
C03532,2024-08-14,North,25-34,Social,Bronze
C03533,2026-06-22,North,35-44,Social,Bronze
C03534,2024-09-02,Central,45-54,Organic,Bronze
C03535,2024-08-23,West,55+,Email,Gold
C03536,2024-07-22,Central,35-44,Email,Bronze
C03537,2024-10-05,South,55+,Organic,Bronze
C03538,2025-07-20,North,25-34,Email,Bronze
C03539,2026-02-24,East,55+,Paid Search,Bronze
C03540,2025-12-18,East,25-34,Email,Gold
C03541,2025-08-27,North,18-24,Paid Search,Bronze
C03542,2024-08-31,West,45-54,Paid Search,Bronze
C03543,2026-01-16,Central,45-54,Social,Bronze
C03544,2024-07-28,East,55+,Social,Silver
C03545,2025-10-03,South,55+,Paid Search,Silver
C03546,2025-04-25,South,18-24,Referral,Bronze
C03547,2026-04-05,North,45-54,Email,Bronze
C03548,2025-02-10,South,45-54,Social,Gold
C03549,2025-10-09,East,45-54,Paid Search,Silver
C03550,2025-05-17,East,18-24,Social,Silver
C03551,2025-07-16,East,,Organic,Bronze
C03552,2026-05-16,West,45-54,Referral,Platinum
C03553,2025-12-02,North,55+,Organic,Silver
C03554,2025-04-29,North,18-24,Email,Bronze
C03555,2025-05-23,North,18-24,Paid Search,Gold
C03556,2025-11-26,North,35-44,Email,Gold
C03557,2025-03-10,East,25-34,Paid Search,Silver
C03558,2024-10-31,West,55+,Organic,Silver
C03559,2025-06-06,Central,55+,Referral,Bronze
C03560,2024-08-19,West,35-44,Email,Bronze
C03561,2024-11-01,South,55+,Organic,Bronze
C03562,2025-05-03,North,25-34,Organic,Silver
C03563,2026-02-01,South,55+,Social,Bronze
C03564,2026-01-21,South,35-44,Referral,Bronze
C03565,2025-01-07,West,35-44,Social,Gold
C03566,2025-05-04,East,18-24,Organic,Bronze
C03567,2024-10-20,North,18-24,Email,Silver
C03568,2026-01-02,South,18-24,Social,Bronze
C03569,2024-12-27,North,35-44,Email,Bronze
C03570,2026-02-03,Central,18-24,Paid Search,Bronze
C03571,2026-03-06,North,18-24,Organic,Bronze
C03572,2025-11-15,North,45-54,Organic,Bronze
C03573,2025-02-26,North,55+,Email,Bronze
C03574,2026-05-26,West,18-24,Email,Silver
C03575,2025-11-13,East,35-44,Paid Search,Bronze
C03576,2025-10-14,East,55+,Organic,Bronze
C03577,2026-03-17,South,35-44,Email,Bronze
C03578,2026-04-04,North,18-24,Organic,Bronze
C03579,2024-08-26,West,18-24,Organic,Bronze
C03580,2026-04-04,North,55+,Social,Bronze
C03581,2026-01-09,North,35-44,Email,Silver
C03582,2024-11-28,East,18-24,Referral,Silver
C03583,2025-02-10,North,55+,Email,Gold
C03584,2025-12-31,North,55+,Referral,Silver
C03585,2024-12-05,West,45-54,Email,Bronze
C03586,2025-05-26,East,18-24,Referral,Bronze
C03587,2025-11-15,South,18-24,Organic,Bronze
C03588,2025-10-18,South,25-34,Organic,Silver
C03589,2026-04-25,West,18-24,Email,Bronze
C03590,2024-09-20,North,35-44,Referral,Bronze
C03591,2025-02-01,North,25-34,Email,Platinum
C03592,2026-06-18,East,45-54,Paid Search,Bronze
C03593,2025-08-19,East,18-24,Social,Bronze
C03594,2024-12-29,Central,45-54,Organic,Gold
C03595,2025-01-28,South,55+,Paid Search,Bronze
C03596,2025-03-05,North,18-24,Email,Bronze
C03597,2025-08-09,East,45-54,Organic,Bronze
C03598,2025-01-24,West,35-44,Social,Bronze
C03599,2025-09-27,North,18-24,Paid Search,Platinum
C03600,2025-05-21,East,25-34,Social,Silver
C03601,2025-09-18,North,45-54,Email,Bronze
C03602,2024-10-22,West,55+,Referral,Bronze
C03603,2025-09-28,West,25-34,Social,Bronze
C03604,2026-05-06,East,18-24,Referral,Silver
C03605,2024-10-07,Central,25-34,Email,Bronze
C03606,2025-02-24,Central,55+,Referral,Bronze
C03607,2025-11-18,North,35-44,Email,Silver
C03608,2025-09-24,South,35-44,Social,Gold
C03609,2025-11-04,East,18-24,Email,Gold
C03610,2025-08-12,North,45-54,Paid Search,Gold
C03611,2025-11-10,South,35-44,Email,Bronze
C03612,2025-09-18,South,35-44,Email,Silver
C03613,2024-08-23,Central,55+,Email,Gold
C03614,2025-12-30,South,35-44,Organic,Bronze
C03615,2025-05-22,West,55+,Social,Bronze
C03616,2024-08-07,South,35-44,Email,Bronze
C03617,2025-04-25,North,25-34,Organic,Platinum
C03618,2025-05-14,West,55+,Email,Gold
C03619,2024-09-02,North,45-54,Referral,Silver
C03620,2026-06-27,North,45-54,Social,Bronze
C03621,2024-12-10,South,25-34,Referral,Gold
C03622,2025-02-27,West,45-54,Referral,Bronze
C03623,2025-05-18,South,35-44,Social,Bronze
C03624,2026-02-27,North,18-24,Referral,Silver
C03625,2025-12-24,South,25-34,Referral,Silver
C03626,2026-01-14,South,55+,Organic,Gold
C03627,2024-12-20,North,35-44,Referral,Bronze
C03628,2026-03-09,East,45-54,Organic,Bronze
C03629,2026-02-25,North,18-24,Social,Bronze
C03630,2025-06-04,South,25-34,Referral,Bronze
C03631,2025-08-02,West,55+,Email,Gold
C03632,2024-07-28,West,35-44,Paid Search,Bronze
C03633,2026-01-06,South,55+,Email,Bronze
C03634,2026-06-01,South,55+,Paid Search,Bronze
C03635,2025-06-10,South,25-34,Paid Search,Silver
C03636,2025-07-30,Central,55+,Referral,Gold
C03637,2025-06-29,North,45-54,Organic,Bronze
C03638,2024-08-30,North,18-24,Referral,Bronze
C03639,2025-09-25,East,18-24,Social,Gold
C03640,2025-12-08,North,18-24,Organic,Silver
C03641,2026-05-08,North,45-54,Email,Bronze
C03642,2026-05-09,North,18-24,Organic,Bronze
C03643,2025-06-24,West,25-34,Paid Search,Platinum
C03644,2026-05-31,East,35-44,Paid Search,Silver
C03645,2025-07-21,West,18-24,Email,Bronze
C03646,2025-10-12,West,25-34,Paid Search,Bronze
C03647,2025-09-12,South,45-54,Email,Bronze
C03648,2026-06-29,Central,55+,Organic,Bronze
C03649,2025-12-20,West,35-44,Email,Bronze
C03650,2024-09-26,West,45-54,Email,Bronze
C03651,2024-08-22,West,35-44,Paid Search,Bronze
C03652,2025-04-25,South,35-44,Referral,Bronze
C03653,2025-07-11,South,35-44,Social,Bronze
C03654,2025-10-31,East,55+,Email,Bronze
C03655,2025-06-17,North,18-24,Organic,Silver
C03656,2025-07-11,East,35-44,Referral,Bronze
C03657,2026-05-03,North,18-24,Paid Search,Gold
C03658,2025-03-02,North,55+,Email,Gold
C03659,2025-06-25,Central,45-54,Organic,Gold
C03660,2025-08-11,West,18-24,Organic,Bronze
C03661,2025-06-07,East,45-54,Organic,Bronze
C03662,2026-06-06,South,35-44,Referral,Silver
C03663,2026-06-02,East,18-24,Paid Search,Bronze
C03664,2025-07-10,Central,55+,Referral,Bronze
C03665,2025-05-25,West,25-34,Social,Bronze
C03666,2025-09-03,East,18-24,Organic,Silver
C03667,2024-11-09,East,45-54,Social,Silver
C03668,2025-05-07,South,25-34,Social,Bronze
C03669,2024-12-06,West,45-54,Paid Search,Gold
C03670,2024-10-14,Central,18-24,Email,Silver
C03671,2024-09-08,East,55+,Referral,Bronze
C03672,2025-09-01,South,35-44,Referral,Bronze
C03673,2024-07-01,East,35-44,Social,Bronze
C03674,2025-10-15,East,55+,Referral,Gold
C03675,2025-05-11,Central,35-44,Referral,Silver
C03676,2025-03-25,West,18-24,Organic,Silver
C03677,2026-01-12,South,35-44,Email,Silver
C03678,2025-07-28,South,45-54,Email,Bronze
C03679,2025-12-17,East,25-34,Organic,Gold
C03680,2025-11-30,North,18-24,Email,Gold
C03681,2024-07-24,East,18-24,Referral,Silver
C03682,2024-12-05,West,55+,Paid Search,Bronze
C03683,2025-08-20,West,18-24,Referral,Bronze
C03684,2026-06-12,North,35-44,Referral,Bronze
C03685,2024-10-21,West,55+,Email,Bronze
C03686,2024-09-15,West,25-34,Email,Silver
C03687,2026-05-18,South,25-34,Social,Silver
C03688,2026-06-05,East,45-54,Social,Gold
C03689,2024-10-31,East,45-54,Social,Bronze
C03690,2025-04-19,West,18-24,Social,Bronze
C03691,2025-09-30,North,35-44,Social,Bronze
C03692,2024-11-20,North,18-24,Referral,Platinum
C03693,2025-02-23,East,25-34,Email,Silver
C03694,2025-04-15,North,25-34,Paid Search,Bronze
C03695,2025-10-11,South,55+,Social,Silver
C03696,2025-02-10,West,55+,Paid Search,Silver
C03697,2025-04-27,North,45-54,Organic,Bronze
C03698,2025-01-28,East,45-54,Paid Search,Bronze
C03699,2026-01-05,Central,18-24,Organic,Bronze
C03700,2024-10-20,East,18-24,Referral,Bronze
C03701,2024-12-16,East,45-54,Organic,Silver
C03702,2024-12-30,East,35-44,Paid Search,Bronze
C03703,2026-04-22,North,35-44,Paid Search,Silver
C03704,2026-05-20,North,45-54,Paid Search,Silver
C03705,2025-06-30,West,25-34,Paid Search,Bronze
C03706,2024-10-23,South,45-54,Email,Gold
C03707,2026-01-03,South,45-54,Referral,Bronze
C03708,2025-06-24,North,25-34,Organic,Silver
C03709,2026-03-12,West,45-54,Paid Search,Bronze
C03710,2025-03-20,North,18-24,Social,Silver
C03711,2026-06-29,West,25-34,Paid Search,Bronze
C03712,2026-02-09,South,45-54,Email,Bronze
C03713,2024-12-11,East,55+,Paid Search,Bronze
C03714,2025-12-11,South,18-24,Social,Silver
C03715,2025-01-26,North,45-54,Social,Silver
C03716,2025-03-12,East,35-44,Paid Search,Silver
C03717,2024-12-30,West,45-54,Email,Bronze
C03718,2025-11-10,North,45-54,Email,Silver
C03719,2025-01-08,East,18-24,Social,Silver
C03720,2025-10-09,East,45-54,Social,Bronze
C03721,2025-08-29,North,25-34,Referral,Bronze
C03722,2025-12-30,East,18-24,Referral,Bronze
C03723,2026-06-25,North,35-44,Referral,Silver
C03724,2024-07-07,East,18-24,Organic,Bronze
C03725,2026-06-22,North,45-54,Referral,Bronze
C03726,2024-09-18,East,35-44,Referral,Platinum
C03727,2025-07-20,South,35-44,Referral,Gold
C03728,2025-03-06,East,18-24,Email,Bronze
C03729,2025-10-09,East,45-54,Paid Search,Gold
C03730,2025-12-09,Central,18-24,Email,Bronze
C03731,2026-03-19,East,25-34,Social,Gold
C03732,2025-04-20,West,25-34,Referral,Bronze
C03733,2026-05-12,North,45-54,Paid Search,Bronze
C03734,2025-02-21,South,35-44,Email,Platinum
C03735,2024-11-26,North,55+,Email,Bronze
C03736,2025-04-03,East,55+,Referral,Gold
C03737,2025-07-21,West,45-54,Organic,Bronze
C03738,2025-10-31,West,18-24,Referral,Bronze
C03739,2026-02-28,East,45-54,Paid Search,Gold
C03740,2024-12-11,West,25-34,Referral,Bronze
C03741,2025-02-07,North,55+,Organic,Gold
C03742,2026-05-16,North,55+,Paid Search,Gold
C03743,2025-05-17,West,18-24,Email,Bronze
C03744,2024-12-24,North,18-24,Social,Bronze
C03745,2026-06-19,North,45-54,Email,Bronze
C03746,2025-05-24,Central,18-24,Social,Bronze
C03747,2026-06-19,Central,55+,Organic,Bronze
C03748,2026-05-02,East,35-44,Email,Bronze
C03749,2026-04-22,South,35-44,Social,Silver
C03750,2025-08-29,West,55+,Social,Bronze
C03751,2026-02-03,North,25-34,Paid Search,Silver
C03752,2026-06-01,East,35-44,Referral,Bronze
C03753,2025-01-13,South,55+,Email,Bronze
C03754,2024-07-28,Central,18-24,Organic,Bronze
C03755,2025-02-19,Central,18-24,Organic,Bronze
C03756,2025-10-08,West,18-24,Organic,Silver
C03757,2025-08-03,North,25-34,Organic,Bronze
C03758,2024-08-28,East,18-24,Email,Silver
C03759,2025-08-13,South,18-24,Email,Silver
C03760,2024-11-05,Central,55+,Social,Bronze
C03761,2025-07-04,North,35-44,Social,Gold
C03762,2025-08-24,North,25-34,Referral,Gold
C03763,2025-10-08,West,35-44,Referral,Bronze
C03764,2025-04-27,East,55+,Social,Gold
C03765,2025-04-24,West,35-44,Social,Bronze
C03766,2025-11-07,North,35-44,Social,Silver
C03767,2025-12-29,West,55+,Referral,Bronze
C03768,2026-02-09,North,18-24,Email,Silver
C03769,2025-03-01,North,35-44,Paid Search,Gold
C03770,2025-05-06,East,45-54,Referral,Platinum
C03771,2025-02-27,North,35-44,Paid Search,Platinum
C03772,2025-07-20,East,55+,Email,Bronze
C03773,2024-10-01,North,55+,Referral,Silver
C03774,2025-05-10,North,25-34,Referral,Bronze
C03775,2024-11-15,West,55+,Organic,Bronze
C03776,2025-07-24,North,25-34,Paid Search,Bronze
C03777,2026-03-13,West,25-34,Email,Gold
C03778,2026-06-19,West,55+,Organic,Silver
C03779,2025-05-22,North,18-24,Organic,Bronze
C03780,2024-08-11,West,25-34,Paid Search,Platinum
C03781,2024-12-14,South,45-54,Social,Silver
C03782,2024-09-15,South,35-44,Organic,Bronze
C03783,2026-01-05,North,55+,Organic,Bronze
C03784,2026-06-18,West,25-34,Paid Search,Silver
C03785,2025-08-08,East,35-44,Social,Silver
C03786,2024-11-06,East,18-24,Social,Bronze
C03787,2024-07-16,Central,25-34,Email,Bronze
C03788,2026-06-12,South,18-24,Referral,Bronze
C03789,2025-02-16,Central,45-54,Organic,Bronze
C03790,2024-09-20,West,25-34,Email,Bronze
C03791,2024-11-07,Central,,Organic,Bronze
C03792,2025-01-03,Central,25-34,Paid Search,Bronze
C03793,2025-10-22,Central,35-44,Paid Search,Silver
C03794,2026-04-12,North,55+,Email,Bronze
C03795,2025-01-17,West,55+,Paid Search,Bronze
C03796,2025-11-13,West,18-24,Referral,Bronze
C03797,2024-08-17,West,45-54,Paid Search,Gold
C03798,2024-07-08,South,55+,Referral,Bronze
C03799,2024-08-10,Central,45-54,Referral,Bronze
C03800,2026-05-04,North,18-24,Social,Bronze
C03801,2025-08-29,East,45-54,Organic,Silver
C03802,2026-02-07,East,45-54,Email,Bronze
C03803,2024-07-16,North,45-54,Social,Bronze
C03804,2024-07-17,West,35-44,Paid Search,Gold
C03805,2026-03-11,North,35-44,Social,Silver
C03806,2024-09-13,West,45-54,Paid Search,Bronze
C03807,2024-10-22,West,35-44,Paid Search,Bronze
C03808,2025-07-14,South,45-54,Referral,Gold
C03809,2025-09-16,West,45-54,Paid Search,Gold
C03810,2024-12-14,North,25-34,Social,Silver
C03811,2025-05-21,West,45-54,Email,Silver
C03812,2025-11-04,Central,45-54,Paid Search,Gold
C03813,2025-05-19,North,35-44,Email,Gold
C03814,2025-04-05,West,45-54,Referral,Bronze
C03815,2024-08-22,East,18-24,Referral,Platinum
C03816,2025-05-26,East,25-34,Organic,Silver
C03817,2026-02-06,West,45-54,Social,Silver
C03818,2025-09-30,East,55+,Organic,Bronze
C03819,2026-04-13,East,45-54,Email,Bronze
C03820,2024-09-30,South,45-54,Paid Search,Silver
C03821,2024-07-09,South,25-34,Referral,Silver
C03822,2025-08-04,West,45-54,Organic,Bronze
C03823,2024-11-08,North,25-34,Referral,Silver
C03824,2025-09-07,East,18-24,Paid Search,Bronze
C03825,2026-04-20,North,25-34,Referral,Bronze
C03826,2025-03-03,West,45-54,Organic,Silver
C03827,2025-08-05,East,55+,Paid Search,Silver
C03828,2025-11-09,South,35-44,Paid Search,Bronze
C03829,2024-10-18,South,55+,Referral,Bronze
C03830,2026-04-16,East,45-54,Email,Bronze
C03831,2024-11-25,Central,35-44,Referral,Silver
C03832,2026-02-10,East,55+,Social,Gold
C03833,2025-10-25,East,35-44,Email,Silver
C03834,2024-10-11,West,35-44,Email,Silver
C03835,2025-12-11,South,45-54,Email,Bronze
C03836,2024-11-21,East,45-54,Referral,Bronze
C03837,2025-09-10,South,35-44,Referral,Gold
C03838,2026-05-31,North,35-44,Social,Bronze
C03839,2026-05-26,West,55+,Social,Bronze
C03840,2026-03-28,West,18-24,Email,Bronze
C03841,2025-06-26,Central,18-24,Email,Silver
C03842,2025-08-12,Central,35-44,Referral,Bronze
C03843,2025-02-04,East,18-24,Email,Bronze
C03844,2026-05-03,South,25-34,Referral,Silver
C03845,2025-06-13,West,35-44,Email,Bronze
C03846,2026-01-14,Central,35-44,Referral,Bronze
C03847,2025-03-20,West,25-34,Email,Silver
C03848,2025-12-22,East,25-34,Referral,Platinum
C03849,2024-12-11,West,45-54,Organic,Bronze
C03850,2025-12-17,West,55+,Referral,Bronze
C03851,2024-08-03,Central,45-54,Paid Search,Bronze
C03852,2024-09-15,West,35-44,Email,Bronze
C03853,2025-03-14,East,18-24,Paid Search,Gold
C03854,2025-06-17,South,25-34,Social,Silver
C03855,2025-12-01,East,35-44,Email,Bronze
C03856,2025-03-19,South,25-34,Social,Silver
C03857,2024-07-14,Central,45-54,Email,Bronze
C03858,2025-02-23,East,25-34,Organic,Bronze
C03859,2025-05-17,East,55+,Referral,Gold
C03860,2025-08-01,South,25-34,Social,Bronze
C03861,2025-10-13,West,35-44,Email,Bronze
C03862,2024-12-28,East,45-54,Paid Search,Gold
C03863,2025-09-18,North,25-34,Social,Bronze
C03864,2025-10-04,West,45-54,Social,Bronze
C03865,2026-01-18,South,35-44,Organic,Bronze
C03866,2025-07-16,East,45-54,Social,Bronze
C03867,2026-02-11,North,35-44,Email,Bronze
C03868,2024-12-09,East,55+,Referral,Bronze
C03869,2025-12-01,West,45-54,Referral,Bronze
C03870,2024-08-03,Central,18-24,Paid Search,Bronze
C03871,2024-09-13,North,35-44,Email,Silver
C03872,2026-03-23,Central,55+,Organic,Gold
C03873,2025-06-12,West,25-34,Referral,Silver
C03874,2025-09-26,South,35-44,Referral,Silver
C03875,2025-09-13,North,45-54,Referral,Silver
C03876,2025-11-19,South,25-34,Social,Bronze
C03877,2024-12-27,West,35-44,Paid Search,Bronze
C03878,2024-11-07,South,35-44,Email,Bronze
C03879,2024-08-01,East,18-24,Email,Bronze
C03880,2026-03-23,West,18-24,Paid Search,Platinum
C03881,2024-12-10,West,35-44,Social,Bronze
C03882,2025-08-24,West,18-24,Email,Gold
C03883,2025-05-28,West,55+,Social,Bronze
C03884,2024-10-27,North,35-44,Paid Search,Bronze
C03885,2025-04-28,West,45-54,Paid Search,Bronze
C03886,2024-08-30,South,25-34,Social,Bronze
C03887,2024-11-06,North,25-34,Paid Search,Bronze
C03888,2024-10-10,Central,35-44,Paid Search,Silver
C03889,2026-02-21,North,45-54,Organic,Bronze
C03890,2025-08-18,North,25-34,Paid Search,Gold
C03891,2026-05-06,East,25-34,Email,Gold
C03892,2025-05-14,South,18-24,Paid Search,Bronze
C03893,2024-11-24,North,35-44,Organic,Platinum
C03894,2025-09-17,East,,Referral,Bronze
C03895,2026-05-09,West,35-44,Social,Bronze
C03896,2025-07-24,West,25-34,Social,Bronze
C03897,2024-07-14,North,25-34,Social,Silver
C03898,2025-02-07,East,25-34,Social,Bronze
C03899,2026-05-06,West,25-34,Social,Silver
C03900,2025-07-13,North,25-34,Email,Gold
C03901,2026-05-25,North,55+,Referral,Bronze
C03902,2025-07-07,North,25-34,Referral,Silver
C03903,2024-07-09,East,25-34,Social,Silver
C03904,2026-03-29,North,45-54,Paid Search,Bronze
C03905,2026-01-08,West,55+,Organic,Bronze
C03906,2025-12-04,Central,35-44,Social,Bronze
C03907,2026-06-08,North,45-54,Referral,Bronze
C03908,2024-11-21,West,18-24,Paid Search,Silver
C03909,2026-04-22,North,35-44,Referral,Bronze
C03910,2024-12-17,North,18-24,Email,Bronze
C03911,2026-06-08,West,18-24,Email,Silver
C03912,2024-11-17,East,35-44,Social,Silver
C03913,2025-08-06,Central,25-34,Email,Gold
C03914,2026-01-27,East,18-24,Organic,Bronze
C03915,2024-08-26,North,18-24,Organic,Silver
C03916,2024-08-18,East,45-54,Organic,Bronze
C03917,2026-03-12,North,35-44,Email,Silver
C03918,2024-08-14,West,25-34,Social,Bronze
C03919,2025-09-21,West,55+,Paid Search,Bronze
C03920,2026-05-15,South,25-34,Organic,Platinum
C03921,2025-09-22,East,55+,Social,Silver
C03922,2025-06-16,West,25-34,Paid Search,Silver
C03923,2025-05-01,West,18-24,Organic,Bronze
C03924,2025-10-09,North,18-24,Organic,Silver
C03925,2025-08-21,North,25-34,Email,Bronze
C03926,2025-07-01,North,18-24,Email,Bronze
C03927,2024-10-20,South,18-24,Paid Search,Bronze
C03928,2025-10-27,East,25-34,Social,Bronze
C03929,2025-12-22,North,55+,Paid Search,Bronze
C03930,2025-11-29,South,25-34,Social,Silver
C03931,2024-08-24,East,25-34,Organic,Bronze
C03932,2025-11-25,North,55+,Referral,Gold
C03933,2025-12-15,Central,25-34,Email,Gold
C03934,2024-11-11,East,55+,Referral,Bronze
C03935,2026-03-11,South,45-54,Paid Search,Silver
C03936,2025-07-17,East,55+,Referral,Bronze
C03937,2025-06-10,South,35-44,Social,Gold
C03938,2025-12-09,West,35-44,Organic,Bronze
C03939,2025-07-07,East,25-34,Paid Search,Bronze
C03940,2025-08-02,East,35-44,Referral,Bronze
C03941,2025-02-13,Central,45-54,Email,Gold
C03942,2026-05-08,West,55+,Email,Bronze
C03943,2026-06-07,West,18-24,Paid Search,Silver
C03944,2024-10-04,North,18-24,Email,Bronze
C03945,2025-12-17,North,18-24,Referral,Silver
C03946,2024-07-18,West,45-54,Organic,Bronze
C03947,2025-03-26,East,18-24,Paid Search,Bronze
C03948,2026-06-08,West,55+,Organic,Bronze
C03949,2024-11-05,West,25-34,Organic,Bronze
C03950,2025-04-01,South,25-34,Referral,Silver
C03951,2024-12-08,South,55+,Paid Search,Silver
C03952,2025-12-13,East,45-54,Organic,Bronze
C03953,2025-06-04,South,35-44,Organic,Bronze
C03954,2025-09-06,West,55+,Referral,Bronze
C03955,2026-05-19,West,45-54,Social,Silver
C03956,2025-07-15,East,45-54,Email,Silver
C03957,2025-12-18,West,25-34,Paid Search,Gold
C03958,2024-09-10,East,55+,Email,Gold
C03959,2024-12-04,West,45-54,Referral,Bronze
C03960,2026-05-22,North,55+,Email,Bronze
C03961,2026-03-19,West,55+,Social,Gold
C03962,2025-10-22,West,35-44,Paid Search,Bronze
C03963,2025-04-02,South,25-34,Paid Search,Bronze
C03964,2024-11-23,East,55+,Social,Bronze
C03965,2026-03-13,West,55+,Social,Silver
C03966,2026-01-24,South,18-24,Organic,Silver
C03967,2024-12-24,West,45-54,Organic,Platinum
C03968,2025-09-03,Central,45-54,Social,Bronze
C03969,2025-09-25,West,45-54,Organic,Bronze
C03970,2025-06-14,South,55+,Social,Bronze
C03971,2026-05-07,East,25-34,Paid Search,Silver
C03972,2024-09-29,Central,55+,Paid Search,Bronze
C03973,2025-01-05,East,45-54,Organic,Gold
C03974,2024-09-08,North,18-24,Social,Bronze
C03975,2025-11-18,North,35-44,Organic,Silver
C03976,2025-10-13,West,18-24,Email,Silver
C03977,2026-06-20,East,55+,Referral,Bronze
C03978,2025-07-31,South,45-54,Referral,Silver
C03979,2024-10-18,South,55+,Email,Bronze
C03980,2025-05-25,West,45-54,Referral,Silver
C03981,2024-09-03,East,25-34,Referral,Silver
C03982,2025-11-02,West,35-44,Email,Silver
C03983,2025-11-04,West,55+,Paid Search,Bronze
C03984,2026-03-18,Central,18-24,Social,Platinum
C03985,2025-03-05,Central,55+,Referral,Gold
C03986,2025-02-12,South,35-44,Email,Silver
C03987,2024-08-21,West,35-44,Paid Search,Platinum
C03988,2025-04-29,North,45-54,Organic,Bronze
C03989,2025-06-12,Central,18-24,Organic,Bronze
C03990,2026-01-02,South,18-24,Paid Search,Bronze
C03991,2026-01-01,West,18-24,Referral,Bronze
C03992,2024-10-11,West,45-54,Social,Bronze
C03993,2025-01-24,North,18-24,Organic,Silver
C03994,2025-07-08,West,45-54,Referral,Bronze
C03995,2025-03-02,North,18-24,Social,Bronze
C03996,2024-07-19,East,45-54,Paid Search,Silver
C03997,2026-03-09,East,55+,Referral,Silver
C03998,2025-12-16,South,35-44,Paid Search,Platinum
C03999,2025-07-15,East,25-34,Email,Bronze
C04000,2025-02-17,Central,35-44,Referral,Gold
C04001,2026-03-07,South,45-54,Social,Bronze
C04002,2024-07-26,East,45-54,Email,Bronze
C04003,2025-05-22,West,45-54,Paid Search,Silver
C04004,2026-02-04,West,35-44,Referral,Bronze
C04005,2026-05-26,North,45-54,Organic,Silver
C04006,2024-12-31,Central,25-34,Paid Search,Bronze
C04007,2025-10-18,North,25-34,Referral,Bronze
C04008,2024-11-16,East,55+,Social,Bronze
C04009,2024-09-23,East,35-44,Organic,Bronze
C04010,2025-03-15,West,55+,Social,Bronze
C04011,2026-04-07,North,45-54,Paid Search,Bronze
C04012,2025-11-15,North,35-44,Social,Bronze
C04013,2025-06-22,West,35-44,Paid Search,Silver
C04014,2025-01-23,North,45-54,Paid Search,Bronze
C04015,2024-10-12,East,18-24,Referral,Silver
C04016,2025-01-14,West,35-44,Organic,Silver
C04017,2024-10-20,West,45-54,Email,Bronze
C04018,2024-11-14,North,18-24,Organic,Bronze
C04019,2025-11-14,South,18-24,Social,Silver
C04020,2024-10-05,Central,18-24,Email,Gold
C04021,2024-08-04,East,35-44,Referral,Bronze
C04022,2025-07-31,North,25-34,Paid Search,Silver
C04023,2025-01-25,North,35-44,Organic,Bronze
C04024,2025-05-28,South,18-24,Email,Bronze
C04025,2024-10-10,Central,25-34,Referral,Bronze
C04026,2024-12-01,South,18-24,Social,Bronze
C04027,2025-05-18,North,55+,Organic,Bronze
C04028,2025-11-16,East,35-44,Social,Bronze
C04029,2025-04-29,North,18-24,Paid Search,Bronze
C04030,2025-07-30,South,35-44,Social,Silver
C04031,2025-07-16,Central,55+,Organic,Bronze
C04032,2025-01-12,West,55+,Paid Search,Silver
C04033,2025-01-20,North,55+,Referral,Gold
C04034,2025-05-07,East,35-44,Organic,Bronze
C04035,2024-07-24,North,25-34,Referral,Bronze
C04036,2025-11-12,North,25-34,Social,Bronze
C04037,2025-09-21,East,25-34,Social,Gold
C04038,2025-02-09,East,55+,Referral,Bronze
C04039,2025-03-30,West,18-24,Paid Search,Bronze
C04040,2025-02-25,Central,55+,Referral,Platinum
C04041,2025-10-18,South,55+,Paid Search,Bronze
C04042,2026-01-05,Central,55+,Paid Search,Bronze
C04043,2024-09-18,East,45-54,Social,Gold
C04044,2025-04-28,South,55+,Email,Gold
C04045,2024-07-11,West,18-24,Paid Search,Bronze
C04046,2025-05-26,North,55+,Email,Bronze
C04047,2024-12-29,East,35-44,Organic,Bronze
C04048,2025-03-02,West,55+,Email,Bronze
C04049,2025-05-29,South,18-24,Email,Bronze
C04050,2025-02-21,West,55+,Social,Bronze
C04051,2025-04-14,South,35-44,Email,Silver
C04052,2026-01-09,West,18-24,Email,Silver
C04053,2026-02-11,North,35-44,Referral,Gold
C04054,2024-07-05,North,18-24,Paid Search,Gold
C04055,2025-04-02,South,18-24,Social,Bronze
C04056,2026-03-10,West,35-44,Social,Bronze
C04057,2025-07-22,North,55+,Paid Search,Bronze
C04058,2024-11-27,West,18-24,Referral,Bronze
C04059,2025-09-06,North,25-34,Social,Bronze
C04060,2024-10-14,East,25-34,Social,Silver
C04061,2024-07-16,South,35-44,Organic,Bronze
C04062,2025-10-05,North,18-24,Social,Bronze
C04063,2025-07-11,Central,45-54,Email,Bronze
C04064,2026-01-03,East,35-44,Social,Platinum
C04065,2025-03-09,West,55+,Email,Silver
C04066,2026-03-15,East,25-34,Organic,Bronze
C04067,2025-05-04,East,35-44,Organic,Bronze
C04068,2025-12-21,East,18-24,Paid Search,Gold
C04069,2024-09-12,Central,55+,Paid Search,Bronze
C04070,2024-09-09,West,55+,Referral,Silver
C04071,2026-01-22,East,25-34,Referral,Silver
C04072,2026-02-28,West,35-44,Social,Silver
C04073,2026-05-19,East,55+,Social,Bronze
C04074,2025-02-22,East,25-34,Paid Search,Gold
C04075,2024-07-17,East,25-34,Social,Bronze
C04076,2026-06-15,East,25-34,Email,Bronze
C04077,2025-09-12,West,45-54,Email,Bronze
C04078,2024-12-28,Central,25-34,Referral,Bronze
C04079,2026-01-08,Central,18-24,Social,Bronze
C04080,2026-04-20,West,18-24,Paid Search,Silver
C04081,2025-01-24,East,55+,Organic,Gold
C04082,2026-01-13,West,55+,Email,Bronze
C04083,2026-01-26,North,55+,Referral,Silver
C04084,2025-07-01,East,25-34,Social,Platinum
C04085,2025-10-04,South,35-44,Referral,Bronze
C04086,2025-01-13,North,35-44,Paid Search,Silver
C04087,2026-05-09,Central,35-44,Organic,Platinum
C04088,2026-06-17,West,18-24,Email,Silver
C04089,2026-06-16,East,35-44,Organic,Bronze
C04090,2025-12-20,South,18-24,Organic,Gold
C04091,2024-07-31,West,25-34,Email,Silver
C04092,2025-03-25,East,25-34,Social,Bronze
C04093,2025-05-21,West,45-54,Email,Bronze
C04094,2026-05-31,Central,55+,Email,Bronze
C04095,2025-08-03,South,45-54,Paid Search,Bronze
C04096,2025-07-26,South,35-44,Email,Bronze
C04097,2024-10-15,South,35-44,Social,Bronze
C04098,2026-01-30,North,35-44,Social,Gold
C04099,2025-03-03,South,18-24,Email,Silver
C04100,2024-09-05,North,55+,Paid Search,Bronze
C04101,2026-06-20,North,55+,Social,Bronze
C04102,2024-11-16,South,25-34,Social,Bronze
C04103,2024-07-12,North,18-24,Organic,Bronze
C04104,2024-08-26,West,18-24,Paid Search,Silver
C04105,2025-05-26,North,45-54,Organic,Bronze
C04106,2024-09-14,West,18-24,Organic,Gold
C04107,2026-03-07,North,18-24,Social,Bronze
C04108,2025-07-09,North,45-54,Referral,Bronze
C04109,2025-02-22,North,18-24,Referral,Gold
C04110,2024-07-03,West,18-24,Email,Bronze
C04111,2025-06-15,South,18-24,Social,Bronze
C04112,2024-10-19,East,45-54,Paid Search,Bronze
C04113,2026-06-13,North,25-34,Paid Search,Silver
C04114,2025-01-29,Central,25-34,Email,Bronze
C04115,2025-06-12,North,45-54,Referral,Silver
C04116,2024-07-14,South,18-24,Referral,Silver
C04117,2024-10-04,West,35-44,Paid Search,Gold
C04118,2024-11-29,South,35-44,Social,Silver
C04119,2024-08-07,South,45-54,Social,Silver
C04120,2025-12-12,West,45-54,Organic,Silver
C04121,2026-05-21,South,45-54,Organic,Bronze
C04122,2026-06-19,North,25-34,Organic,Silver
C04123,2025-01-10,East,18-24,Email,Silver
C04124,2026-01-26,North,35-44,Paid Search,Bronze
C04125,2025-07-03,Central,18-24,Email,Silver
C04126,2024-08-03,West,35-44,Paid Search,Bronze
C04127,2024-09-05,East,45-54,Email,Bronze
C04128,2025-08-04,North,55+,Organic,Bronze
C04129,2025-05-05,West,45-54,Paid Search,Bronze
C04130,2024-07-07,West,55+,Paid Search,Bronze
C04131,2026-05-10,North,35-44,Social,Bronze
C04132,2025-12-15,Central,35-44,Social,Bronze
C04133,2025-07-02,East,25-34,Organic,Bronze
C04134,2026-06-20,West,45-54,Email,Silver
C04135,2026-06-08,South,55+,Referral,Bronze
C04136,2026-06-11,North,25-34,Organic,Platinum
C04137,2025-01-05,West,18-24,Organic,Silver
C04138,2026-04-04,West,18-24,Referral,Bronze
C04139,2025-07-03,South,45-54,Email,Bronze
C04140,2025-12-12,North,45-54,Referral,Bronze
C04141,2026-03-19,West,18-24,Email,Bronze
C04142,2024-10-28,North,18-24,Email,Bronze
C04143,2025-05-23,South,45-54,Organic,Silver
C04144,2024-10-02,East,25-34,Social,Silver
C04145,2025-01-20,North,35-44,Paid Search,Bronze
C04146,2025-04-28,North,25-34,Referral,Silver
C04147,2026-03-16,North,45-54,Organic,Bronze
C04148,2026-03-21,Central,45-54,Organic,Gold
C04149,2025-04-11,South,18-24,Social,Gold
C04150,2025-02-25,West,18-24,Referral,Bronze
C04151,2025-07-22,Central,35-44,Referral,Silver
C04152,2026-04-26,West,45-54,Social,Silver
C04153,2026-06-12,East,18-24,Social,Bronze
C04154,2024-12-13,East,18-24,Paid Search,Bronze
C04155,2024-11-13,South,45-54,Referral,Silver
C04156,2025-11-28,East,35-44,Organic,Bronze
C04157,2025-02-05,Central,18-24,Organic,Bronze
C04158,2024-11-23,West,45-54,Social,Silver
C04159,2024-07-23,East,18-24,Paid Search,Bronze
C04160,2025-04-20,South,25-34,Social,Bronze
C04161,2025-04-12,Central,45-54,Referral,Platinum
C04162,2025-08-15,North,25-34,Paid Search,Bronze
C04163,2024-11-23,West,18-24,Referral,Bronze
C04164,2025-12-03,South,55+,Paid Search,Silver
C04165,2025-11-08,West,25-34,Paid Search,Bronze
C04166,2025-06-03,West,,Organic,Silver
C04167,2024-11-10,East,55+,Email,Silver
C04168,2025-07-05,North,55+,Referral,Bronze
C04169,2025-11-04,West,55+,Referral,Bronze
C04170,2025-03-29,South,25-34,Organic,Gold
C04171,2025-01-09,South,55+,Email,Gold
C04172,2025-07-05,East,18-24,Organic,Bronze
C04173,2025-03-16,East,25-34,Email,Bronze
C04174,2025-04-18,West,18-24,Email,Bronze
C04175,2025-03-12,North,35-44,Organic,Gold
C04176,2025-02-07,East,55+,Organic,Silver
C04177,2025-12-05,Central,45-54,Organic,Bronze
C04178,2025-06-01,North,55+,Email,Gold
C04179,2025-06-06,East,18-24,Email,Bronze
C04180,2025-10-20,West,45-54,Organic,Bronze
C04181,2025-03-21,Central,45-54,Social,Silver
C04182,2024-09-12,East,35-44,Email,Bronze
C04183,2026-03-14,West,18-24,Paid Search,Silver
C04184,2024-08-10,North,18-24,Email,Bronze
C04185,2025-08-21,South,55+,Paid Search,Silver
C04186,2025-01-10,Central,25-34,Paid Search,Gold
C04187,2024-12-03,Central,45-54,Paid Search,Bronze
C04188,2024-07-31,East,55+,Paid Search,Bronze
C04189,2026-04-18,East,35-44,Social,Silver
C04190,2025-05-09,East,25-34,Paid Search,Bronze
C04191,2025-03-07,North,35-44,Paid Search,Silver
C04192,2025-12-23,Central,25-34,Email,Silver
C04193,2024-07-29,West,18-24,Paid Search,Bronze
C04194,2025-08-16,East,55+,Email,Gold
C04195,2025-06-26,South,25-34,Organic,Bronze
C04196,2025-08-08,South,45-54,Organic,Bronze
C04197,2024-09-29,North,45-54,Referral,Bronze
C04198,2026-05-26,West,35-44,Social,Silver
C04199,2024-12-21,East,35-44,Email,Gold
C04200,2025-11-07,South,18-24,Email,Bronze
C04201,2025-12-27,East,35-44,Organic,Bronze
C04202,2025-03-08,Central,45-54,Referral,Bronze
C04203,2024-10-04,North,18-24,Social,Silver
C04204,2025-02-02,East,25-34,Referral,Bronze
C04205,2026-02-09,East,45-54,Social,Bronze
C04206,2026-04-22,North,55+,Social,Bronze
C04207,2026-05-15,East,25-34,Email,Bronze
C04208,2024-12-12,East,55+,Organic,Silver
C04209,2025-09-16,North,18-24,Email,Bronze
C04210,2024-10-19,North,35-44,Referral,Bronze
C04211,2025-11-30,West,55+,Email,Bronze
C04212,2025-04-30,South,35-44,Organic,Bronze
C04213,2025-12-03,West,35-44,Email,Bronze
C04214,2025-11-12,East,18-24,Organic,Bronze
C04215,2026-06-24,West,35-44,Organic,Bronze
C04216,2025-06-22,West,35-44,Paid Search,Bronze
C04217,2025-03-06,West,55+,Paid Search,Bronze
C04218,2025-07-20,East,25-34,Organic,Silver
C04219,2024-10-27,East,25-34,Organic,Bronze
C04220,2024-09-20,South,45-54,Email,Bronze
C04221,2025-07-14,South,55+,Social,Silver
C04222,2026-02-22,South,25-34,Organic,Bronze
C04223,2025-07-24,North,45-54,Social,Bronze
C04224,2026-01-22,East,55+,Email,Silver
C04225,2024-11-07,South,45-54,Email,Bronze
C04226,2025-05-24,North,35-44,Paid Search,Gold
C04227,2025-09-20,South,25-34,Organic,Bronze
C04228,2025-03-11,West,25-34,Referral,Gold
C04229,2024-07-11,East,18-24,Email,Silver
C04230,2024-08-23,West,18-24,Referral,Bronze
C04231,2026-05-08,East,35-44,Paid Search,Bronze
C04232,2025-09-15,West,18-24,Organic,Silver
C04233,2025-01-09,West,18-24,Paid Search,Bronze
C04234,2025-01-05,North,45-54,Paid Search,Bronze
C04235,2024-07-29,Central,18-24,Email,Gold
C04236,2026-05-20,North,18-24,Email,Silver
C04237,2024-09-17,East,35-44,Organic,Gold
C04238,2026-01-05,West,55+,Social,Gold
C04239,2024-12-23,South,45-54,Paid Search,Silver
C04240,2025-03-02,East,18-24,Email,Silver
C04241,2025-01-16,South,18-24,Paid Search,Silver
C04242,2026-02-22,North,45-54,Social,Gold
C04243,2024-07-24,North,45-54,Email,Silver
C04244,2025-03-14,North,25-34,Paid Search,Bronze
C04245,2025-01-20,North,55+,Organic,Silver
C04246,2025-01-15,East,55+,Email,Bronze
C04247,2024-11-18,East,45-54,Referral,Gold
C04248,2026-04-27,East,45-54,Social,Silver
C04249,2025-04-03,West,45-54,Referral,Silver
C04250,2025-05-01,North,18-24,Organic,Bronze
C04251,2025-04-07,South,45-54,Referral,Bronze
C04252,2026-06-15,West,55+,Referral,Bronze
C04253,2025-03-05,Central,25-34,Paid Search,Silver
C04254,2025-03-07,East,18-24,Organic,Silver
C04255,2025-02-25,North,25-34,Email,Bronze
C04256,2025-02-24,West,25-34,Referral,Bronze
C04257,2024-09-04,Central,55+,Organic,Bronze
C04258,2025-09-14,South,35-44,Email,Bronze
C04259,2024-07-19,South,45-54,Referral,Gold
C04260,2024-12-12,North,55+,Organic,Gold
C04261,2024-11-25,East,45-54,Social,Silver
C04262,2025-01-29,Central,45-54,Organic,Bronze
C04263,2026-01-03,West,55+,Organic,Bronze
C04264,2025-09-11,South,45-54,Social,Gold
C04265,2026-06-23,West,25-34,Paid Search,Platinum
C04266,2025-03-14,West,45-54,Organic,Bronze
C04267,2026-05-08,East,25-34,Referral,Silver
C04268,2024-08-02,West,25-34,Paid Search,Bronze
C04269,2025-07-03,South,45-54,Referral,Bronze
C04270,2026-02-03,South,25-34,Organic,Platinum
C04271,2025-07-23,East,18-24,Social,Gold
C04272,2026-05-12,East,55+,Email,Platinum
C04273,2025-02-15,Central,35-44,Social,Bronze
C04274,2024-07-25,East,45-54,Social,Bronze
C04275,2026-01-16,South,55+,Email,Gold
C04276,2024-08-19,South,45-54,Organic,Silver
C04277,2026-01-09,East,,Referral,Bronze
C04278,2025-12-17,South,45-54,Email,Bronze
C04279,2026-03-08,West,25-34,Email,Bronze
C04280,2025-06-15,South,55+,Social,Silver
C04281,2026-04-14,South,45-54,Paid Search,Gold
C04282,2024-11-01,East,18-24,Social,Bronze
C04283,2025-05-13,North,18-24,Email,Bronze
C04284,2024-09-27,West,55+,Referral,Bronze
C04285,2026-01-11,East,55+,Referral,Silver
C04286,2025-12-03,East,55+,Organic,Bronze
C04287,2026-02-08,West,18-24,Organic,Bronze
C04288,2026-01-09,West,55+,Referral,Silver
C04289,2025-02-10,West,55+,Paid Search,Bronze
C04290,2024-08-19,South,45-54,Social,Silver
C04291,2026-05-09,South,35-44,Organic,Silver
C04292,2025-06-25,West,35-44,Organic,Bronze
C04293,2024-09-07,East,35-44,Social,Silver
C04294,2026-05-07,West,18-24,Email,Silver
C04295,2026-06-25,East,35-44,Email,Silver
C04296,2025-05-21,West,25-34,Referral,Silver
C04297,2026-01-13,North,25-34,Organic,Bronze
C04298,2024-07-27,East,18-24,Paid Search,Bronze
C04299,2024-09-06,North,35-44,Social,Bronze
C04300,2025-01-18,South,18-24,Social,Bronze
C04301,2025-10-22,West,55+,Organic,Bronze
C04302,2024-10-06,East,55+,Social,Bronze
C04303,2024-07-25,South,55+,Referral,Silver
C04304,2025-10-31,Central,25-34,Organic,Bronze
C04305,2026-01-13,West,18-24,Referral,Gold
C04306,2025-12-21,East,35-44,Social,Silver
C04307,2026-02-03,Central,45-54,Social,Bronze
C04308,2026-02-06,East,18-24,Email,Silver
C04309,2025-09-13,West,55+,Email,Bronze
C04310,2025-07-14,North,35-44,Email,Gold
C04311,2026-03-17,South,55+,Organic,Gold
C04312,2025-03-11,South,18-24,Paid Search,Gold
C04313,2024-09-10,North,35-44,Referral,Silver
C04314,2025-12-31,East,35-44,Organic,Gold
C04315,2025-01-18,North,18-24,Email,Silver
C04316,2026-06-14,West,45-54,Social,Gold
C04317,2025-04-28,North,55+,Organic,Bronze
C04318,2026-03-13,North,35-44,Organic,Gold
C04319,2024-07-31,Central,25-34,Referral,Silver
C04320,2025-10-24,West,45-54,Organic,Bronze
C04321,2025-05-23,Central,25-34,Organic,Platinum
C04322,2025-06-03,East,25-34,Organic,Silver
C04323,2025-01-10,North,45-54,Email,Gold
C04324,2026-06-09,East,35-44,Referral,Bronze
C04325,2025-04-13,East,25-34,Organic,Silver
C04326,2026-03-12,North,35-44,Email,Silver
C04327,2025-05-06,West,55+,Email,Bronze
C04328,2024-08-05,East,35-44,Paid Search,Silver
C04329,2026-04-03,West,18-24,Organic,Silver
C04330,2024-11-12,East,55+,Social,Bronze
C04331,2025-01-14,East,,Organic,Silver
C04332,2026-03-20,South,25-34,Organic,Bronze
C04333,2026-04-13,Central,55+,Social,Silver
C04334,2026-04-30,South,55+,Referral,Gold
C04335,2025-05-07,North,55+,Referral,Bronze
C04336,2026-01-03,North,25-34,Email,Bronze
C04337,2025-02-24,West,55+,Paid Search,Bronze
C04338,2025-12-22,Central,55+,Paid Search,Bronze
C04339,2025-07-02,Central,55+,Email,Gold
C04340,2024-08-07,West,35-44,Organic,Bronze
C04341,2025-05-01,Central,25-34,Social,Bronze
C04342,2025-06-06,West,25-34,Email,Bronze
C04343,2025-01-04,South,55+,Referral,Silver
C04344,2025-03-30,East,35-44,Organic,Silver
C04345,2025-07-02,North,55+,Paid Search,Bronze
C04346,2024-08-06,North,35-44,Paid Search,Bronze
C04347,2024-10-19,South,35-44,Social,Bronze
C04348,2026-01-10,North,18-24,Organic,Bronze
C04349,2025-03-14,Central,35-44,Referral,Bronze
C04350,2025-09-17,Central,35-44,Referral,Silver
C04351,2025-08-17,South,18-24,Paid Search,Bronze
C04352,2025-08-06,West,18-24,Social,Bronze
C04353,2025-04-28,South,35-44,Social,Silver
C04354,2025-06-18,North,25-34,Organic,Silver
C04355,2026-02-21,South,45-54,Referral,Bronze
C04356,2026-06-04,South,35-44,Email,Bronze
C04357,2025-01-04,South,35-44,Paid Search,Silver
C04358,2025-11-01,North,18-24,Social,Bronze
C04359,2026-06-07,North,35-44,Paid Search,Silver
C04360,2024-07-06,North,35-44,Paid Search,Silver
C04361,2026-01-24,Central,35-44,Paid Search,Gold
C04362,2025-06-28,North,25-34,Organic,Bronze
C04363,2026-06-06,South,18-24,Referral,Bronze
C04364,2025-08-26,East,55+,Email,Gold
C04365,2026-03-04,South,55+,Referral,Bronze
C04366,2024-10-30,East,55+,Organic,Bronze
C04367,2024-10-12,North,25-34,Email,Silver
C04368,2026-05-07,West,45-54,Social,Bronze
C04369,2025-07-19,East,18-24,Email,Silver
C04370,2025-08-12,West,55+,Referral,Gold
C04371,2024-11-01,East,18-24,Paid Search,Silver
C04372,2024-12-13,East,35-44,Organic,Bronze
C04373,2026-02-17,South,55+,Organic,Gold
C04374,2025-02-07,North,45-54,Social,Silver
C04375,2025-08-30,East,55+,Organic,Bronze
C04376,2025-02-16,North,35-44,Organic,Silver
C04377,2025-01-09,South,18-24,Organic,Bronze
C04378,2024-10-30,West,18-24,Paid Search,Bronze
C04379,2026-05-09,North,18-24,Organic,Silver
C04380,2026-05-17,North,,Social,Bronze
C04381,2024-09-22,West,35-44,Email,Bronze
C04382,2025-03-15,South,18-24,Paid Search,Silver
C04383,2025-08-16,West,18-24,Organic,Bronze
C04384,2025-04-06,Central,35-44,Social,Bronze
C04385,2025-12-08,Central,45-54,Organic,Bronze
C04386,2025-01-06,East,45-54,Email,Silver
C04387,2024-08-12,South,18-24,Paid Search,Gold
C04388,2025-03-03,East,55+,Social,Bronze
C04389,2025-09-09,East,35-44,Paid Search,Silver
C04390,2024-11-09,East,25-34,Paid Search,Bronze
C04391,2026-02-15,South,25-34,Organic,Bronze
C04392,2024-07-09,North,55+,Social,Bronze
C04393,2024-08-19,North,35-44,Organic,Bronze
C04394,2025-07-06,North,25-34,Email,Bronze
C04395,2025-07-09,North,35-44,Paid Search,Silver
C04396,2025-01-31,Central,18-24,Social,Silver
C04397,2025-01-05,North,18-24,Social,Platinum
C04398,2024-08-20,East,25-34,Email,Gold
C04399,2025-10-27,Central,25-34,Email,Bronze
C04400,2025-04-03,South,25-34,Social,Bronze
C04401,2024-09-25,East,18-24,Referral,Bronze
C04402,2025-04-18,West,45-54,Paid Search,Bronze
C04403,2026-05-15,South,18-24,Email,Gold
C04404,2025-01-07,East,25-34,Paid Search,Bronze
C04405,2026-04-14,West,55+,Email,Bronze
C04406,2025-01-05,West,18-24,Social,Bronze
C04407,2024-11-13,West,25-34,Referral,Gold
C04408,2025-01-07,Central,35-44,Paid Search,Bronze
C04409,2025-02-21,South,25-34,Social,Silver
C04410,2024-09-26,West,25-34,Organic,Bronze
C04411,2025-09-02,East,18-24,Email,Bronze
C04412,2025-03-01,West,35-44,Organic,Bronze
C04413,2025-12-06,West,45-54,Social,Silver
C04414,2025-06-23,West,35-44,Organic,Silver
C04415,2025-05-19,Central,55+,Paid Search,Bronze
C04416,2025-06-09,South,45-54,Social,Bronze
C04417,2024-10-22,West,45-54,Paid Search,Bronze
C04418,2025-12-02,South,35-44,Paid Search,Bronze
C04419,2024-09-14,East,45-54,Organic,Bronze
C04420,2025-12-08,West,35-44,Email,Bronze
C04421,2026-06-29,West,55+,Email,Silver
C04422,2026-01-08,East,35-44,Social,Silver
C04423,2025-05-28,East,35-44,Organic,Silver
C04424,2025-02-15,South,,Organic,Silver
C04425,2026-03-29,North,55+,Email,Platinum
C04426,2025-01-04,South,35-44,Referral,Gold
C04427,2025-06-17,Central,45-54,Referral,Bronze
C04428,2026-01-13,South,45-54,Social,Bronze
C04429,2026-05-04,Central,18-24,Social,Bronze
C04430,2026-05-03,South,45-54,Organic,Gold
C04431,2024-09-02,West,35-44,Organic,Bronze
C04432,2026-04-16,East,25-34,Email,Bronze
C04433,2024-09-22,West,25-34,Social,Bronze
C04434,2025-08-31,West,45-54,Social,Silver
C04435,2026-05-09,West,18-24,Paid Search,Silver
C04436,2025-10-21,Central,45-54,Paid Search,Silver
C04437,2026-05-22,East,55+,Referral,Silver
C04438,2025-03-09,North,18-24,Referral,Gold
C04439,2025-02-15,South,18-24,Email,Bronze
C04440,2025-02-23,West,18-24,Paid Search,Gold
C04441,2025-03-16,East,45-54,Email,Silver
C04442,2025-11-10,East,55+,Paid Search,Bronze
C04443,2025-05-26,East,55+,Social,Platinum
C04444,2025-12-20,South,18-24,Organic,Gold
C04445,2025-04-30,West,35-44,Email,Gold
C04446,2025-02-10,West,18-24,Organic,Gold
C04447,2024-11-16,West,25-34,Email,Bronze
C04448,2025-08-06,West,25-34,Email,Bronze
C04449,2026-04-16,Central,45-54,Organic,Bronze
C04450,2026-03-19,East,55+,Social,Gold
C04451,2025-01-01,Central,55+,Paid Search,Silver
C04452,2025-06-14,North,18-24,Social,Platinum
C04453,2025-11-27,West,25-34,Organic,Gold
C04454,2025-09-20,West,25-34,Email,Silver
C04455,2024-08-18,East,25-34,Social,Bronze
C04456,2025-09-04,South,25-34,Paid Search,Bronze
C04457,2024-07-29,East,45-54,Referral,Bronze
C04458,2024-09-23,South,45-54,Email,Silver
C04459,2025-10-20,Central,55+,Email,Bronze
C04460,2024-09-13,South,45-54,Organic,Gold
C04461,2025-03-05,North,25-34,Social,Silver
C04462,2025-09-02,East,18-24,Email,Bronze
C04463,2025-10-21,South,25-34,Referral,Gold
C04464,2025-05-21,North,45-54,Email,Silver
C04465,2024-09-07,East,55+,Organic,Silver
C04466,2026-02-03,East,25-34,Email,Bronze
C04467,2026-05-24,North,18-24,Organic,Bronze
C04468,2026-04-09,East,18-24,Paid Search,Bronze
C04469,2025-12-28,East,18-24,Referral,Bronze
C04470,2025-04-20,West,45-54,Referral,Silver
C04471,2026-03-31,South,35-44,Referral,Gold
C04472,2025-06-21,South,45-54,Paid Search,Gold
C04473,2024-10-08,Central,18-24,Email,Bronze
C04474,2026-03-13,East,35-44,Email,Platinum
C04475,2025-02-19,North,18-24,Paid Search,Bronze
C04476,2026-05-16,West,25-34,Referral,Bronze
C04477,2025-03-26,North,45-54,Referral,Silver
C04478,2026-03-26,West,25-34,Organic,Gold
C04479,2025-07-27,West,45-54,Email,Gold
C04480,2025-06-06,Central,25-34,Social,Silver
C04481,2025-02-02,Central,35-44,Email,Bronze
C04482,2026-03-02,South,35-44,Social,Bronze
C04483,2024-08-14,West,25-34,Paid Search,Bronze
C04484,2025-06-07,South,18-24,Organic,Silver
C04485,2025-03-26,East,35-44,Social,Bronze
C04486,2025-08-01,East,55+,Referral,Bronze
C04487,2025-01-02,North,45-54,Referral,Bronze
C04488,2025-10-28,North,45-54,Paid Search,Silver
C04489,2025-04-08,North,55+,Referral,Silver
C04490,2024-11-15,North,18-24,Paid Search,Bronze
C04491,2024-11-21,South,45-54,Social,Bronze
C04492,2025-11-20,Central,25-34,Paid Search,Silver
C04493,2025-01-07,East,45-54,Social,Silver
C04494,2025-02-09,West,55+,Social,Bronze
C04495,2025-10-01,West,55+,Email,Bronze
C04496,2025-02-26,West,35-44,Social,Gold
C04497,2025-04-09,South,55+,Social,Silver
C04498,2024-12-26,West,45-54,Email,Bronze
C04499,2025-03-09,West,18-24,Social,Silver
C04500,2025-11-18,West,25-34,Social,Silver
C04501,2025-07-25,Central,55+,Organic,Bronze
C04502,2026-06-28,East,55+,Referral,Bronze
C04503,2026-01-14,East,55+,Organic,Gold
C04504,2024-07-13,Central,25-34,Referral,Bronze
C04505,2025-04-03,East,25-34,Email,Bronze
C04506,2025-01-28,West,55+,Referral,Silver
C04507,2025-09-02,North,18-24,Organic,Bronze
C04508,2025-01-10,North,55+,Paid Search,Silver
C04509,2026-06-05,East,45-54,Organic,Bronze
C04510,2025-02-04,North,45-54,Social,Bronze
C04511,2025-07-16,Central,35-44,Referral,Bronze
C04512,2024-09-28,North,55+,Email,Platinum
C04513,2026-04-25,West,45-54,Email,Silver
C04514,2026-04-26,South,18-24,Referral,Gold
C04515,2026-01-30,Central,,Organic,Bronze
C04516,2025-03-14,South,55+,Email,Silver
C04517,2024-08-12,North,18-24,Paid Search,Bronze
C04518,2025-12-01,North,45-54,Email,Silver
C04519,2025-05-09,East,25-34,Email,Bronze
C04520,2026-06-22,Central,35-44,Email,Silver
C04521,2025-11-22,Central,55+,Social,Bronze
C04522,2025-07-28,South,35-44,Email,Bronze
C04523,2026-06-20,East,18-24,Social,Silver
C04524,2026-02-04,North,18-24,Email,Bronze
C04525,2025-05-31,East,45-54,Social,Bronze
C04526,2024-07-14,East,55+,Paid Search,Gold
C04527,2024-09-06,South,25-34,Paid Search,Bronze
C04528,2025-05-20,East,55+,Paid Search,Silver
C04529,2025-08-14,Central,35-44,Email,Gold
C04530,2024-07-22,North,18-24,Referral,Silver
C04531,2024-10-01,North,35-44,Organic,Bronze
C04532,2025-11-26,North,55+,Organic,Silver
C04533,2025-12-30,North,25-34,Social,Bronze
C04534,2024-07-22,North,55+,Email,Bronze
C04535,2025-07-06,East,45-54,Organic,Silver
C04536,2024-08-29,North,25-34,Paid Search,Gold
C04537,2025-12-10,West,45-54,Organic,Bronze
C04538,2026-03-01,Central,35-44,Organic,Bronze
C04539,2026-03-26,Central,18-24,Organic,Silver
C04540,2025-09-10,West,55+,Email,Bronze
C04541,2025-10-02,North,25-34,Referral,Silver
C04542,2026-05-07,North,35-44,Social,Bronze
C04543,2025-09-20,South,45-54,Organic,Bronze
C04544,2025-05-22,Central,18-24,Referral,Silver
C04545,2026-01-02,Central,45-54,Paid Search,Platinum
C04546,2025-09-04,South,25-34,Organic,Bronze
C04547,2026-03-07,South,35-44,Organic,Gold
C04548,2025-07-18,East,35-44,Paid Search,Bronze
C04549,2026-03-26,South,45-54,Email,Bronze
C04550,2024-08-02,Central,18-24,Paid Search,Bronze
C04551,2024-07-27,North,18-24,Social,Bronze
C04552,2024-09-11,South,35-44,Paid Search,Silver
C04553,2025-08-10,East,18-24,Referral,Bronze
C04554,2025-11-29,North,25-34,Email,Bronze
C04555,2024-12-05,South,45-54,Email,Bronze
C04556,2024-10-22,West,55+,Social,Silver
C04557,2026-03-20,North,45-54,Social,Gold
C04558,2025-12-30,East,25-34,Referral,Bronze
C04559,2025-10-16,South,55+,Email,Bronze
C04560,2025-06-22,North,35-44,Referral,Platinum
C04561,2025-05-03,North,18-24,Organic,Bronze
C04562,2024-07-15,South,45-54,Referral,Silver
C04563,2024-11-15,North,35-44,Referral,Silver
C04564,2026-04-15,South,25-34,Email,Gold
C04565,2025-03-05,West,45-54,Referral,Bronze
C04566,2025-11-26,West,45-54,Social,Bronze
C04567,2025-11-26,Central,25-34,Paid Search,Bronze
C04568,2025-02-11,East,18-24,Email,Bronze
C04569,2024-11-26,West,35-44,Email,Bronze
C04570,2025-11-17,West,18-24,Organic,Platinum
C04571,2024-09-07,North,45-54,Paid Search,Bronze
C04572,2025-06-26,South,35-44,Paid Search,Bronze
C04573,2026-04-09,East,25-34,Social,Bronze
C04574,2025-12-01,West,35-44,Organic,Bronze
C04575,2026-01-09,East,25-34,Email,Bronze
C04576,2024-08-30,North,25-34,Organic,Bronze
C04577,2024-11-23,Central,25-34,Referral,Silver
C04578,2025-01-17,North,45-54,Email,Silver
C04579,2025-01-30,Central,55+,Paid Search,Bronze
C04580,2024-11-19,West,45-54,Paid Search,Silver
C04581,2026-06-09,West,25-34,Email,Bronze
C04582,2024-10-29,West,55+,Organic,Bronze
C04583,2025-11-29,North,18-24,Email,Gold
C04584,2025-09-01,West,25-34,Social,Gold
C04585,2025-09-19,West,18-24,Paid Search,Bronze
C04586,2024-12-04,West,55+,Referral,Bronze
C04587,2025-02-10,South,18-24,Email,Bronze
C04588,2025-09-16,North,35-44,Organic,Bronze
C04589,2025-02-04,South,18-24,Email,Silver
C04590,2025-11-19,East,25-34,Social,Bronze
C04591,2024-07-29,East,45-54,Email,Gold
C04592,2024-08-23,West,55+,Social,Silver
C04593,2025-12-14,West,18-24,Referral,Bronze
C04594,2025-09-23,West,18-24,Referral,Gold
C04595,2024-08-01,South,25-34,Organic,Silver
C04596,2026-04-17,East,55+,Social,Bronze
C04597,2024-07-04,South,18-24,Paid Search,Bronze
C04598,2026-05-28,South,18-24,Social,Gold
C04599,2025-12-14,North,35-44,Organic,Gold
C04600,2026-06-21,South,25-34,Social,Bronze
C04601,2026-05-23,South,18-24,Organic,Silver
C04602,2025-02-14,East,35-44,Email,Gold
C04603,2026-01-03,North,45-54,Social,Platinum
C04604,2024-12-01,South,18-24,Referral,Bronze
C04605,2025-06-09,North,45-54,Referral,Bronze
C04606,2024-12-23,West,18-24,Email,Gold
C04607,2025-06-20,East,45-54,Social,Bronze
C04608,2026-03-28,South,25-34,Email,Bronze
C04609,2025-05-14,North,25-34,Email,Silver
C04610,2024-09-06,Central,18-24,Organic,Bronze
C04611,2025-02-22,East,55+,Paid Search,Silver
C04612,2026-01-25,West,35-44,Referral,Bronze
C04613,2025-07-16,East,45-54,Paid Search,Silver
C04614,2025-08-13,West,25-34,Organic,Bronze
C04615,2025-05-11,Central,18-24,Referral,Silver
C04616,2025-01-30,South,18-24,Referral,Bronze
C04617,2025-09-10,West,35-44,Email,Bronze
C04618,2025-10-05,North,25-34,Email,Gold
C04619,2026-04-16,West,45-54,Paid Search,Silver
C04620,2025-09-24,South,45-54,Paid Search,Bronze
C04621,2026-06-26,North,25-34,Referral,Bronze
C04622,2026-02-23,Central,35-44,Referral,Silver
C04623,2024-08-27,West,25-34,Social,Platinum
C04624,2025-04-12,South,45-54,Paid Search,Bronze
C04625,2025-04-07,Central,45-54,Organic,Gold
C04626,2024-07-03,South,45-54,Organic,Bronze
C04627,2024-11-09,East,18-24,Social,Silver
C04628,2026-01-07,West,25-34,Social,Bronze
C04629,2025-03-14,South,55+,Email,Bronze
C04630,2024-10-16,East,25-34,Referral,Gold
C04631,2025-01-26,West,18-24,Paid Search,Bronze
C04632,2025-01-17,North,18-24,Organic,Gold
C04633,2024-11-05,East,18-24,Referral,Bronze
C04634,2024-09-12,South,45-54,Email,Bronze
C04635,2026-01-09,West,18-24,Social,Gold
C04636,2026-02-22,North,35-44,Organic,Silver
C04637,2025-06-27,South,25-34,Social,Bronze
C04638,2025-09-22,West,18-24,Email,Silver
C04639,2026-05-02,North,55+,Referral,Bronze
C04640,2026-03-07,East,45-54,Social,Gold
C04641,2024-07-24,West,55+,Social,Bronze
C04642,2026-05-26,West,55+,Paid Search,Bronze
C04643,2024-08-18,North,55+,Social,Bronze
C04644,2024-07-20,West,45-54,Organic,Silver
C04645,2025-04-20,West,35-44,Organic,Gold
C04646,2025-12-26,South,45-54,Email,Gold
C04647,2024-08-28,West,35-44,Paid Search,Bronze
C04648,2025-01-30,West,18-24,Referral,Bronze
C04649,2025-01-08,East,25-34,Paid Search,Bronze
C04650,2025-04-16,East,35-44,Referral,Gold
C04651,2026-06-19,West,18-24,Organic,Bronze
C04652,2025-02-27,Central,55+,Organic,Silver
C04653,2024-11-30,East,55+,Social,Bronze
C04654,2024-09-28,West,35-44,Referral,Platinum
C04655,2024-11-22,West,35-44,Organic,Bronze
C04656,2024-10-06,West,55+,Social,Bronze
C04657,2025-08-23,Central,35-44,Paid Search,Gold
C04658,2025-05-03,North,45-54,Email,Gold
C04659,2025-06-29,North,35-44,Social,Silver
C04660,2026-02-27,East,25-34,Email,Silver
C04661,2025-08-28,East,45-54,Paid Search,Silver
C04662,2024-10-22,East,18-24,Paid Search,Bronze
C04663,2025-04-01,West,25-34,Email,Bronze
C04664,2025-02-13,Central,,Paid Search,Silver
C04665,2026-02-23,South,45-54,Email,Silver
C04666,2025-02-09,West,55+,Organic,Bronze
C04667,2024-10-10,North,45-54,Paid Search,Bronze
C04668,2025-12-19,East,18-24,Organic,Silver
C04669,2025-05-09,North,55+,Organic,Bronze
C04670,2024-09-08,East,35-44,Paid Search,Silver
C04671,2025-11-15,East,18-24,Social,Silver
C04672,2024-12-01,West,35-44,Organic,Bronze
C04673,2026-03-25,West,18-24,Organic,Bronze
C04674,2026-02-27,South,35-44,Referral,Bronze
C04675,2025-03-27,North,35-44,Social,Bronze
C04676,2025-08-10,North,18-24,Email,Silver
C04677,2025-08-18,Central,55+,Email,Silver
C04678,2025-10-20,Central,35-44,Organic,Gold
C04679,2024-08-20,South,55+,Email,Bronze
C04680,2025-02-22,South,35-44,Referral,Silver
C04681,2024-11-02,East,35-44,Social,Bronze
C04682,2025-11-21,West,55+,Referral,Gold
C04683,2024-08-20,South,25-34,Referral,Bronze
C04684,2025-07-12,North,55+,Social,Silver
C04685,2025-12-13,South,18-24,Organic,Bronze
C04686,2026-05-23,South,55+,Email,Bronze
C04687,2025-01-26,South,45-54,Referral,Platinum
C04688,2024-07-06,North,35-44,Social,Bronze
C04689,2025-12-10,West,25-34,Referral,Bronze
C04690,2024-07-02,East,35-44,Social,Silver
C04691,2024-08-18,South,35-44,Social,Bronze
C04692,2026-06-23,East,55+,Referral,Bronze
C04693,2026-03-21,East,55+,Organic,Bronze
C04694,2025-11-28,West,,Social,Bronze
C04695,2026-03-02,Central,25-34,Organic,Gold
C04696,2024-08-24,North,25-34,Email,Silver
C04697,2024-09-03,Central,25-34,Referral,Bronze
C04698,2025-02-05,West,18-24,Referral,Bronze
C04699,2024-07-18,West,18-24,Paid Search,Gold
C04700,2026-04-09,South,45-54,Email,Gold
C04701,2024-08-11,South,25-34,Referral,Bronze
C04702,2025-08-01,North,35-44,Referral,Silver
C04703,2026-03-15,Central,45-54,Social,Bronze
C04704,2025-12-18,East,45-54,Organic,Bronze
C04705,2024-12-19,South,25-34,Social,Gold
C04706,2025-06-08,East,45-54,Email,Gold
C04707,2025-08-04,North,18-24,Email,Bronze
C04708,2026-01-11,North,35-44,Paid Search,Gold
C04709,2025-05-07,East,18-24,Paid Search,Silver
C04710,2025-01-24,East,35-44,Email,Silver
C04711,2026-01-31,West,18-24,Social,Silver
C04712,2026-04-08,West,55+,Social,Bronze
C04713,2025-06-22,East,45-54,Referral,Gold
C04714,2024-07-21,West,25-34,Organic,Bronze
C04715,2025-06-30,North,45-54,Paid Search,Bronze
C04716,2026-04-10,West,25-34,Referral,Bronze
C04717,2026-06-22,West,35-44,Referral,Silver
C04718,2025-04-19,South,18-24,Paid Search,Bronze
C04719,2024-10-18,North,35-44,Referral,Bronze
C04720,2025-08-22,North,18-24,Paid Search,Silver
C04721,2026-02-26,North,18-24,Organic,Bronze
C04722,2026-05-20,East,35-44,Paid Search,Bronze
C04723,2024-08-07,North,35-44,Social,Bronze
C04724,2025-01-28,West,25-34,Organic,Silver
C04725,2025-06-14,North,18-24,Organic,Bronze
C04726,2024-09-10,North,35-44,Email,Bronze
C04727,2026-04-08,South,55+,Email,Bronze
C04728,2024-09-20,North,45-54,Email,Gold
C04729,2025-10-28,Central,18-24,Referral,Silver
C04730,2026-05-01,South,55+,Paid Search,Bronze
C04731,2025-11-12,North,35-44,Referral,Gold
C04732,2026-01-08,North,35-44,Paid Search,Gold
C04733,2025-01-08,South,18-24,Referral,Silver
C04734,2026-02-24,East,25-34,Email,Bronze
C04735,2025-05-02,West,45-54,Paid Search,Bronze
C04736,2024-08-14,South,25-34,Paid Search,Silver
C04737,2025-03-25,East,18-24,Social,Bronze
C04738,2025-03-13,East,18-24,Social,Bronze
C04739,2025-07-16,West,55+,Paid Search,Bronze
C04740,2025-01-10,East,55+,Paid Search,Bronze
C04741,2025-06-02,South,18-24,Referral,Silver
C04742,2025-05-08,West,55+,Email,Bronze
C04743,2025-02-24,West,55+,Organic,Silver
C04744,2025-11-20,East,25-34,Email,Silver
C04745,2025-02-08,Central,45-54,Organic,Bronze
C04746,2026-01-10,West,25-34,Social,Bronze
C04747,2024-12-30,North,25-34,Organic,Bronze
C04748,2026-03-23,West,45-54,Email,Bronze
C04749,2025-03-24,East,25-34,Organic,Silver
C04750,2024-07-30,East,25-34,Paid Search,Silver
C04751,2024-10-18,East,25-34,Organic,Gold
C04752,2026-02-08,West,18-24,Organic,Platinum
C04753,2026-03-28,East,55+,Organic,Bronze
C04754,2024-12-02,East,45-54,Social,Silver
C04755,2025-09-12,North,55+,Referral,Bronze
C04756,2025-08-23,East,35-44,Paid Search,Bronze
C04757,2024-10-06,Central,18-24,Email,Bronze
C04758,2025-05-26,West,25-34,Social,Bronze
C04759,2025-11-18,North,25-34,Paid Search,Silver
C04760,2026-06-06,Central,55+,Organic,Silver
C04761,2026-03-10,West,25-34,Email,Bronze
C04762,2024-09-10,East,45-54,Organic,Bronze
C04763,2024-12-21,North,18-24,Social,Silver
C04764,2025-05-15,East,55+,Organic,Silver
C04765,2024-10-18,North,45-54,Email,Silver
C04766,2025-08-21,South,35-44,Referral,Bronze
C04767,2024-07-07,East,25-34,Paid Search,Bronze
C04768,2024-09-21,Central,25-34,Paid Search,Silver
C04769,2024-08-04,South,25-34,Social,Silver
C04770,2025-02-01,West,35-44,Social,Bronze
C04771,2026-01-07,Central,55+,Paid Search,Bronze
C04772,2024-11-07,North,25-34,Paid Search,Bronze
C04773,2026-06-20,South,45-54,Organic,Silver
C04774,2025-01-13,West,35-44,Paid Search,Bronze
C04775,2024-08-02,West,45-54,Social,Silver
C04776,2025-03-02,South,45-54,Email,Gold
C04777,2025-12-28,West,18-24,Email,Bronze
C04778,2024-09-16,East,18-24,Social,Bronze
C04779,2024-08-22,West,55+,Email,Bronze
C04780,2026-03-12,West,18-24,Social,Bronze
C04781,2025-09-05,North,35-44,Paid Search,Gold
C04782,2025-03-08,North,45-54,Paid Search,Platinum
C04783,2026-01-03,North,35-44,Social,Bronze
C04784,2026-03-08,Central,18-24,Paid Search,Gold
C04785,2025-03-19,Central,18-24,Email,Bronze
C04786,2025-08-14,West,45-54,Organic,Silver
C04787,2024-07-08,North,55+,Organic,Silver
C04788,2025-02-09,East,25-34,Social,Bronze
C04789,2025-09-07,North,35-44,Organic,Bronze
C04790,2024-11-21,South,55+,Organic,Silver
C04791,2026-06-23,South,55+,Paid Search,Bronze
C04792,2026-06-08,West,35-44,Organic,Platinum
C04793,2025-01-04,North,45-54,Paid Search,Bronze
C04794,2025-04-15,West,55+,Social,Bronze
C04795,2024-11-16,Central,45-54,Paid Search,Gold
C04796,2025-07-03,West,35-44,Referral,Bronze
C04797,2024-09-29,North,45-54,Organic,Bronze
C04798,2025-04-12,Central,25-34,Email,Bronze
C04799,2025-08-09,West,55+,Social,Bronze
C04800,2025-09-20,East,18-24,Email,Bronze
C04801,2025-09-08,West,25-34,Email,Bronze
C04802,2024-12-09,West,25-34,Organic,Bronze
C04803,2026-01-29,East,25-34,Email,Bronze
C04804,2025-11-17,East,35-44,Paid Search,Gold
C04805,2025-12-31,East,45-54,Email,Gold
C04806,2025-06-07,North,55+,Paid Search,Bronze
C04807,2026-04-12,West,35-44,Paid Search,Gold
C04808,2025-04-11,North,45-54,Email,Gold
C04809,2026-02-08,South,35-44,Referral,Gold
C04810,2024-11-26,South,18-24,Referral,Silver
C04811,2024-12-28,South,45-54,Email,Bronze
C04812,2025-07-19,South,,Social,Bronze
C04813,2025-08-10,East,35-44,Social,Gold
C04814,2025-12-26,South,55+,Referral,Bronze
C04815,2025-02-02,North,45-54,Paid Search,Gold
C04816,2026-03-29,West,35-44,Referral,Silver
C04817,2025-02-26,Central,25-34,Email,Bronze
C04818,2025-07-25,East,55+,Email,Bronze
C04819,2026-05-11,South,55+,Social,Gold
C04820,2025-07-29,North,25-34,Referral,Bronze
C04821,2025-11-10,North,18-24,Email,Silver
C04822,2026-04-24,South,35-44,Organic,Platinum
C04823,2026-06-11,Central,45-54,Email,Bronze
C04824,2025-06-30,West,55+,Email,Bronze
C04825,2025-04-30,South,55+,Referral,Bronze
C04826,2024-11-21,Central,25-34,Referral,Gold
C04827,2025-07-27,East,25-34,Referral,Bronze
C04828,2026-05-01,South,55+,Organic,Bronze
C04829,2025-06-21,East,25-34,Email,Bronze
C04830,2025-03-12,North,35-44,Referral,Bronze
C04831,2024-09-17,Central,25-34,Referral,Bronze
C04832,2025-04-11,South,25-34,Social,Bronze
C04833,2024-12-20,West,35-44,Referral,Gold
C04834,2026-06-13,South,25-34,Referral,Bronze
C04835,2025-07-20,Central,35-44,Organic,Silver
C04836,2024-10-08,West,25-34,Referral,Gold
C04837,2024-08-19,East,18-24,Email,Silver
C04838,2026-03-13,North,45-54,Social,Silver
C04839,2026-05-11,Central,55+,Organic,Bronze
C04840,2026-01-08,East,35-44,Referral,Silver
C04841,2024-09-29,South,25-34,Paid Search,Bronze
C04842,2024-09-10,West,45-54,Social,Bronze
C04843,2024-11-22,North,35-44,Paid Search,Silver
C04844,2025-12-30,South,35-44,Referral,Bronze
C04845,2026-01-09,East,35-44,Social,Bronze
C04846,2026-03-03,South,45-54,Organic,Silver
C04847,2024-09-09,East,18-24,Organic,Bronze
C04848,2024-10-20,South,18-24,Referral,Bronze
C04849,2026-04-18,North,18-24,Paid Search,Bronze
C04850,2026-05-09,North,,Email,Bronze
C04851,2025-12-12,North,55+,Organic,Bronze
C04852,2024-09-16,Central,45-54,Referral,Bronze
C04853,2024-08-20,East,45-54,Email,Bronze
C04854,2024-08-10,East,45-54,Paid Search,Silver
C04855,2025-11-17,South,18-24,Referral,Platinum
C04856,2026-03-09,West,25-34,Paid Search,Silver
C04857,2025-10-04,North,45-54,Referral,Bronze
C04858,2025-01-08,South,35-44,Social,Silver
C04859,2026-01-04,West,35-44,Social,Gold
C04860,2024-08-13,East,45-54,Organic,Gold
C04861,2026-02-24,West,18-24,Paid Search,Bronze
C04862,2026-04-12,Central,45-54,Organic,Bronze
C04863,2025-12-06,West,45-54,Referral,Bronze
C04864,2026-04-02,North,35-44,Organic,Silver
C04865,2025-09-01,North,35-44,Organic,Bronze
C04866,2025-06-07,North,18-24,Organic,Gold
C04867,2025-02-21,West,25-34,Referral,Bronze
C04868,2026-05-03,Central,25-34,Referral,Silver
C04869,2025-11-21,Central,55+,Email,Bronze
C04870,2024-11-16,South,18-24,Organic,Bronze
C04871,2026-05-29,West,25-34,Social,Bronze
C04872,2024-08-13,East,18-24,Referral,Silver
C04873,2025-09-02,West,25-34,Organic,Bronze
C04874,2024-11-16,East,18-24,Email,Bronze
C04875,2025-10-28,North,25-34,Organic,Silver
C04876,2025-04-27,North,45-54,Referral,Gold
C04877,2025-05-15,Central,45-54,Social,Silver
C04878,2025-11-02,East,25-34,Referral,Silver
C04879,2026-01-03,South,45-54,Social,Bronze
C04880,2025-04-04,South,45-54,Email,Gold
C04881,2026-06-28,South,55+,Referral,Bronze
C04882,2025-06-29,Central,55+,Paid Search,Gold
C04883,2024-10-25,North,25-34,Email,Silver
C04884,2024-07-05,North,35-44,Social,Bronze
C04885,2024-11-25,West,45-54,Social,Bronze
C04886,2025-11-16,East,25-34,Email,Silver
C04887,2025-07-29,North,35-44,Paid Search,Silver
C04888,2025-03-04,North,35-44,Organic,Silver
C04889,2025-06-16,North,25-34,Social,Platinum
C04890,2026-03-03,South,18-24,Referral,Bronze
C04891,2025-08-21,North,18-24,Organic,Bronze
C04892,2024-08-12,North,45-54,Paid Search,Silver
C04893,2024-08-05,West,55+,Email,Bronze
C04894,2025-06-17,West,45-54,Social,Silver
C04895,2025-04-21,Central,25-34,Email,Gold
C04896,2026-03-13,South,18-24,Social,Bronze
C04897,2025-08-29,South,45-54,Referral,Gold
C04898,2026-01-03,Central,18-24,Referral,Silver
C04899,2025-08-31,West,35-44,Social,Bronze
C04900,2025-03-09,East,55+,Social,Gold
C04901,2025-10-23,South,18-24,Paid Search,Silver
C04902,2025-09-27,South,35-44,Social,Bronze
C04903,2025-12-08,East,55+,Referral,Bronze
C04904,2024-11-15,East,25-34,Social,Bronze
C04905,2025-10-11,North,55+,Email,Silver
C04906,2025-01-25,Central,55+,Social,Bronze
C04907,2026-01-28,East,35-44,Email,Bronze
C04908,2026-02-03,East,25-34,Email,Gold
C04909,2025-09-29,North,45-54,Social,Silver
C04910,2026-05-22,West,45-54,Referral,Silver
C04911,2025-07-27,West,35-44,Referral,Gold
C04912,2024-07-19,North,18-24,Organic,Bronze
C04913,2025-09-15,East,45-54,Paid Search,Bronze
C04914,2026-01-18,West,25-34,Referral,Silver
C04915,2024-09-12,West,18-24,Social,Bronze
C04916,2024-09-15,North,18-24,Paid Search,Bronze
C04917,2025-01-16,West,35-44,Email,Silver
C04918,2026-03-08,East,18-24,Email,Bronze
C04919,2025-07-20,North,25-34,Organic,Bronze
C04920,2026-06-12,North,25-34,Organic,Silver
C04921,2026-03-29,North,35-44,Referral,Silver
C04922,2025-08-09,South,45-54,Email,Bronze
C04923,2025-11-08,East,35-44,Paid Search,Bronze
C04924,2025-02-27,West,35-44,Referral,Gold
C04925,2024-09-04,North,18-24,Organic,Gold
C04926,2025-04-17,Central,18-24,Referral,Bronze
C04927,2025-09-05,North,55+,Organic,Bronze
C04928,2024-11-10,East,45-54,Email,Silver
C04929,2024-12-09,Central,18-24,Referral,Bronze
C04930,2024-07-11,West,35-44,Email,Bronze
C04931,2025-12-18,West,18-24,Email,Bronze
C04932,2026-04-17,West,18-24,Paid Search,Bronze
C04933,2026-02-24,North,25-34,Paid Search,Bronze
C04934,2025-04-04,North,45-54,Paid Search,Bronze
C04935,2025-09-06,East,45-54,Organic,Gold
C04936,2026-06-01,North,45-54,Paid Search,Bronze
C04937,2025-09-05,South,18-24,Paid Search,Bronze
C04938,2025-02-01,North,18-24,Email,Bronze
C04939,2025-03-04,Central,35-44,Paid Search,Gold
C04940,2025-12-13,Central,55+,Organic,Bronze
C04941,2025-05-22,West,45-54,Email,Bronze
C04942,2026-03-03,West,45-54,Social,Silver
C04943,2026-03-22,North,18-24,Paid Search,Silver
C04944,2024-07-27,North,55+,Email,Silver
C04945,2025-12-10,West,55+,Paid Search,Bronze
C04946,2025-03-27,West,35-44,Email,Bronze
C04947,2025-07-14,South,25-34,Organic,Bronze
C04948,2025-01-10,East,45-54,Social,Silver
C04949,2025-03-26,East,45-54,Social,Bronze
C04950,2025-02-26,South,55+,Paid Search,Bronze
C04951,2024-08-06,South,18-24,Email,Bronze
C04952,2026-01-22,South,35-44,Paid Search,Gold
C04953,2024-10-13,East,45-54,Email,Bronze
C04954,2025-03-31,Central,25-34,Paid Search,Bronze
C04955,2024-11-18,East,55+,Social,Gold
C04956,2024-10-26,West,18-24,Email,Silver
C04957,2025-03-30,West,18-24,Referral,Silver
C04958,2026-05-01,North,45-54,Paid Search,Silver
C04959,2026-05-20,West,18-24,Social,Bronze
C04960,2025-04-05,East,35-44,Social,Silver
C04961,2025-07-04,East,25-34,Referral,Bronze
C04962,2026-06-19,North,45-54,Referral,Gold
C04963,2024-12-19,Central,18-24,Email,Bronze
C04964,2026-05-20,Central,25-34,Referral,Silver
C04965,2024-09-16,North,55+,Organic,Bronze
C04966,2024-12-12,North,25-34,Email,Bronze
C04967,2025-03-04,North,35-44,Referral,Bronze
C04968,2024-07-28,West,55+,Email,Silver
C04969,2026-02-15,East,45-54,Social,Bronze
C04970,2026-03-16,North,45-54,Referral,Gold
C04971,2025-04-06,West,55+,Email,Bronze
C04972,2026-03-02,South,45-54,Referral,Silver
C04973,2026-01-15,East,55+,Organic,Silver
C04974,2026-02-05,South,35-44,Email,Bronze
C04975,2026-02-06,East,55+,Social,Silver
C04976,2025-08-23,East,45-54,Referral,Silver
C04977,2024-09-19,South,25-34,Referral,Silver
C04978,2026-05-05,East,35-44,Referral,Silver
C04979,2025-09-17,Central,25-34,Paid Search,Silver
C04980,2026-04-19,East,25-34,Social,Bronze
C04981,2026-05-31,Central,25-34,Organic,Bronze
C04982,2024-11-14,East,35-44,Referral,Bronze
C04983,2025-04-20,West,25-34,Paid Search,Silver
C04984,2024-11-18,South,45-54,Email,Gold
C04985,2024-08-07,West,25-34,Social,Bronze
C04986,2026-06-05,South,35-44,Referral,Bronze
C04987,2026-05-05,North,18-24,Referral,Bronze
C04988,2026-05-11,North,25-34,Email,Silver
C04989,2026-04-06,North,25-34,Email,Silver
C04990,2025-10-16,Central,55+,Organic,Silver
C04991,2025-07-16,Central,35-44,Referral,Silver
C04992,2026-06-23,West,18-24,Organic,Silver
C04993,2025-08-07,North,25-34,Social,Bronze
C04994,2025-10-12,Central,45-54,Paid Search,Bronze
C04995,2024-12-02,West,18-24,Paid Search,Bronze
C04996,2025-12-27,South,18-24,Referral,Gold
C04997,2026-02-18,East,25-34,Paid Search,Silver
C04998,2025-11-07,West,,Social,Bronze
C04999,2025-06-29,North,35-44,Paid Search,Bronze
