return_id,order_id,product_id,return_date,reason,refund_amount
R00000,O004734,P0079,2024-08-19,Not as described,45.63
R00001,O008101,P0149,2025-04-30,Late delivery,92.94
R00002,O005453,P0166,2026-04-13,Damaged,157.86
R00003,O001661,P0311,2025-10-31,Wrong size,85.0
R00004,O004428,P0194,2024-12-27,Changed mind,42.23
R00005,O004120,P0329,2025-09-06,Late delivery,135.47
R00006,O005713,P0425,2026-05-18,Not as described,47.06
R00007,O003397,P0257,2026-06-02,Late delivery,102.53
R00008,O007496,P0490,2024-09-10,Late delivery,30.88
R00009,O017125,P0481,2025-10-22,Damaged,157.17
R00010,O017710,P0200,2025-09-06,Wrong size,12.44
R00011,O013505,P0356,2025-09-30,Damaged,55.65
R00012,O002195,P0265,2025-02-12,Wrong size,170.71
R00013,O018282,P0001,2026-02-02,Changed mind,67.32
R00014,O011770,P0116,2026-04-15,Late delivery,51.26
R00015,O000263,P0038,2026-03-26,Late delivery,42.39
R00016,O000515,P0141,2025-07-31,Wrong size,21.82
R00017,O017909,P0049,2025-02-26,Not as described,55.64
R00018,O012070,P0340,2025-08-02,Wrong size,30.99
R00019,O016633,P0091,2025-07-27,Late delivery,25.25
R00020,O018471,P0032,2025-02-06,Damaged,9.83
R00021,O001292,P0200,2024-12-18,Damaged,4.07
R00022,O017840,P0390,2025-01-24,Wrong size,31.81
R00023,O016802,P0143,2025-12-02,Changed mind,109.11
R00024,O017818,P0255,2025-12-01,Damaged,19.13
R00025,O006746,P0369,2025-09-02,Not as described,84.27
R00026,O018592,P0112,2026-05-16,Wrong size,72.59
R00027,O017332,P0371,2026-01-29,Damaged,29.25
R00028,O009129,P0461,2026-05-04,Wrong size,68.5
R00029,O010464,P0473,2025-08-29,Wrong size,76.34
R00030,O006315,P0283,2025-01-17,Damaged,189.47
R00031,O017646,P0457,2024-07-22,Changed mind,79.32
R00032,O010139,P0371,2026-01-20,Not as described,72.25
R00033,O007869,P0333,2025-07-05,Late delivery,28.05
R00034,O004110,P0422,2025-07-24,Not as described,192.43
R00035,O019099,P0140,2026-06-27,Damaged,38.68
R00036,O004948,P0104,2026-06-07,Damaged,112.77
R00037,O015604,P0323,2026-03-31,Changed mind,97.46
R00038,O004608,P0077,2025-10-15,Not as described,78.34
R00039,O008140,P0150,2026-07-02,Wrong size,71.82
R00040,O002047,P0162,2024-08-08,Wrong size,170.96
R00041,O016744,P0282,2026-05-07,Wrong size,69.92
R00042,O010149,P0042,2024-08-28,Changed mind,121.54
R00043,O000600,P0019,2025-08-07,Late delivery,33.61
R00044,O009435,P0395,2026-05-10,Late delivery,36.73
R00045,O005498,P0493,2025-03-10,Damaged,14.63
R00046,O008964,P0428,2025-07-04,Late delivery,120.8
R00047,O011245,P0395,2024-12-27,Wrong size,56.32
R00048,O011022,P0394,2025-04-01,Late delivery,52.67
R00049,O015013,P0139,2025-12-25,Changed mind,45.95
R00050,O014706,P0025,2025-11-20,Changed mind,70.15
R00051,O016383,P0422,2025-12-19,Damaged,58.18
R00052,O008002,P0386,2025-08-30,Not as described,54.18
R00053,O006269,P0283,2024-12-29,Not as described,38.93
R00054,O008217,P0055,2024-09-01,Late delivery,29.09
R00055,O009779,P0443,2024-11-27,Damaged,89.93
R00056,O002978,P0224,2026-06-09,Late delivery,29.3
R00057,O013830,P0257,2024-10-08,Wrong size,39.84
R00058,O010127,P0498,2025-01-14,Late delivery,284.71
R00059,O005386,P0041,2025-01-22,Late delivery,9.96
R00060,O018343,P0417,2025-05-07,Not as described,98.27
R00061,O004915,P0422,2026-06-24,Damaged,22.21
R00062,O010983,P0039,2024-09-22,Wrong size,75.19
R00063,O000184,P0441,2026-04-03,Wrong size,186.19
R00064,O018090,P0411,2026-03-27,Late delivery,27.28
R00065,O003507,P0319,2025-10-06,Not as described,24.13
R00066,O019371,P0392,2024-09-07,Not as described,19.71
R00067,O001129,P0480,2024-10-05,Not as described,154.04
R00068,O006822,P0103,2024-08-02,Late delivery,84.2
R00069,O000566,P0343,2024-07-20,Damaged,167.44
R00070,O014420,P0442,2026-05-29,Damaged,65.84
R00071,O018294,P0351,2024-10-10,Damaged,67.33
R00072,O019347,P0316,2026-03-29,Not as described,90.71
R00073,O015090,P0232,2024-08-26,Late delivery,50.33
R00074,O002682,P0327,2026-05-18,Wrong size,29.99
R00075,O016838,P0343,2026-07-03,Changed mind,20.11
R00076,O003570,P0179,2024-10-15,Changed mind,27.39
R00077,O015704,P0056,2025-12-17,Not as described,267.0
R00078,O018082,P0477,2026-06-18,Wrong size,58.97
R00079,O006790,P0489,2026-01-05,Wrong size,78.87
R00080,O012821,P0344,2025-06-17,Wrong size,48.65
R00081,O008853,P0412,2024-10-04,Wrong size,59.94
R00082,O016481,P0047,2025-09-06,Damaged,83.5
R00083,O008148,P0197,2025-12-28,Wrong size,147.17
R00084,O015989,P0293,2024-11-21,Wrong size,105.44
R00085,O010886,P0124,2024-12-18,Late delivery,57.72
R00086,O007238,P0342,2024-07-29,Changed mind,18.65
R00087,O008201,P0499,2024-11-23,Changed mind,122.09
R00088,O013442,P0061,2025-05-17,Late delivery,23.03
R00089,O007087,P0137,2025-01-28,Changed mind,142.7
R00090,O000756,P0196,2025-09-30,Changed mind,121.25
R00091,O017517,P0435,2025-09-06,Not as described,161.55
R00092,O006837,P0481,2024-08-14,Changed mind,52.8
R00093,O002953,P0201,2026-06-29,Changed mind,116.46
R00094,O011209,P0295,2024-10-18,Damaged,171.22
R00095,O014667,P0171,2026-05-28,Not as described,67.8
R00096,O008041,P0024,2026-02-10,Late delivery,84.58
R00097,O013880,P0480,2025-01-08,Late delivery,105.97
R00098,O018927,P0109,2025-10-02,Late delivery,20.4
R00099,O008319,P0150,2025-02-21,Not as described,24.22
R00100,O007426,P0388,2025-05-25,Changed mind,62.32
R00101,O017786,P0170,2026-02-21,Changed mind,27.78
R00102,O001085,P0272,2026-01-26,Not as described,128.65
R00103,O007888,P0182,2025-04-27,Late delivery,16.21
R00104,O008658,P0366,2026-03-10,Changed mind,82.8
R00105,O010101,P0311,2025-01-10,Wrong size,292.6
R00106,O010982,P0385,2025-11-24,Late delivery,63.94
R00107,O006196,P0384,2024-09-26,Late delivery,76.71
R00108,O009314,P0353,2025-10-30,Not as described,98.99
R00109,O002437,P0140,2026-03-17,Damaged,100.86
R00110,O009509,P0196,2025-11-16,Damaged,59.37
R00111,O016964,P0327,2026-04-06,Not as described,23.77
R00112,O012587,P0085,2025-10-14,Wrong size,41.97
R00113,O008067,P0425,2024-12-04,Wrong size,38.64
R00114,O001450,P0351,2026-05-18,Damaged,32.3
R00115,O017697,P0195,2026-05-29,Not as described,62.79
R00116,O003475,P0119,2025-05-27,Wrong size,55.51
R00117,O013124,P0220,2025-05-13,Wrong size,15.08
R00118,O018419,P0346,2026-02-06,Not as described,12.89
R00119,O016349,P0006,2024-08-16,Changed mind,38.25
R00120,O007386,P0267,2025-06-17,Late delivery,156.89
R00121,O003085,P0002,2026-04-18,Wrong size,24.96
R00122,O002410,P0403,2026-06-15,Not as described,73.83
R00123,O008841,P0477,2024-09-19,Wrong size,47.4
R00124,O004384,P0137,2025-04-28,Late delivery,29.79
R00125,O003253,P0122,2024-08-29,Late delivery,49.22
R00126,O009269,P0398,2025-02-11,Wrong size,34.52
R00127,O002887,P0401,2025-09-08,Late delivery,46.59
R00128,O000966,P0026,2024-12-22,Not as described,116.71
R00129,O009745,P0334,2026-07-27,Changed mind,14.61
R00130,O013692,P0166,2024-12-16,Late delivery,79.02
R00131,O007966,P0120,2026-06-04,Wrong size,84.86
R00132,O001367,P0314,2024-12-17,Changed mind,17.84
R00133,O015028,P0168,2026-04-08,Not as described,55.47
R00134,O015657,P0237,2024-11-04,Late delivery,40.3
R00135,O002719,P0304,2026-03-03,Changed mind,27.37
R00136,O000537,P0243,2025-09-03,Not as described,15.13
R00137,O017025,P0288,2026-05-25,Late delivery,84.63
R00138,O008900,P0263,2026-07-06,Late delivery,62.54
R00139,O004069,P0051,2025-11-13,Changed mind,80.03
R00140,O010071,P0276,2025-01-04,Changed mind,94.87
R00141,O001133,P0208,2026-07-13,Not as described,158.44
R00142,O015596,P0109,2025-05-30,Not as described,99.7
R00143,O018442,P0334,2026-02-12,Wrong size,46.27
R00144,O007237,P0221,2024-08-08,Changed mind,58.67
R00145,O012208,P0094,2025-03-24,Damaged,14.54
R00146,O008069,P0328,2025-09-05,Wrong size,54.06
R00147,O015553,P0210,2025-07-16,Changed mind,148.71
R00148,O015895,P0342,2025-10-06,Wrong size,19.28
R00149,O008592,P0137,2025-01-26,Wrong size,12.8
R00150,O015414,P0343,2025-12-02,Damaged,8.13
R00151,O016285,P0244,2026-02-18,Wrong size,103.09
R00152,O006942,P0350,2024-09-28,Damaged,16.92
R00153,O009348,P0227,2024-08-20,Damaged,62.57
R00154,O002053,P0256,2025-04-06,Late delivery,75.26
R00155,O011935,P0136,2026-05-03,Damaged,56.76
R00156,O012836,P0021,2024-08-20,Wrong size,105.45
R00157,O005094,P0159,2025-10-18,Changed mind,100.69
R00158,O017581,P0309,2026-07-22,Not as described,45.33
R00159,O016844,P0075,2024-09-18,Not as described,46.62
R00160,O019195,P0203,2025-05-18,Changed mind,123.4
R00161,O009413,P0469,2024-12-22,Wrong size,11.92
R00162,O010172,P0375,2024-12-26,Changed mind,71.84
R00163,O008634,P0442,2025-04-06,Damaged,34.63
R00164,O011514,P0050,2024-11-14,Not as described,105.09
R00165,O015930,P0423,2024-09-09,Wrong size,78.08
R00166,O015032,P0032,2025-12-06,Wrong size,46.32
R00167,O017760,P0419,2025-06-08,Changed mind,141.38
R00168,O010325,P0395,2024-09-03,Wrong size,68.14
R00169,O008009,P0165,2024-10-01,Wrong size,125.39
R00170,O016923,P0367,2024-10-10,Not as described,48.47
R00171,O003368,P0088,2025-12-05,Damaged,99.2
R00172,O006363,P0221,2025-09-02,Damaged,52.24
R00173,O003767,P0434,2024-07-30,Damaged,81.85
R00174,O013138,P0041,2025-05-26,Damaged,81.45
R00175,O003101,P0411,2024-10-12,Damaged,5.81
R00176,O010250,P0412,2024-09-06,Late delivery,72.92
R00177,O008639,P0296,2025-02-21,Damaged,22.15
R00178,O013023,P0321,2025-06-13,Late delivery,40.95
R00179,O001642,P0361,2025-08-06,Not as described,101.34
R00180,O018809,P0311,2026-03-08,Not as described,38.36
R00181,O000186,P0488,2025-07-27,Changed mind,354.97
R00182,O006791,P0061,2024-11-11,Damaged,64.99
R00183,O018739,P0243,2024-11-19,Damaged,211.72
R00184,O001688,P0357,2024-10-26,Wrong size,33.87
R00185,O010033,P0372,2026-02-13,Late delivery,22.58
R00186,O015847,P0447,2026-03-20,Not as described,87.12
R00187,O014101,P0156,2025-02-09,Not as described,65.84
R00188,O002990,P0200,2024-10-21,Changed mind,118.15
R00189,O013387,P0467,2026-04-11,Late delivery,108.47
R00190,O009198,P0327,2025-01-19,Damaged,85.69
R00191,O009700,P0472,2026-06-04,Damaged,51.45
R00192,O006538,P0211,2025-09-05,Changed mind,63.19
R00193,O009115,P0040,2025-03-04,Not as described,100.86
R00194,O004657,P0488,2025-07-09,Late delivery,34.55
R00195,O008176,P0469,2025-08-13,Damaged,37.84
R00196,O009171,P0048,2025-08-20,Late delivery,53.18
R00197,O015035,P0101,2024-12-06,Wrong size,123.32
R00198,O014332,P0173,2025-11-07,Changed mind,86.52
R00199,O018953,P0477,2026-06-08,Late delivery,39.23
R00200,O002547,P0169,2024-12-31,Not as described,62.3
R00201,O007109,P0261,2024-08-10,Wrong size,94.32
R00202,O005532,P0131,2025-11-09,Wrong size,105.95
R00203,O005762,P0230,2026-07-10,Changed mind,81.24
R00204,O015839,P0092,2026-07-20,Damaged,14.69
R00205,O017567,P0286,2025-11-19,Not as described,36.03
R00206,O002681,P0482,2025-04-12,Damaged,116.87
R00207,O009690,P0193,2025-05-21,Wrong size,96.69
R00208,O015815,P0306,2024-10-03,Not as described,21.25
R00209,O012466,P0485,2026-04-19,Late delivery,80.4
R00210,O011239,P0247,2025-04-23,Damaged,105.86
R00211,O019786,P0201,2025-03-20,Changed mind,69.53
R00212,O001116,P0020,2025-04-11,Not as described,37.43
R00213,O009067,P0490,2026-01-07,Late delivery,76.22
R00214,O016977,P0470,2024-11-23,Damaged,17.86
R00215,O004471,P0271,2025-07-24,Not as described,95.5
R00216,O004752,P0172,2025-01-23,Damaged,43.45
R00217,O006756,P0241,2025-11-10,Not as described,197.25
R00218,O007818,P0161,2025-11-17,Changed mind,40.6
R00219,O008995,P0130,2025-03-02,Late delivery,85.33
R00220,O018666,P0326,2026-06-23,Late delivery,9.12
R00221,O000346,P0023,2025-11-27,Wrong size,27.59
R00222,O006645,P0174,2026-02-05,Not as described,31.68
R00223,O019342,P0332,2026-04-10,Not as described,32.83
R00224,O018254,P0491,2026-03-08,Changed mind,1.35
R00225,O016730,P0296,2024-11-27,Not as described,97.64
R00226,O003895,P0306,2026-01-20,Wrong size,55.19
R00227,O017918,P0487,2025-06-20,Changed mind,125.45
R00228,O018199,P0445,2026-06-06,Changed mind,131.84
R00229,O012309,P0323,2025-12-03,Changed mind,69.27
R00230,O017312,P0489,2025-03-26,Changed mind,109.04
R00231,O006509,P0438,2025-10-29,Wrong size,25.3
R00232,O015218,P0152,2025-08-14,Late delivery,80.11
R00233,O002967,P0415,2025-04-23,Wrong size,102.98
R00234,O015706,P0092,2025-05-23,Changed mind,45.69
R00235,O000762,P0450,2026-05-29,Late delivery,51.47
R00236,O005733,P0054,2026-03-26,Wrong size,22.81
R00237,O019869,P0021,2026-05-29,Not as described,128.41
R00238,O000802,P0403,2024-08-31,Changed mind,19.9
R00239,O009207,P0007,2025-02-12,Changed mind,107.07
R00240,O001804,P0289,2025-12-05,Changed mind,84.41
R00241,O018539,P0149,2026-06-14,Changed mind,43.18
R00242,O018609,P0329,2025-09-26,Damaged,82.37
R00243,O004262,P0222,2025-03-31,Not as described,76.75
R00244,O014090,P0143,2025-07-29,Late delivery,33.17
R00245,O009600,P0328,2025-02-13,Changed mind,55.4
R00246,O015520,P0240,2025-11-14,Late delivery,22.74
R00247,O018059,P0442,2026-04-15,Not as described,20.73
R00248,O019778,P0010,2025-06-20,Late delivery,185.02
R00249,O005765,P0196,2026-01-02,Damaged,116.65
R00250,O001842,P0262,2024-07-21,Changed mind,119.68
R00251,O008542,P0386,2025-12-21,Late delivery,58.81
R00252,O001082,P0042,2025-05-04,Not as described,23.7
R00253,O016191,P0105,2026-05-13,Not as described,204.83
R00254,O000581,P0450,2024-08-27,Late delivery,17.85
R00255,O009256,P0484,2026-02-23,Changed mind,123.67
R00256,O011063,P0004,2025-04-26,Changed mind,21.31
R00257,O013141,P0374,2026-02-25,Damaged,41.89
R00258,O001678,P0031,2025-12-28,Late delivery,59.87
R00259,O017878,P0234,2025-04-09,Late delivery,52.71
R00260,O017699,P0024,2026-03-04,Late delivery,145.65
R00261,O004218,P0256,2025-11-24,Damaged,60.81
R00262,O015867,P0142,2024-11-02,Late delivery,56.07
R00263,O015731,P0147,2025-12-03,Not as described,74.54
R00264,O001143,P0319,2026-01-19,Damaged,18.11
R00265,O006218,P0211,2026-05-17,Not as described,43.08
R00266,O017234,P0304,2024-12-02,Not as described,27.72
R00267,O000874,P0487,2024-12-12,Changed mind,74.79
R00268,O013098,P0372,2025-02-12,Damaged,35.09
R00269,O019492,P0039,2024-09-19,Wrong size,154.28
R00270,O000896,P0131,2025-01-31,Changed mind,56.47
R00271,O011516,P0239,2026-06-10,Wrong size,73.09
R00272,O014321,P0402,2025-05-07,Wrong size,84.76
R00273,O007125,P0161,2025-05-25,Late delivery,68.13
R00274,O009085,P0218,2026-03-01,Not as described,46.46
R00275,O010429,P0120,2025-09-01,Wrong size,27.64
R00276,O013142,P0488,2024-11-12,Late delivery,121.84
R00277,O017249,P0039,2024-12-10,Changed mind,90.99
R00278,O011947,P0076,2025-04-29,Late delivery,46.99
R00279,O012198,P0092,2025-12-03,Late delivery,73.59
R00280,O018446,P0496,2025-09-13,Not as described,129.95
R00281,O018348,P0088,2025-05-16,Changed mind,26.63
R00282,O003152,P0315,2026-03-02,Late delivery,96.7
R00283,O018967,P0192,2024-11-24,Changed mind,121.78
R00284,O008220,P0044,2025-10-17,Wrong size,39.02
R00285,O014223,P0010,2025-11-12,Damaged,54.8
R00286,O010249,P0430,2026-03-07,Changed mind,39.04
R00287,O004823,P0112,2026-02-02,Late delivery,34.52
R00288,O003041,P0286,2026-05-17,Changed mind,151.59
R00289,O017494,P0144,2025-08-24,Wrong size,140.62
R00290,O018733,P0348,2025-12-08,Late delivery,81.66
R00291,O002727,P0090,2024-11-19,Wrong size,166.66
R00292,O013131,P0396,2025-07-30,Damaged,73.19
R00293,O008037,P0035,2025-11-07,Not as described,55.98
R00294,O007431,P0134,2025-09-29,Wrong size,32.46
R00295,O003305,P0308,2026-05-23,Not as described,93.2
R00296,O016479,P0292,2025-03-18,Late delivery,53.64
R00297,O008435,P0327,2026-05-19,Changed mind,8.33
R00298,O013682,P0048,2025-12-21,Changed mind,47.33
R00299,O013313,P0475,2024-08-07,Not as described,44.98
R00300,O014066,P0281,2025-02-23,Late delivery,120.1
R00301,O006339,P0369,2025-04-03,Late delivery,77.69
R00302,O016170,P0009,2025-10-01,Changed mind,73.9
R00303,O015283,P0212,2026-02-26,Late delivery,69.79
R00304,O000523,P0366,2025-09-16,Not as described,69.72
R00305,O011229,P0036,2026-07-19,Wrong size,137.4
R00306,O002590,P0054,2024-09-01,Wrong size,43.48
R00307,O008159,P0187,2024-12-11,Wrong size,59.09
R00308,O010505,P0015,2025-07-10,Changed mind,21.54
R00309,O008323,P0438,2025-05-07,Damaged,63.74
R00310,O003388,P0366,2025-03-21,Damaged,91.52
R00311,O013759,P0452,2026-02-24,Wrong size,119.4
R00312,O009735,P0102,2024-10-03,Late delivery,106.99
R00313,O019715,P0150,2025-04-22,Changed mind,26.0
R00314,O000948,P0180,2025-11-28,Damaged,68.63
R00315,O016533,P0043,2025-01-02,Late delivery,35.84
R00316,O008232,P0483,2025-08-27,Changed mind,73.47
R00317,O007587,P0433,2025-06-23,Changed mind,74.59
R00318,O008134,P0029,2024-09-07,Late delivery,61.79
R00319,O004389,P0104,2024-12-26,Changed mind,83.93
R00320,O012624,P0140,2024-10-29,Wrong size,46.12
R00321,O013333,P0175,2025-11-25,Wrong size,46.84
R00322,O006099,P0465,2026-06-02,Late delivery,46.98
R00323,O009826,P0231,2025-08-14,Not as described,71.29
R00324,O008224,P0004,2024-08-25,Changed mind,54.13
R00325,O018576,P0441,2025-04-22,Late delivery,44.49
R00326,O002176,P0387,2025-05-23,Changed mind,114.33
R00327,O002060,P0246,2026-03-21,Not as described,153.33
R00328,O004523,P0263,2025-04-17,Wrong size,201.31
R00329,O010124,P0142,2025-08-13,Not as described,7.66
R00330,O005305,P0146,2024-12-06,Late delivery,129.29
R00331,O013101,P0480,2024-07-28,Not as described,45.09
R00332,O004316,P0442,2025-06-20,Not as described,38.99
R00333,O007722,P0223,2024-12-15,Damaged,95.56
R00334,O006945,P0249,2025-05-29,Wrong size,27.33
R00335,O008999,P0474,2025-12-10,Damaged,182.16
R00336,O008104,P0469,2025-06-17,Late delivery,33.57
R00337,O004365,P0103,2026-02-03,Damaged,56.02
R00338,O019704,P0385,2024-12-09,Changed mind,151.2
R00339,O011792,P0068,2025-09-14,Not as described,138.39
R00340,O008920,P0483,2024-10-30,Changed mind,31.83
R00341,O002101,P0355,2025-02-10,Not as described,31.7
R00342,O017548,P0247,2024-10-26,Late delivery,13.81
R00343,O013230,P0026,2025-02-09,Changed mind,75.86
R00344,O005742,P0367,2024-10-07,Damaged,7.95
R00345,O017671,P0479,2024-11-01,Not as described,51.3
R00346,O004423,P0292,2024-12-29,Not as described,34.18
R00347,O019810,P0443,2026-06-10,Changed mind,97.6
R00348,O010055,P0408,2025-09-19,Not as described,24.98
R00349,O017882,P0069,2025-06-23,Not as described,68.37
R00350,O004229,P0000,2025-08-24,Not as described,238.98
R00351,O017573,P0251,2025-08-07,Not as described,81.28
R00352,O008046,P0134,2026-03-03,Damaged,133.65
R00353,O007967,P0410,2025-10-22,Wrong size,90.19
R00354,O019450,P0235,2024-11-14,Late delivery,98.62
R00355,O002119,P0414,2026-06-30,Wrong size,86.63
R00356,O001782,P0262,2025-10-10,Late delivery,30.56
R00357,O002016,P0423,2024-12-30,Not as described,120.54
R00358,O012347,P0453,2026-07-22,Changed mind,12.83
R00359,O013059,P0132,2024-12-25,Wrong size,91.15
R00360,O017637,P0344,2025-04-24,Not as described,34.34
R00361,O013076,P0400,2025-11-20,Not as described,87.97
R00362,O011135,P0336,2025-11-14,Damaged,46.66
R00363,O011762,P0374,2024-10-25,Damaged,33.59
R00364,O007165,P0081,2026-06-16,Wrong size,100.39
R00365,O008061,P0299,2026-06-25,Not as described,107.27
R00366,O014917,P0345,2025-02-20,Wrong size,25.82
R00367,O013428,P0097,2026-05-20,Not as described,46.23
R00368,O000532,P0333,2024-08-01,Late delivery,19.65
R00369,O007944,P0401,2026-03-25,Wrong size,84.14
R00370,O016999,P0304,2025-06-13,Late delivery,15.28
R00371,O008157,P0193,2025-07-05,Wrong size,6.94
R00372,O013256,P0006,2024-11-28,Wrong size,105.4
R00373,O006491,P0016,2025-01-10,Changed mind,69.62
R00374,O003385,P0470,2025-03-03,Wrong size,16.32
R00375,O015809,P0300,2024-08-17,Changed mind,85.81
R00376,O018261,P0229,2025-09-15,Late delivery,179.38
R00377,O005986,P0077,2025-05-09,Late delivery,15.48
R00378,O002104,P0043,2025-01-07,Not as described,59.95
R00379,O011456,P0488,2026-04-07,Not as described,92.97
R00380,O009150,P0273,2026-01-24,Damaged,54.89
R00381,O005615,P0325,2025-07-16,Late delivery,100.11
R00382,O013885,P0099,2025-03-12,Not as described,89.14
R00383,O018094,P0341,2026-02-01,Not as described,77.69
R00384,O006508,P0187,2026-02-12,Not as described,65.17
R00385,O018694,P0455,2025-10-08,Damaged,30.76
R00386,O012672,P0439,2024-09-25,Not as described,99.79
R00387,O000915,P0182,2026-06-05,Wrong size,25.75
R00388,O018066,P0399,2025-12-21,Wrong size,125.43
R00389,O012221,P0146,2026-02-15,Damaged,29.66
R00390,O005173,P0178,2025-07-02,Damaged,103.33
R00391,O017378,P0353,2024-12-25,Late delivery,57.38
R00392,O018962,P0022,2025-10-22,Late delivery,36.6
R00393,O017743,P0407,2025-10-09,Damaged,70.74
R00394,O012961,P0097,2025-04-26,Late delivery,44.41
R00395,O011499,P0276,2024-09-06,Changed mind,50.38
R00396,O018278,P0369,2025-03-19,Damaged,80.48
R00397,O014681,P0182,2026-03-10,Damaged,54.61
R00398,O018386,P0192,2026-06-27,Wrong size,53.74
R00399,O004328,P0039,2026-06-29,Not as described,31.43
R00400,O001569,P0415,2024-10-01,Changed mind,123.66
R00401,O019751,P0217,2025-08-24,Late delivery,54.26
R00402,O006895,P0048,2026-04-24,Late delivery,76.42
R00403,O011886,P0472,2025-02-09,Not as described,139.92
R00404,O009528,P0490,2026-01-29,Changed mind,50.73
R00405,O018388,P0358,2025-07-18,Changed mind,201.39
R00406,O015661,P0413,2025-11-11,Damaged,29.37
R00407,O018422,P0124,2025-11-09,Not as described,43.25
R00408,O019268,P0380,2025-05-22,Late delivery,100.57
R00409,O002874,P0492,2024-10-01,Late delivery,64.8
R00410,O019828,P0481,2026-06-01,Wrong size,107.89
R00411,O010050,P0287,2026-05-10,Changed mind,116.1
R00412,O004870,P0304,2025-01-22,Wrong size,47.02
R00413,O015990,P0354,2026-02-18,Damaged,94.47
R00414,O002263,P0161,2025-11-17,Late delivery,97.34
R00415,O018916,P0171,2025-10-13,Not as described,137.4
R00416,O015582,P0057,2024-09-06,Wrong size,27.45
R00417,O018611,P0078,2025-10-12,Late delivery,264.79
R00418,O005029,P0334,2025-09-19,Late delivery,174.14
R00419,O006390,P0210,2024-09-16,Not as described,16.02
R00420,O011214,P0121,2026-05-26,Late delivery,106.95
R00421,O005321,P0027,2025-06-23,Changed mind,82.53
R00422,O004094,P0160,2024-11-01,Not as described,42.1
R00423,O011159,P0395,2026-03-05,Late delivery,82.74
R00424,O013482,P0158,2026-01-06,Wrong size,36.2
R00425,O005024,P0348,2024-08-18,Not as described,43.18
R00426,O012294,P0426,2025-07-08,Not as described,16.57
R00427,O001438,P0495,2025-03-31,Not as described,94.62
R00428,O001829,P0387,2024-12-21,Late delivery,46.38
R00429,O011436,P0450,2026-04-18,Late delivery,171.3
R00430,O018976,P0016,2025-04-06,Damaged,86.73
R00431,O009636,P0473,2026-05-20,Late delivery,93.07
R00432,O005617,P0413,2025-08-13,Late delivery,193.6
R00433,O012148,P0141,2025-08-11,Wrong size,94.44
R00434,O001903,P0464,2025-09-10,Changed mind,239.64
R00435,O015587,P0046,2025-05-11,Changed mind,27.24
R00436,O014952,P0054,2026-07-07,Late delivery,139.49
R00437,O008094,P0184,2025-08-07,Damaged,37.73
R00438,O003565,P0099,2026-07-06,Not as described,71.49
R00439,O004509,P0485,2025-08-22,Changed mind,31.3
R00440,O004448,P0218,2024-11-16,Damaged,109.09
R00441,O015906,P0149,2025-07-04,Changed mind,19.29
R00442,O011750,P0217,2026-01-03,Changed mind,63.27
R00443,O000022,P0282,2024-10-31,Damaged,96.83
R00444,O007428,P0378,2025-11-12,Changed mind,353.26
R00445,O012570,P0250,2025-10-14,Not as described,99.59
R00446,O013243,P0219,2025-11-16,Damaged,95.06
R00447,O007115,P0485,2026-06-18,Wrong size,29.03
R00448,O019790,P0449,2025-01-02,Changed mind,71.73
R00449,O008990,P0464,2024-12-04,Damaged,42.38
R00450,O014396,P0253,2025-07-25,Not as described,33.62
R00451,O005071,P0034,2025-03-28,Late delivery,18.24
R00452,O019005,P0123,2026-01-03,Late delivery,29.78
R00453,O018451,P0255,2025-06-30,Late delivery,25.83
R00454,O001087,P0232,2025-08-31,Not as described,130.04
R00455,O011564,P0045,2025-11-08,Wrong size,14.13
R00456,O011813,P0356,2025-01-20,Wrong size,21.15
R00457,O002294,P0185,2026-02-20,Wrong size,52.3
R00458,O013183,P0401,2025-08-10,Not as described,121.64
R00459,O018735,P0091,2026-05-01,Wrong size,194.39
R00460,O018827,P0018,2025-09-06,Damaged,48.14
R00461,O004343,P0153,2026-03-15,Wrong size,109.4
R00462,O009049,P0088,2026-07-03,Changed mind,48.7
R00463,O015754,P0258,2025-07-05,Changed mind,89.95
R00464,O007621,P0158,2026-04-21,Late delivery,35.06
R00465,O017487,P0178,2026-02-20,Changed mind,68.43
R00466,O013042,P0490,2024-10-30,Changed mind,86.44
R00467,O005125,P0340,2024-09-27,Damaged,120.42
R00468,O008923,P0223,2026-07-08,Damaged,44.16
R00469,O003698,P0030,2026-07-02,Not as described,24.3
R00470,O013457,P0414,2026-01-21,Not as described,120.39
R00471,O003285,P0211,2025-10-13,Not as described,167.04
R00472,O004761,P0269,2026-01-03,Wrong size,35.1
R00473,O007281,P0102,2026-04-05,Not as described,17.15
R00474,O011372,P0285,2024-10-04,Changed mind,128.61
R00475,O015402,P0425,2025-11-30,Damaged,75.41
R00476,O006392,P0346,2024-08-17,Changed mind,22.11
R00477,O016347,P0018,2024-11-16,Changed mind,46.77
R00478,O004449,P0207,2026-02-26,Changed mind,10.82
R00479,O015560,P0195,2026-03-01,Late delivery,37.78
R00480,O008433,P0036,2025-02-15,Changed mind,92.04
R00481,O010430,P0499,2025-05-04,Not as described,16.17
R00482,O006102,P0334,2024-10-01,Changed mind,66.47
R00483,O014701,P0340,2024-09-21,Damaged,51.53
R00484,O006983,P0090,2024-07-18,Damaged,25.27
R00485,O015648,P0373,2026-05-05,Changed mind,63.63
R00486,O017755,P0304,2026-05-21,Damaged,287.89
R00487,O009631,P0451,2024-08-08,Not as described,24.18
R00488,O017574,P0201,2025-11-22,Wrong size,117.26
R00489,O011002,P0466,2026-06-13,Late delivery,110.33
R00490,O007749,P0355,2025-03-19,Damaged,149.19
R00491,O017444,P0191,2025-08-26,Late delivery,11.61
R00492,O014095,P0137,2026-03-08,Changed mind,64.47
R00493,O017864,P0029,2024-10-31,Damaged,77.11
R00494,O012535,P0179,2025-12-01,Not as described,67.51
R00495,O010908,P0004,2026-07-30,Damaged,75.66
R00496,O009491,P0499,2025-12-06,Damaged,105.94
R00497,O010764,P0305,2026-06-21,Changed mind,101.62
R00498,O006124,P0261,2025-11-03,Wrong size,56.5
R00499,O011736,P0208,2025-09-04,Damaged,181.79
R00500,O011464,P0443,2026-06-23,Damaged,25.34
R00501,O013662,P0479,2025-10-17,Wrong size,74.03
R00502,O014262,P0181,2025-06-17,Wrong size,148.97
R00503,O013353,P0177,2026-06-03,Damaged,20.71
R00504,O016451,P0437,2024-09-16,Not as described,43.24
R00505,O018556,P0167,2024-10-30,Changed mind,173.24
R00506,O012912,P0102,2026-01-19,Wrong size,18.77
R00507,O018277,P0148,2025-05-13,Damaged,78.0
R00508,O004742,P0232,2024-11-29,Wrong size,42.87
R00509,O001687,P0197,2025-08-21,Not as described,164.93
R00510,O007174,P0498,2026-07-05,Damaged,87.1
R00511,O005266,P0302,2025-02-14,Not as described,123.91
R00512,O006633,P0252,2026-03-21,Changed mind,29.13
R00513,O017966,P0422,2024-10-16,Not as described,15.52
R00514,O007873,P0399,2025-03-22,Wrong size,80.58
R00515,O009013,P0059,2026-01-09,Late delivery,42.37
R00516,O018608,P0141,2026-06-20,Not as described,9.53
R00517,O019737,P0216,2024-10-01,Late delivery,22.11
R00518,O014423,P0252,2024-10-21,Wrong size,84.3
R00519,O009480,P0122,2026-05-31,Wrong size,117.7
R00520,O015259,P0062,2026-04-18,Not as described,52.68
R00521,O014486,P0419,2025-02-17,Changed mind,16.81
R00522,O010389,P0452,2025-05-04,Not as described,79.37
R00523,O013490,P0334,2024-09-28,Damaged,65.21
R00524,O010890,P0197,2026-03-03,Damaged,94.47
R00525,O005746,P0404,2024-09-04,Not as described,120.08
R00526,O012245,P0447,2026-04-25,Changed mind,27.68
R00527,O017501,P0238,2026-02-09,Not as described,29.99
R00528,O015586,P0103,2026-06-16,Changed mind,66.57
R00529,O003378,P0086,2026-05-01,Changed mind,17.92
R00530,O019896,P0195,2024-09-26,Changed mind,46.94
R00531,O000892,P0237,2026-06-21,Damaged,54.76
R00532,O009692,P0217,2026-01-26,Changed mind,140.25
R00533,O000147,P0265,2026-07-25,Wrong size,38.12
R00534,O012282,P0436,2025-03-10,Late delivery,42.37
R00535,O001441,P0406,2025-06-04,Not as described,94.67
R00536,O003497,P0404,2025-11-23,Late delivery,88.93
R00537,O018880,P0307,2024-10-01,Damaged,118.79
R00538,O010752,P0101,2026-04-07,Wrong size,91.7
R00539,O005159,P0087,2024-09-17,Damaged,70.21
R00540,O011691,P0234,2025-06-19,Wrong size,188.84
R00541,O012425,P0207,2025-05-17,Late delivery,47.64
R00542,O018204,P0249,2025-11-02,Damaged,38.63
R00543,O013877,P0294,2026-04-03,Wrong size,55.88
R00544,O007141,P0356,2025-07-17,Wrong size,12.42
R00545,O011735,P0109,2024-11-17,Changed mind,29.71
R00546,O004864,P0412,2024-10-07,Damaged,76.3
R00547,O012577,P0250,2024-07-28,Changed mind,70.98
R00548,O011824,P0355,2025-04-13,Changed mind,56.66
R00549,O013672,P0108,2025-09-08,Damaged,82.21
R00550,O008562,P0216,2026-02-20,Late delivery,5.72
R00551,O008391,P0434,2024-09-20,Damaged,14.2
R00552,O016646,P0139,2026-04-28,Changed mind,72.69
R00553,O017905,P0317,2026-03-20,Wrong size,18.8
R00554,O005825,P0431,2025-06-10,Damaged,31.42
R00555,O010815,P0330,2024-10-01,Changed mind,72.47
R00556,O006599,P0026,2025-03-26,Changed mind,107.43
R00557,O008763,P0112,2026-03-21,Changed mind,22.83
R00558,O014989,P0455,2026-06-22,Damaged,58.81
R00559,O019586,P0204,2026-05-13,Wrong size,109.1
R00560,O006620,P0309,2025-01-07,Damaged,54.35
R00561,O011087,P0190,2025-06-18,Late delivery,116.29
R00562,O002153,P0228,2025-01-03,Wrong size,94.77
R00563,O012211,P0172,2025-11-26,Not as described,65.58
R00564,O019794,P0495,2025-04-04,Not as described,101.81
R00565,O008611,P0278,2026-02-23,Changed mind,19.21
R00566,O018363,P0466,2024-11-21,Not as described,248.18
R00567,O018118,P0015,2025-05-06,Late delivery,38.29
R00568,O018807,P0327,2025-05-21,Damaged,19.49
R00569,O006298,P0204,2024-12-21,Changed mind,19.71
R00570,O007991,P0135,2025-05-01,Wrong size,49.42
R00571,O005779,P0183,2026-04-25,Not as described,65.01
R00572,O007311,P0194,2026-01-12,Damaged,170.26
R00573,O019216,P0127,2025-02-20,Wrong size,27.41
R00574,O003337,P0093,2025-03-06,Not as described,15.29
R00575,O012801,P0307,2025-05-23,Wrong size,45.22
R00576,O018350,P0057,2025-12-10,Changed mind,87.68
R00577,O016542,P0277,2025-09-25,Damaged,74.08
R00578,O019181,P0023,2025-07-27,Wrong size,29.2
R00579,O013927,P0433,2024-11-22,Late delivery,10.94
R00580,O005592,P0041,2025-07-15,Changed mind,24.88
R00581,O009942,P0349,2025-08-25,Late delivery,28.05
R00582,O004464,P0158,2026-03-16,Late delivery,113.53
R00583,O016195,P0213,2025-09-12,Late delivery,12.8
R00584,O012418,P0304,2025-06-02,Changed mind,32.3
R00585,O016536,P0454,2024-10-01,Wrong size,102.62
R00586,O005830,P0002,2025-12-21,Not as described,155.92
R00587,O016516,P0027,2025-11-11,Damaged,131.29
R00588,O006488,P0158,2025-10-09,Damaged,74.94
R00589,O012574,P0316,2024-08-25,Wrong size,113.55
R00590,O015838,P0090,2025-04-07,Not as described,38.82
R00591,O005780,P0042,2025-01-26,Late delivery,52.28
R00592,O010215,P0413,2025-04-12,Damaged,111.49
R00593,O016465,P0201,2026-07-14,Not as described,44.78
R00594,O007457,P0321,2024-12-28,Not as described,95.13
R00595,O009563,P0429,2024-08-02,Late delivery,196.54
R00596,O003783,P0086,2024-12-29,Damaged,11.11
R00597,O005152,P0052,2024-12-10,Damaged,38.43
R00598,O006906,P0154,2024-10-31,Late delivery,37.0
R00599,O011633,P0327,2025-07-06,Wrong size,53.98
R00600,O011169,P0334,2025-08-12,Late delivery,27.94
R00601,O004078,P0015,2025-12-11,Late delivery,41.81
R00602,O002081,P0116,2026-04-19,Wrong size,75.77
R00603,O014607,P0203,2025-10-16,Damaged,78.19
R00604,O009610,P0373,2025-04-14,Wrong size,21.46
R00605,O011831,P0276,2025-09-08,Damaged,41.68
R00606,O003352,P0136,2025-05-10,Damaged,82.18
R00607,O016812,P0093,2024-12-02,Wrong size,38.93
R00608,O016392,P0029,2026-01-22,Late delivery,32.74
R00609,O007844,P0334,2024-10-14,Not as described,41.03
R00610,O008454,P0373,2026-05-04,Not as described,12.28
R00611,O016018,P0405,2025-08-24,Not as described,31.75
R00612,O001159,P0059,2025-02-14,Late delivery,252.47
R00613,O008185,P0125,2024-08-27,Late delivery,120.78
R00614,O002858,P0076,2025-08-13,Damaged,41.72
R00615,O002020,P0466,2025-05-28,Late delivery,82.07
R00616,O010790,P0256,2025-02-19,Changed mind,111.18
R00617,O009604,P0077,2025-04-15,Damaged,16.58
R00618,O003595,P0378,2024-11-06,Changed mind,125.46
R00619,O002900,P0398,2025-02-01,Wrong size,61.62
R00620,O005712,P0496,2025-03-14,Changed mind,4.12
R00621,O008411,P0158,2025-09-29,Damaged,159.21
R00622,O003563,P0116,2025-09-26,Not as described,108.56
R00623,O014825,P0345,2026-05-04,Wrong size,44.71
R00624,O006855,P0105,2026-04-22,Changed mind,120.19
R00625,O018407,P0194,2024-08-10,Changed mind,43.31
R00626,O013668,P0293,2024-07-23,Damaged,33.77
R00627,O005821,P0497,2025-11-16,Not as described,32.34
R00628,O008420,P0341,2024-10-07,Not as described,50.43
R00629,O002462,P0414,2026-01-12,Late delivery,26.18
R00630,O007858,P0111,2026-03-11,Damaged,35.21
R00631,O009689,P0007,2024-10-06,Wrong size,12.37
R00632,O010994,P0322,2025-07-15,Late delivery,15.34
R00633,O016354,P0040,2024-11-15,Damaged,119.63
R00634,O010897,P0170,2026-02-28,Not as described,83.23
R00635,O007881,P0384,2024-08-01,Changed mind,148.33
R00636,O003541,P0402,2024-09-04,Late delivery,88.96
R00637,O000352,P0492,2024-09-08,Not as described,11.23
R00638,O018172,P0353,2026-03-01,Not as described,66.29
R00639,O013040,P0487,2025-06-27,Changed mind,27.61
R00640,O008806,P0207,2025-11-29,Changed mind,67.69
R00641,O015027,P0110,2025-05-15,Wrong size,21.92
R00642,O004541,P0129,2025-03-22,Changed mind,41.49
R00643,O015831,P0095,2025-06-27,Wrong size,86.15
R00644,O009418,P0074,2026-02-24,Changed mind,60.93
R00645,O000485,P0079,2025-12-15,Late delivery,177.21
R00646,O018886,P0123,2025-03-25,Damaged,90.49
R00647,O019474,P0223,2026-02-05,Late delivery,2.58
R00648,O015233,P0454,2025-10-13,Late delivery,19.16
R00649,O008370,P0039,2025-07-15,Late delivery,31.38
R00650,O004567,P0251,2024-10-16,Late delivery,13.64
R00651,O007357,P0326,2025-08-29,Wrong size,26.73
R00652,O002192,P0468,2024-11-15,Not as described,89.52
R00653,O014658,P0201,2026-02-10,Damaged,15.83
R00654,O005372,P0204,2026-06-10,Not as described,97.18
R00655,O014757,P0311,2025-12-17,Not as described,64.95
R00656,O009204,P0018,2025-04-10,Changed mind,20.07
R00657,O015393,P0462,2024-10-26,Wrong size,36.88
R00658,O000890,P0354,2025-06-05,Changed mind,40.41
R00659,O015149,P0489,2025-03-25,Changed mind,102.09
R00660,O013391,P0384,2025-01-03,Not as described,175.69
R00661,O017778,P0092,2025-08-30,Changed mind,36.0
R00662,O011829,P0019,2025-02-25,Wrong size,25.24
R00663,O019166,P0033,2025-04-03,Not as described,173.95
R00664,O002124,P0074,2025-12-08,Not as described,30.54
R00665,O000967,P0465,2026-04-03,Not as described,126.52
R00666,O005192,P0318,2025-03-21,Damaged,262.29
R00667,O017555,P0480,2024-11-17,Wrong size,60.84
R00668,O018905,P0176,2024-11-26,Changed mind,115.52
R00669,O016163,P0462,2025-04-10,Changed mind,97.95
R00670,O005344,P0177,2024-12-17,Changed mind,49.86
R00671,O007855,P0208,2026-01-02,Late delivery,78.54
R00672,O008219,P0148,2024-09-04,Changed mind,86.25
R00673,O007719,P0245,2025-03-07,Not as described,37.34
R00674,O001175,P0047,2025-01-13,Wrong size,14.52
R00675,O005199,P0112,2026-04-11,Wrong size,2.71
R00676,O012962,P0035,2025-01-31,Not as described,79.36
R00677,O005845,P0432,2026-03-16,Damaged,112.2
R00678,O007043,P0227,2026-07-14,Damaged,152.32
R00679,O007899,P0382,2026-04-08,Late delivery,109.87
R00680,O005976,P0263,2024-11-12,Late delivery,143.44
R00681,O011324,P0435,2026-01-31,Damaged,91.35
R00682,O019745,P0156,2026-04-17,Not as described,41.76
R00683,O001351,P0363,2024-11-07,Not as described,63.98
R00684,O006204,P0291,2024-11-12,Changed mind,31.37
R00685,O019844,P0454,2026-04-05,Not as described,82.99
R00686,O006163,P0403,2024-10-04,Changed mind,62.67
R00687,O014395,P0299,2025-01-30,Damaged,175.99
R00688,O000826,P0172,2024-07-04,Wrong size,76.48
R00689,O012747,P0023,2024-12-27,Damaged,131.57
R00690,O014328,P0375,2025-02-09,Changed mind,13.06
R00691,O016940,P0029,2025-02-28,Not as described,53.02
R00692,O005244,P0302,2024-08-18,Changed mind,26.47
R00693,O008360,P0061,2024-11-22,Wrong size,26.49
R00694,O003055,P0014,2024-07-19,Wrong size,74.15
R00695,O002941,P0048,2026-01-10,Wrong size,84.39
R00696,O019231,P0173,2026-04-12,Late delivery,89.86
R00697,O004431,P0263,2026-01-18,Wrong size,63.72
R00698,O009886,P0364,2026-07-14,Damaged,15.26
R00699,O007647,P0208,2026-06-15,Late delivery,58.94
R00700,O002274,P0067,2025-10-28,Damaged,132.81
R00701,O014327,P0463,2026-05-15,Damaged,126.11
R00702,O002246,P0455,2025-01-03,Damaged,151.7
R00703,O016131,P0236,2025-03-31,Wrong size,105.06
R00704,O018067,P0261,2026-05-21,Late delivery,111.57
R00705,O013888,P0396,2025-02-20,Wrong size,177.93
R00706,O015162,P0229,2024-08-21,Damaged,40.49
R00707,O001422,P0104,2025-06-17,Wrong size,49.5
R00708,O013185,P0179,2025-06-25,Wrong size,78.9
R00709,O017230,P0437,2025-06-19,Changed mind,50.73
R00710,O000513,P0148,2025-03-24,Damaged,39.53
R00711,O006212,P0219,2026-06-11,Damaged,70.29
R00712,O000787,P0337,2025-06-06,Wrong size,52.46
R00713,O009206,P0135,2025-09-08,Late delivery,67.49
R00714,O000692,P0323,2025-07-10,Not as described,21.5
R00715,O006019,P0214,2026-04-13,Late delivery,17.89
R00716,O005257,P0296,2025-07-26,Wrong size,137.04
R00717,O017618,P0137,2025-03-03,Damaged,99.19
R00718,O005841,P0390,2025-02-06,Not as described,43.33
R00719,O004892,P0091,2025-10-21,Damaged,90.44
R00720,O009245,P0004,2025-02-13,Changed mind,46.98
R00721,O019916,P0088,2026-04-16,Late delivery,138.65
R00722,O017917,P0097,2024-10-07,Late delivery,15.43
R00723,O015117,P0123,2026-04-12,Damaged,50.83
R00724,O016476,P0499,2025-08-26,Not as described,183.73
R00725,O017925,P0448,2025-04-03,Not as described,26.23
R00726,O001334,P0113,2025-08-29,Late delivery,24.6
R00727,O019156,P0160,2024-09-27,Late delivery,59.32
R00728,O016711,P0108,2025-07-05,Late delivery,40.09
R00729,O005750,P0035,2025-05-18,Damaged,75.96
R00730,O002740,P0467,2025-11-21,Late delivery,46.34
R00731,O012508,P0181,2025-01-10,Damaged,33.97
R00732,O010522,P0262,2025-05-13,Changed mind,13.3
R00733,O002300,P0377,2024-12-08,Damaged,49.68
R00734,O014676,P0283,2026-01-12,Changed mind,74.76
R00735,O000109,P0367,2024-07-05,Changed mind,38.41
R00736,O010351,P0342,2024-11-11,Late delivery,25.79
R00737,O004676,P0055,2025-08-12,Damaged,37.8
R00738,O000196,P0386,2026-04-21,Wrong size,81.73
R00739,O002966,P0399,2026-04-08,Not as described,206.2
R00740,O005209,P0055,2025-05-23,Wrong size,37.48
R00741,O013013,P0036,2025-09-08,Not as described,42.51
R00742,O012031,P0192,2025-10-04,Damaged,21.63
R00743,O019510,P0319,2025-11-12,Wrong size,195.47
R00744,O008030,P0292,2026-06-25,Damaged,24.57
R00745,O015039,P0496,2025-05-26,Changed mind,29.3
R00746,O006228,P0225,2024-08-02,Late delivery,364.59
R00747,O009288,P0119,2024-10-29,Not as described,19.1
R00748,O003434,P0405,2026-07-22,Late delivery,62.92
R00749,O012284,P0293,2025-10-11,Not as described,43.41
R00750,O004059,P0439,2026-01-10,Wrong size,149.86
R00751,O005391,P0051,2026-01-12,Changed mind,39.6
R00752,O005546,P0485,2026-04-23,Wrong size,172.65
R00753,O001218,P0239,2025-11-16,Wrong size,35.61
R00754,O012638,P0355,2025-04-13,Changed mind,106.12
R00755,O004067,P0106,2026-02-09,Wrong size,55.14
R00756,O017055,P0171,2026-04-11,Damaged,130.52
R00757,O015373,P0083,2025-11-09,Changed mind,21.56
R00758,O015010,P0355,2024-11-14,Not as described,24.23
R00759,O001993,P0114,2025-08-14,Wrong size,116.66
R00760,O012860,P0461,2026-02-05,Late delivery,200.08
R00761,O015963,P0269,2025-02-01,Changed mind,12.88
R00762,O002052,P0122,2025-03-02,Not as described,212.23
R00763,O006335,P0426,2026-06-14,Damaged,90.68
R00764,O018384,P0342,2025-03-26,Changed mind,88.37
R00765,O013570,P0012,2026-04-30,Wrong size,92.51
R00766,O017658,P0383,2024-11-13,Damaged,99.52
R00767,O009010,P0087,2025-01-01,Late delivery,39.7
R00768,O001846,P0199,2025-07-07,Damaged,139.82
R00769,O017612,P0253,2025-12-20,Late delivery,74.83
R00770,O008425,P0004,2025-08-15,Damaged,115.85
R00771,O008108,P0431,2025-06-05,Damaged,52.4
R00772,O016939,P0004,2025-11-17,Wrong size,21.63
R00773,O008505,P0334,2024-08-15,Late delivery,59.18
R00774,O014895,P0197,2025-12-16,Not as described,44.65
R00775,O013803,P0316,2024-10-15,Damaged,110.96
R00776,O010867,P0328,2024-10-28,Wrong size,90.56
R00777,O002518,P0359,2025-04-14,Changed mind,42.45
R00778,O011375,P0478,2024-12-29,Not as described,71.32
R00779,O009197,P0024,2026-04-08,Wrong size,82.3
R00780,O006900,P0208,2026-04-14,Damaged,38.55
R00781,O008172,P0482,2024-07-29,Damaged,142.47
R00782,O015403,P0249,2024-11-12,Damaged,95.84
R00783,O001520,P0380,2025-09-07,Late delivery,99.63
R00784,O010616,P0264,2024-09-18,Late delivery,48.24
R00785,O017509,P0198,2025-12-04,Late delivery,18.48
R00786,O009155,P0164,2024-09-20,Wrong size,62.22
R00787,O009731,P0118,2026-01-07,Late delivery,101.29
R00788,O000811,P0222,2026-04-11,Damaged,27.86
R00789,O010148,P0385,2026-03-15,Not as described,22.23
R00790,O013590,P0188,2025-09-28,Late delivery,117.27
R00791,O014061,P0138,2025-10-08,Not as described,34.72
R00792,O011932,P0003,2026-02-23,Changed mind,33.71
R00793,O018361,P0224,2025-11-08,Changed mind,48.28
R00794,O001837,P0196,2024-08-20,Changed mind,105.56
R00795,O012633,P0226,2024-11-05,Late delivery,3.82
R00796,O002519,P0183,2026-05-21,Wrong size,7.13
R00797,O013229,P0253,2026-06-19,Late delivery,59.87
R00798,O009277,P0336,2025-09-23,Wrong size,145.64
R00799,O004231,P0193,2024-12-10,Wrong size,45.66
R00800,O010671,P0242,2026-02-19,Late delivery,38.01
R00801,O016474,P0208,2025-05-06,Not as described,91.98
R00802,O013800,P0364,2026-02-02,Damaged,24.88
R00803,O019287,P0442,2026-06-17,Late delivery,117.62
R00804,O010920,P0088,2024-11-17,Damaged,57.16
R00805,O001997,P0449,2025-11-10,Late delivery,128.01
R00806,O019140,P0443,2025-05-30,Changed mind,61.25
R00807,O013248,P0224,2025-06-22,Damaged,14.22
R00808,O002043,P0416,2026-03-26,Wrong size,28.58
R00809,O016297,P0214,2026-07-13,Wrong size,33.74
R00810,O004129,P0373,2025-03-24,Not as described,38.96
R00811,O018969,P0338,2025-01-29,Not as described,99.59
R00812,O012995,P0409,2026-06-13,Changed mind,107.55
R00813,O002715,P0017,2026-07-01,Late delivery,101.32
R00814,O005480,P0420,2024-10-17,Late delivery,66.31
R00815,O010646,P0225,2025-02-04,Damaged,43.07
R00816,O010009,P0292,2025-02-26,Wrong size,56.43
R00817,O016447,P0461,2025-10-08,Wrong size,98.01
R00818,O000651,P0179,2024-08-08,Changed mind,74.48
R00819,O016857,P0375,2026-01-30,Wrong size,4.57
R00820,O004098,P0262,2026-03-03,Wrong size,50.8
R00821,O016868,P0133,2025-05-13,Late delivery,68.13
R00822,O011715,P0259,2025-04-24,Not as described,65.23
R00823,O001482,P0478,2026-03-22,Wrong size,27.84
R00824,O008624,P0187,2024-10-05,Changed mind,200.3
R00825,O009699,P0389,2025-02-15,Late delivery,159.48
R00826,O017401,P0362,2026-04-21,Wrong size,66.44
R00827,O002106,P0357,2025-12-25,Damaged,48.84
R00828,O004876,P0391,2024-12-09,Not as described,270.36
R00829,O008312,P0232,2026-03-10,Damaged,42.09
R00830,O018085,P0154,2025-10-30,Wrong size,63.96
R00831,O001939,P0352,2024-12-23,Wrong size,150.67
R00832,O013645,P0294,2025-10-12,Damaged,38.21
R00833,O013630,P0293,2025-05-31,Changed mind,111.3
R00834,O008855,P0143,2024-07-30,Changed mind,3.72
R00835,O019502,P0007,2025-12-31,Not as described,62.35
R00836,O010492,P0255,2024-12-17,Damaged,154.45
R00837,O009337,P0118,2025-09-20,Changed mind,36.14
R00838,O007408,P0049,2026-01-03,Wrong size,28.34
R00839,O011972,P0166,2026-02-12,Wrong size,84.61
R00840,O000479,P0283,2025-09-30,Changed mind,33.9
R00841,O005608,P0158,2025-06-16,Late delivery,88.94
R00842,O001128,P0282,2024-11-02,Not as described,8.12
R00843,O007346,P0348,2025-06-28,Damaged,39.36
R00844,O013731,P0189,2026-06-06,Wrong size,19.58
R00845,O003061,P0200,2025-09-28,Damaged,30.25
R00846,O007388,P0160,2024-12-13,Changed mind,17.1
R00847,O016250,P0021,2024-12-02,Damaged,29.88
R00848,O000131,P0363,2025-11-24,Not as described,3.78
R00849,O003100,P0425,2026-06-26,Not as described,90.09
R00850,O003702,P0424,2026-06-28,Changed mind,10.99
R00851,O010630,P0283,2025-05-05,Wrong size,32.7
R00852,O010971,P0082,2025-02-23,Wrong size,70.83
R00853,O004422,P0385,2025-01-03,Changed mind,194.94
R00854,O001858,P0302,2026-05-31,Late delivery,36.57
R00855,O013022,P0171,2025-08-03,Wrong size,86.79
R00856,O014431,P0232,2024-12-07,Wrong size,128.54
R00857,O014616,P0305,2025-08-08,Not as described,15.44
R00858,O018373,P0183,2025-07-28,Changed mind,24.55
R00859,O016594,P0408,2026-05-07,Damaged,3.16
R00860,O000839,P0353,2026-03-22,Late delivery,67.61
R00861,O010245,P0170,2024-12-20,Wrong size,24.97
R00862,O005375,P0302,2025-12-28,Late delivery,41.92
R00863,O014135,P0071,2026-03-09,Late delivery,30.76
R00864,O002801,P0265,2025-01-03,Damaged,110.92
R00865,O001282,P0113,2025-06-19,Late delivery,37.15
R00866,O007119,P0071,2026-07-16,Late delivery,56.11
R00867,O015583,P0359,2026-03-10,Damaged,1.98
R00868,O000253,P0442,2024-10-19,Damaged,56.75
R00869,O018380,P0348,2026-01-03,Not as described,49.77
R00870,O017881,P0155,2026-02-28,Not as described,29.82
R00871,O007053,P0013,2026-01-05,Wrong size,60.79
R00872,O017846,P0262,2026-04-29,Not as described,79.3
R00873,O019014,P0208,2026-04-23,Late delivery,72.62
R00874,O006824,P0464,2025-05-07,Not as described,49.49
R00875,O004906,P0237,2026-02-21,Wrong size,102.17
R00876,O016161,P0355,2025-03-02,Late delivery,46.12
R00877,O004217,P0117,2025-06-26,Damaged,55.87
R00878,O008001,P0257,2026-04-16,Changed mind,156.89
R00879,O003432,P0145,2025-02-05,Not as described,36.86
R00880,O016126,P0394,2025-01-25,Late delivery,60.35
R00881,O006766,P0194,2025-06-14,Not as described,97.31
R00882,O007546,P0003,2025-07-14,Wrong size,15.15
R00883,O004321,P0499,2024-12-27,Damaged,45.13
R00884,O016316,P0204,2024-12-20,Damaged,65.78
R00885,O014778,P0238,2025-03-26,Damaged,108.12
R00886,O012403,P0041,2026-03-30,Late delivery,13.5
R00887,O003110,P0032,2025-06-02,Changed mind,123.4
R00888,O004700,P0100,2025-02-10,Damaged,65.59
R00889,O008851,P0161,2025-01-08,Changed mind,133.58
R00890,O002057,P0397,2025-12-25,Damaged,44.06
R00891,O010957,P0438,2026-03-16,Changed mind,34.34
R00892,O011579,P0356,2026-02-12,Changed mind,93.89
R00893,O001677,P0206,2025-07-31,Not as described,57.73
R00894,O019471,P0404,2025-01-14,Not as described,101.64
R00895,O017958,P0186,2024-10-14,Not as described,33.68
R00896,O007259,P0392,2024-11-30,Damaged,46.48
R00897,O013813,P0324,2024-11-11,Wrong size,134.87
R00898,O010510,P0499,2025-09-06,Not as described,91.17
R00899,O016252,P0301,2025-01-21,Not as described,56.75
R00900,O005443,P0080,2025-05-07,Not as described,24.2
R00901,O019590,P0473,2024-08-30,Wrong size,4.38
R00902,O006406,P0341,2025-06-03,Changed mind,50.76
R00903,O008278,P0265,2026-01-26,Changed mind,26.67
R00904,O018549,P0001,2025-12-16,Wrong size,73.62
R00905,O007565,P0319,2026-07-14,Late delivery,30.76
R00906,O009417,P0221,2026-03-28,Not as described,65.9
R00907,O008424,P0355,2026-04-15,Changed mind,114.63
R00908,O016206,P0317,2025-05-28,Damaged,36.16
R00909,O010514,P0460,2024-11-27,Not as described,18.9
R00910,O005274,P0022,2026-04-23,Changed mind,66.17
R00911,O008087,P0020,2026-03-21,Late delivery,25.37
R00912,O005002,P0119,2025-09-02,Late delivery,66.74
R00913,O006402,P0301,2025-12-01,Changed mind,197.59
R00914,O002619,P0265,2025-01-08,Late delivery,33.81
R00915,O016567,P0255,2024-12-23,Changed mind,41.14
R00916,O015846,P0246,2025-11-23,Damaged,88.77
R00917,O015825,P0185,2026-05-08,Late delivery,47.31
R00918,O012974,P0047,2025-05-13,Late delivery,58.31
R00919,O010107,P0108,2024-10-10,Not as described,30.62
R00920,O006626,P0261,2025-11-01,Changed mind,107.98
R00921,O017571,P0359,2025-12-31,Not as described,42.01
R00922,O010659,P0094,2025-10-06,Late delivery,111.66
R00923,O007511,P0368,2025-08-26,Damaged,27.89
R00924,O016610,P0229,2026-06-30,Wrong size,108.85
R00925,O015722,P0167,2026-04-18,Not as described,27.57
R00926,O006841,P0206,2025-09-23,Late delivery,25.07
R00927,O002394,P0110,2024-08-15,Wrong size,48.51
R00928,O006897,P0263,2024-09-29,Wrong size,35.53
R00929,O018535,P0166,2024-09-01,Not as described,70.64
R00930,O013715,P0131,2024-08-08,Late delivery,230.98
R00931,O005924,P0237,2025-10-14,Changed mind,31.47
R00932,O011400,P0205,2025-06-04,Changed mind,23.28
R00933,O019997,P0239,2025-08-21,Wrong size,73.28
R00934,O016703,P0043,2024-11-14,Damaged,76.39
R00935,O007672,P0003,2025-12-22,Damaged,13.78
R00936,O018728,P0229,2025-11-12,Damaged,184.34
R00937,O003005,P0366,2024-10-03,Wrong size,72.18
R00938,O001430,P0473,2025-11-14,Not as described,44.66
R00939,O011365,P0111,2025-06-05,Damaged,113.55
R00940,O015802,P0035,2025-02-13,Changed mind,54.94
R00941,O019362,P0408,2024-11-04,Not as described,33.52
R00942,O015095,P0128,2026-01-10,Late delivery,53.67
R00943,O009802,P0401,2025-10-30,Changed mind,10.92
R00944,O012377,P0236,2026-05-11,Not as described,93.8
R00945,O019204,P0176,2024-11-03,Not as described,190.35
R00946,O018436,P0291,2024-09-30,Late delivery,11.4
R00947,O006164,P0183,2025-02-03,Damaged,144.19
R00948,O000610,P0250,2026-01-01,Damaged,29.62
R00949,O006222,P0279,2025-04-14,Changed mind,128.03
R00950,O001519,P0294,2025-09-01,Late delivery,279.94
R00951,O002911,P0482,2025-11-20,Changed mind,81.37
R00952,O001405,P0372,2025-10-25,Wrong size,82.72
R00953,O006609,P0432,2026-02-07,Late delivery,133.71
R00954,O017367,P0416,2025-06-26,Wrong size,63.27
R00955,O012382,P0246,2025-05-28,Wrong size,15.73
R00956,O018956,P0006,2024-08-02,Damaged,53.82
R00957,O005941,P0329,2025-05-12,Damaged,28.33
R00958,O012800,P0082,2026-06-15,Changed mind,101.36
R00959,O014051,P0320,2025-08-25,Late delivery,115.94
R00960,O003827,P0260,2026-03-06,Late delivery,196.48
R00961,O003079,P0372,2024-07-28,Damaged,148.17
R00962,O007229,P0061,2026-01-25,Not as described,80.82
R00963,O010776,P0455,2025-04-21,Not as described,70.79
R00964,O014364,P0022,2024-12-18,Wrong size,31.46
R00965,O003532,P0005,2025-07-08,Changed mind,59.66
R00966,O009063,P0207,2026-04-24,Changed mind,25.57
R00967,O002329,P0376,2025-07-30,Wrong size,16.64
R00968,O016248,P0226,2025-06-07,Damaged,34.1
R00969,O010571,P0355,2025-05-16,Wrong size,22.26
R00970,O012399,P0046,2024-10-20,Damaged,152.1
R00971,O004369,P0370,2025-08-05,Damaged,72.86
R00972,O003430,P0354,2025-07-08,Changed mind,217.23
R00973,O017607,P0056,2025-07-05,Changed mind,32.8
R00974,O014618,P0244,2024-10-08,Late delivery,49.35
R00975,O010836,P0015,2024-10-23,Changed mind,106.58
R00976,O019744,P0306,2025-11-13,Wrong size,34.92
R00977,O002513,P0439,2026-01-24,Changed mind,145.57
R00978,O000932,P0282,2025-05-15,Not as described,61.67
R00979,O014921,P0103,2025-08-26,Late delivery,208.35
R00980,O008188,P0202,2025-07-18,Damaged,58.21
R00981,O014297,P0216,2025-12-09,Wrong size,85.87
R00982,O016620,P0319,2025-03-16,Damaged,40.2
R00983,O000533,P0445,2026-06-17,Damaged,12.19
R00984,O005270,P0105,2024-11-19,Not as described,52.23
R00985,O006678,P0209,2026-01-14,Not as described,170.79
R00986,O010613,P0128,2025-01-31,Late delivery,85.36
R00987,O007464,P0030,2025-01-28,Not as described,69.08
R00988,O019691,P0113,2026-05-27,Late delivery,6.54
R00989,O012916,P0199,2026-03-07,Changed mind,8.21
R00990,O012177,P0271,2024-12-18,Wrong size,99.05
R00991,O018569,P0118,2025-02-09,Changed mind,160.88
R00992,O000197,P0288,2024-08-19,Wrong size,56.49
R00993,O001547,P0384,2025-10-24,Damaged,56.93
R00994,O013939,P0482,2026-06-26,Wrong size,90.8
R00995,O019948,P0469,2025-12-27,Not as described,35.11
R00996,O016373,P0427,2025-12-28,Changed mind,76.17
R00997,O016114,P0174,2025-12-16,Not as described,262.72
R00998,O010482,P0304,2025-08-28,Not as described,69.73
R00999,O014634,P0407,2025-02-12,Not as described,5.41
R01000,O008615,P0361,2025-10-04,Not as described,52.99
R01001,O005358,P0385,2025-02-08,Damaged,261.91
R01002,O003569,P0043,2025-11-02,Changed mind,91.8
R01003,O002328,P0022,2025-06-05,Wrong size,57.79
R01004,O015806,P0487,2025-09-10,Not as described,123.45
R01005,O017642,P0126,2026-03-21,Late delivery,29.7
R01006,O014748,P0217,2024-11-23,Wrong size,15.72
R01007,O017108,P0016,2024-08-08,Changed mind,30.72
R01008,O017098,P0115,2024-09-25,Wrong size,207.77
R01009,O017258,P0188,2025-11-28,Wrong size,60.03
R01010,O016563,P0056,2025-12-07,Wrong size,125.08
R01011,O003985,P0221,2024-10-16,Late delivery,38.93
R01012,O017267,P0402,2026-07-09,Changed mind,77.0
R01013,O002771,P0159,2026-05-29,Late delivery,121.16
R01014,O014074,P0442,2026-02-19,Changed mind,26.11
R01015,O002483,P0424,2024-11-11,Not as described,93.37
R01016,O015446,P0327,2025-02-05,Not as described,88.18
R01017,O000419,P0172,2026-06-26,Damaged,75.22
R01018,O017650,P0077,2024-09-08,Changed mind,35.84
R01019,O013170,P0037,2025-09-26,Damaged,26.01
R01020,O015878,P0096,2026-02-08,Wrong size,8.19
R01021,O000904,P0454,2025-10-28,Damaged,50.53
R01022,O012478,P0389,2026-01-19,Late delivery,74.2
R01023,O010201,P0203,2025-03-24,Changed mind,20.58
R01024,O002776,P0435,2026-04-28,Damaged,103.36
R01025,O010307,P0467,2026-04-02,Wrong size,66.4
R01026,O002509,P0434,2024-08-08,Damaged,6.58
R01027,O019117,P0085,2026-05-09,Damaged,117.65
R01028,O018076,P0082,2026-06-26,Wrong size,26.95
R01029,O002396,P0114,2025-04-06,Wrong size,62.6
R01030,O011027,P0455,2026-01-30,Late delivery,84.66
R01031,O003008,P0214,2025-09-12,Changed mind,154.69
R01032,O013111,P0328,2025-08-29,Wrong size,69.3
R01033,O019983,P0046,2025-03-10,Not as described,119.44
R01034,O009538,P0027,2025-07-27,Damaged,144.68
R01035,O002497,P0363,2024-08-17,Damaged,90.39
R01036,O015200,P0009,2025-08-02,Late delivery,147.93
R01037,O002988,P0412,2026-04-04,Not as described,118.01
R01038,O015948,P0409,2024-10-26,Changed mind,62.66
R01039,O007050,P0180,2026-04-16,Not as described,86.6
R01040,O004028,P0128,2025-08-10,Wrong size,298.95
R01041,O003442,P0200,2026-04-19,Late delivery,145.8
R01042,O013766,P0213,2026-05-29,Wrong size,116.08
R01043,O003772,P0185,2026-03-27,Late delivery,33.62
R01044,O014372,P0441,2024-08-20,Damaged,130.62
R01045,O002349,P0430,2025-08-14,Changed mind,125.65
R01046,O005129,P0172,2026-01-03,Wrong size,6.35
R01047,O015647,P0482,2026-02-14,Late delivery,89.22
R01048,O004082,P0070,2025-10-27,Changed mind,28.87
R01049,O010065,P0479,2026-01-23,Not as described,32.45
R01050,O008471,P0318,2024-08-13,Wrong size,103.78
R01051,O001578,P0476,2025-10-04,Wrong size,13.3
R01052,O013087,P0431,2024-12-03,Changed mind,82.29
R01053,O005814,P0369,2024-11-24,Changed mind,177.86
R01054,O015061,P0029,2026-02-12,Wrong size,142.36
R01055,O014913,P0233,2026-03-18,Not as described,124.29
R01056,O008096,P0252,2025-07-05,Changed mind,101.8
R01057,O009810,P0296,2025-12-11,Changed mind,107.94
R01058,O002746,P0082,2024-09-27,Changed mind,47.43
R01059,O002007,P0366,2025-01-04,Damaged,19.19
R01060,O003591,P0206,2025-04-06,Late delivery,31.86
R01061,O018534,P0079,2026-04-17,Changed mind,92.75
R01062,O019995,P0121,2026-04-14,Late delivery,74.75
R01063,O010546,P0299,2025-10-13,Late delivery,25.63
R01064,O003026,P0234,2026-05-16,Damaged,12.64
R01065,O009668,P0291,2026-01-08,Not as described,29.81
R01066,O009258,P0142,2026-03-29,Damaged,11.56
R01067,O000863,P0209,2026-05-28,Not as described,30.31
R01068,O002935,P0195,2025-01-17,Late delivery,60.64
R01069,O014254,P0066,2024-09-28,Not as described,19.99
R01070,O011059,P0277,2026-04-21,Damaged,287.8
R01071,O000410,P0287,2024-10-19,Changed mind,71.39
R01072,O007021,P0285,2025-05-18,Late delivery,57.81
R01073,O019067,P0153,2026-01-22,Late delivery,45.84
R01074,O010244,P0334,2025-09-08,Changed mind,30.17
R01075,O005551,P0203,2024-09-06,Changed mind,39.39
R01076,O016933,P0006,2024-09-01,Late delivery,49.62
R01077,O015364,P0194,2024-07-27,Wrong size,65.28
R01078,O002307,P0285,2026-04-12,Damaged,44.53
R01079,O019871,P0370,2025-08-21,Not as described,20.52
R01080,O017771,P0151,2025-09-11,Wrong size,83.09
R01081,O000058,P0401,2025-09-08,Wrong size,105.7
R01082,O019717,P0231,2025-12-13,Late delivery,67.72
R01083,O008038,P0344,2024-11-08,Wrong size,27.19
R01084,O010754,P0188,2024-10-23,Wrong size,73.92
R01085,O017411,P0180,2025-07-30,Damaged,51.76
R01086,O005449,P0162,2024-12-29,Late delivery,162.34
R01087,O018625,P0189,2025-01-19,Wrong size,34.8
R01088,O010036,P0004,2026-05-03,Wrong size,146.78
R01089,O000128,P0401,2024-12-24,Not as described,156.89
R01090,O017170,P0403,2024-09-14,Late delivery,53.08
R01091,O002323,P0299,2024-08-11,Not as described,57.01
R01092,O013551,P0364,2025-11-30,Late delivery,38.42
R01093,O002064,P0178,2025-03-15,Late delivery,241.18
R01094,O002397,P0395,2025-08-11,Not as described,112.57
R01095,O008543,P0061,2026-03-31,Late delivery,47.13
R01096,O001297,P0256,2025-05-19,Wrong size,73.47
R01097,O014511,P0235,2025-01-01,Not as described,52.7
R01098,O015473,P0253,2025-11-15,Damaged,3.22
R01099,O002856,P0453,2024-08-28,Late delivery,86.43
R01100,O017079,P0127,2024-09-23,Damaged,106.12
R01101,O004174,P0289,2026-03-03,Wrong size,172.67
R01102,O009248,P0448,2025-08-09,Changed mind,40.43
R01103,O010688,P0457,2026-01-09,Not as described,136.84
R01104,O008364,P0084,2024-11-22,Not as described,87.86
R01105,O014027,P0385,2026-07-08,Changed mind,20.94
R01106,O019966,P0275,2025-01-16,Wrong size,5.94
R01107,O014877,P0496,2026-05-16,Late delivery,277.71
R01108,O012427,P0262,2025-02-26,Wrong size,50.06
R01109,O001396,P0283,2025-08-21,Not as described,56.96
R01110,O008769,P0418,2026-05-28,Wrong size,170.93
R01111,O010163,P0249,2026-05-20,Not as described,58.52
R01112,O011088,P0384,2025-07-20,Changed mind,38.84
R01113,O013936,P0206,2024-07-14,Damaged,42.86
R01114,O005804,P0245,2025-07-31,Not as described,19.99
R01115,O002986,P0272,2024-08-10,Not as described,23.33
R01116,O004934,P0005,2025-06-02,Late delivery,34.1
R01117,O001054,P0052,2025-10-16,Damaged,17.12
R01118,O003464,P0136,2025-06-10,Damaged,170.28
R01119,O016288,P0439,2024-08-20,Not as described,39.98
R01120,O012395,P0205,2026-03-11,Changed mind,32.08
R01121,O006717,P0034,2025-12-01,Not as described,18.7
R01122,O013041,P0250,2024-09-15,Damaged,72.91
R01123,O004395,P0342,2026-03-07,Wrong size,79.63
R01124,O002991,P0319,2026-03-21,Changed mind,68.64
R01125,O010169,P0458,2025-03-29,Late delivery,25.17
R01126,O003036,P0182,2025-09-10,Not as described,143.32
R01127,O016411,P0431,2024-10-20,Late delivery,135.77
R01128,O016629,P0286,2026-07-18,Late delivery,40.73
R01129,O015517,P0093,2026-02-03,Changed mind,111.5
R01130,O015147,P0118,2025-03-06,Late delivery,106.62
R01131,O004161,P0150,2025-04-30,Not as described,25.67
R01132,O002298,P0284,2026-05-22,Late delivery,100.98
R01133,O010062,P0170,2025-06-26,Late delivery,38.65
R01134,O010157,P0481,2025-07-07,Changed mind,46.83
R01135,O018039,P0292,2025-10-27,Not as described,7.29
R01136,O001564,P0116,2024-09-11,Late delivery,33.12
R01137,O013019,P0029,2025-05-28,Not as described,66.27
R01138,O018397,P0321,2026-06-05,Not as described,139.27
R01139,O013252,P0431,2024-09-25,Not as described,42.4
R01140,O019363,P0256,2025-07-01,Not as described,42.5
R01141,O004682,P0386,2025-08-25,Changed mind,91.37
R01142,O007484,P0260,2024-10-25,Wrong size,69.29
R01143,O000699,P0119,2026-02-14,Late delivery,50.17
R01144,O014965,P0466,2026-04-02,Changed mind,36.48
R01145,O000718,P0177,2024-12-30,Wrong size,21.62
R01146,O010111,P0174,2024-12-28,Not as described,65.55
R01147,O004711,P0320,2024-07-24,Changed mind,127.08
R01148,O011368,P0275,2024-11-16,Late delivery,87.11
R01149,O003284,P0282,2024-08-15,Damaged,183.35
R01150,O018575,P0479,2025-08-09,Changed mind,113.85
R01151,O016233,P0439,2025-01-14,Not as described,24.27
R01152,O002652,P0099,2024-11-24,Late delivery,85.81
R01153,O005360,P0246,2025-12-10,Changed mind,17.9
R01154,O001004,P0117,2025-11-14,Late delivery,52.16
R01155,O019047,P0131,2025-05-25,Not as described,38.3
R01156,O012130,P0287,2025-04-09,Not as described,76.31
R01157,O015813,P0230,2026-03-08,Wrong size,15.01
R01158,O004788,P0129,2025-03-31,Damaged,236.69
R01159,O002114,P0441,2025-09-12,Wrong size,72.18
R01160,O000670,P0345,2025-09-01,Damaged,18.69
R01161,O018346,P0171,2026-03-31,Not as described,69.43
R01162,O006106,P0003,2024-09-27,Late delivery,48.43
R01163,O012753,P0055,2025-04-11,Changed mind,49.82
R01164,O006342,P0331,2026-07-07,Wrong size,144.85
R01165,O000139,P0415,2025-08-12,Damaged,15.49
R01166,O005147,P0155,2025-01-27,Damaged,66.19
R01167,O014911,P0031,2024-12-13,Wrong size,227.99
R01168,O019765,P0025,2025-02-20,Wrong size,233.69
R01169,O018773,P0030,2024-09-18,Late delivery,43.96
R01170,O015468,P0180,2026-07-24,Changed mind,43.19
R01171,O011430,P0190,2025-01-01,Changed mind,57.89
R01172,O011462,P0106,2025-04-23,Wrong size,18.73
R01173,O009178,P0214,2024-09-23,Late delivery,50.42
R01174,O006511,P0092,2026-04-13,Wrong size,51.15
R01175,O006352,P0179,2025-06-08,Wrong size,68.46
R01176,O012563,P0303,2026-05-31,Not as described,14.59
R01177,O010885,P0355,2024-11-02,Changed mind,152.77
R01178,O010625,P0423,2025-05-11,Late delivery,50.98
R01179,O010346,P0028,2025-05-21,Late delivery,39.91
R01180,O016331,P0365,2024-10-11,Damaged,34.42
R01181,O002766,P0105,2025-05-16,Changed mind,135.62
R01182,O003585,P0073,2026-04-20,Wrong size,33.96
R01183,O014505,P0004,2025-01-19,Wrong size,53.98
R01184,O014954,P0168,2025-06-06,Late delivery,68.78
R01185,O001499,P0279,2026-01-04,Late delivery,18.65
R01186,O019501,P0298,2025-04-03,Not as described,89.13
R01187,O009427,P0110,2026-05-18,Wrong size,97.65
R01188,O002201,P0017,2024-09-20,Late delivery,76.13
R01189,O013647,P0335,2026-05-06,Not as described,145.82
R01190,O008694,P0461,2025-06-02,Not as described,154.47
R01191,O017605,P0475,2025-07-11,Wrong size,20.61
R01192,O006931,P0451,2026-02-28,Damaged,72.51
R01193,O012168,P0437,2024-09-20,Changed mind,61.52
R01194,O005601,P0037,2025-09-06,Changed mind,36.51
R01195,O000154,P0180,2025-06-16,Changed mind,18.22
R01196,O005368,P0427,2025-08-20,Changed mind,6.79
R01197,O009552,P0053,2024-11-30,Late delivery,11.8
R01198,O001203,P0496,2026-07-22,Late delivery,76.44
R01199,O016689,P0087,2026-07-08,Wrong size,53.37
R01200,O018389,P0246,2026-04-22,Not as described,45.83
R01201,O005670,P0241,2024-09-15,Damaged,45.27
R01202,O000937,P0496,2025-12-09,Wrong size,2.62
R01203,O014490,P0300,2025-02-09,Damaged,27.45
R01204,O019642,P0076,2024-12-31,Late delivery,20.19
R01205,O002166,P0354,2024-09-01,Changed mind,105.67
R01206,O001634,P0370,2024-09-20,Damaged,57.71
R01207,O018555,P0325,2026-05-02,Late delivery,27.67
R01208,O013993,P0255,2025-12-20,Changed mind,208.54
R01209,O012983,P0468,2025-11-11,Changed mind,137.07
R01210,O004187,P0473,2026-01-23,Changed mind,19.35
R01211,O018432,P0412,2025-10-27,Late delivery,70.3
R01212,O016814,P0481,2025-07-18,Not as described,18.97
R01213,O009853,P0126,2026-02-14,Wrong size,117.14
R01214,O008915,P0109,2025-12-18,Damaged,121.74
R01215,O009717,P0034,2025-12-19,Damaged,17.34
R01216,O019918,P0268,2025-11-10,Late delivery,63.07
R01217,O009179,P0340,2025-05-27,Wrong size,105.13
R01218,O018062,P0283,2026-06-10,Damaged,11.13
R01219,O018203,P0027,2025-12-25,Wrong size,75.79
R01220,O010745,P0310,2025-04-24,Wrong size,111.7
R01221,O011992,P0481,2026-03-13,Damaged,81.48
R01222,O009776,P0164,2024-10-10,Not as described,48.28
R01223,O008572,P0303,2024-09-04,Damaged,62.66
R01224,O005048,P0397,2026-04-14,Wrong size,42.52
R01225,O015170,P0016,2025-11-06,Wrong size,38.59
R01226,O015125,P0305,2025-01-11,Not as described,110.73
R01227,O002037,P0191,2026-01-03,Wrong size,9.41
R01228,O005397,P0373,2025-10-06,Changed mind,53.01
R01229,O018166,P0162,2024-08-24,Not as described,29.07
R01230,O006627,P0011,2026-02-02,Damaged,24.13
R01231,O010879,P0260,2024-09-12,Late delivery,89.87
R01232,O010018,P0114,2026-07-05,Wrong size,281.1
R01233,O015652,P0119,2026-04-09,Changed mind,33.92
R01234,O018023,P0095,2025-10-12,Wrong size,14.78
R01235,O013169,P0114,2025-09-05,Late delivery,145.97
R01236,O018857,P0048,2025-12-24,Damaged,111.04
R01237,O013599,P0102,2025-04-25,Changed mind,42.69
R01238,O010513,P0169,2025-03-02,Changed mind,140.37
R01239,O000922,P0493,2026-03-16,Changed mind,76.13
R01240,O014953,P0357,2025-11-29,Late delivery,51.89
R01241,O004615,P0263,2025-03-07,Wrong size,168.7
R01242,O018150,P0308,2024-11-20,Changed mind,71.2
R01243,O004162,P0493,2026-03-12,Wrong size,27.83
R01244,O011259,P0037,2024-08-28,Not as described,50.54
R01245,O016864,P0462,2026-07-09,Late delivery,165.37
R01246,O019584,P0333,2025-04-12,Wrong size,41.53
R01247,O007520,P0475,2025-01-19,Damaged,60.59
R01248,O013202,P0435,2025-09-09,Damaged,53.13
R01249,O004468,P0467,2025-08-07,Not as described,86.24
R01250,O006611,P0498,2025-04-02,Late delivery,20.08
R01251,O007847,P0283,2025-11-15,Late delivery,32.41
R01252,O005756,P0063,2026-06-09,Late delivery,38.85
R01253,O015370,P0012,2026-01-11,Not as described,210.82
R01254,O003516,P0325,2025-05-11,Not as described,104.45
R01255,O006029,P0285,2024-12-16,Damaged,25.49
R01256,O009324,P0338,2025-12-02,Damaged,26.03
R01257,O000078,P0182,2025-04-30,Not as described,67.14
R01258,O004441,P0331,2024-09-14,Wrong size,80.72
R01259,O016946,P0252,2025-03-18,Damaged,21.37
R01260,O010178,P0089,2025-10-03,Late delivery,4.16
R01261,O009644,P0314,2025-10-20,Wrong size,19.92
R01262,O018707,P0011,2026-01-30,Not as described,37.37
R01263,O008605,P0268,2025-02-07,Late delivery,60.0
R01264,O011017,P0045,2026-03-24,Late delivery,41.79
R01265,O019814,P0013,2026-03-07,Damaged,103.58
R01266,O019158,P0410,2026-05-02,Damaged,44.57
R01267,O012790,P0493,2024-08-13,Late delivery,13.28
R01268,O013751,P0026,2025-02-13,Changed mind,22.59
R01269,O017106,P0266,2024-08-05,Wrong size,136.49
R01270,O012337,P0301,2025-04-19,Not as described,32.55
R01271,O004391,P0063,2025-06-02,Damaged,24.49
R01272,O014146,P0295,2026-03-19,Wrong size,54.04
R01273,O010138,P0278,2026-05-19,Damaged,28.65
R01274,O011461,P0060,2026-03-28,Damaged,130.1
R01275,O005437,P0045,2025-06-02,Changed mind,65.85
R01276,O006949,P0138,2025-12-19,Wrong size,77.12
R01277,O002227,P0415,2025-04-27,Not as described,42.77
R01278,O011609,P0189,2024-07-14,Wrong size,42.13
R01279,O011588,P0355,2024-11-20,Changed mind,69.79
R01280,O012499,P0472,2026-06-16,Damaged,51.61
R01281,O005128,P0325,2025-01-03,Wrong size,116.42
R01282,O015961,P0269,2024-08-22,Not as described,50.86
R01283,O013321,P0237,2024-11-19,Damaged,48.87
R01284,O017647,P0321,2026-06-25,Not as described,76.59
R01285,O019554,P0496,2024-09-01,Wrong size,127.11
R01286,O000993,P0132,2024-08-20,Changed mind,41.12
R01287,O000792,P0083,2025-09-22,Late delivery,81.0
R01288,O015115,P0206,2026-02-09,Late delivery,151.17
R01289,O006234,P0303,2025-10-03,Wrong size,89.77
R01290,O008259,P0259,2025-01-29,Wrong size,27.87
R01291,O013468,P0110,2025-05-23,Changed mind,120.54
R01292,O001931,P0241,2025-11-07,Damaged,344.96
R01293,O000261,P0106,2025-04-30,Not as described,55.51
R01294,O011946,P0441,2026-06-20,Late delivery,94.52
R01295,O000061,P0377,2025-11-08,Not as described,116.79
R01296,O007170,P0394,2025-05-20,Late delivery,25.9
R01297,O008992,P0028,2025-04-25,Wrong size,46.45
R01298,O004919,P0191,2024-09-30,Damaged,17.58
R01299,O003180,P0226,2024-10-16,Changed mind,42.41
R01300,O017490,P0361,2026-06-08,Not as described,8.9
R01301,O015638,P0249,2025-03-11,Wrong size,51.99
R01302,O011476,P0252,2024-12-09,Damaged,50.81
R01303,O000607,P0024,2026-05-13,Not as described,59.14
R01304,O003683,P0089,2024-10-06,Changed mind,23.95
R01305,O016974,P0484,2024-08-28,Late delivery,176.74
R01306,O001041,P0067,2024-12-25,Damaged,163.33
R01307,O000848,P0487,2024-08-26,Wrong size,47.52
R01308,O019447,P0023,2026-06-08,Changed mind,65.62
R01309,O000666,P0374,2025-04-04,Not as described,64.93
R01310,O017435,P0484,2026-01-08,Not as described,105.4
R01311,O000514,P0107,2025-06-10,Wrong size,67.8
R01312,O015412,P0202,2026-01-24,Wrong size,120.4
R01313,O000038,P0290,2026-06-07,Not as described,39.4
R01314,O012628,P0367,2024-11-20,Not as described,30.91
R01315,O007199,P0043,2025-10-23,Changed mind,48.76
R01316,O006891,P0054,2025-01-16,Damaged,289.15
R01317,O013798,P0085,2025-10-15,Late delivery,3.2
R01318,O003682,P0379,2025-12-22,Wrong size,116.51
R01319,O006947,P0226,2024-10-29,Changed mind,20.85
R01320,O014053,P0177,2025-07-24,Not as described,45.27
R01321,O006213,P0228,2025-08-04,Damaged,122.4
R01322,O013279,P0267,2025-08-23,Not as described,79.5
R01323,O008363,P0291,2025-01-01,Late delivery,84.81
R01324,O016770,P0039,2026-05-03,Not as described,73.81
R01325,O006727,P0015,2026-02-13,Wrong size,63.06
R01326,O001656,P0231,2025-01-12,Not as described,62.82
R01327,O015894,P0389,2025-03-16,Wrong size,23.16
R01328,O007889,P0447,2025-12-02,Wrong size,44.48
R01329,O016080,P0312,2025-02-17,Damaged,75.41
R01330,O010961,P0373,2026-05-25,Late delivery,30.22
R01331,O006859,P0360,2026-03-28,Wrong size,140.05
R01332,O009346,P0419,2024-08-22,Changed mind,78.81
R01333,O019818,P0491,2025-06-10,Wrong size,17.9
R01334,O004515,P0046,2026-07-17,Damaged,31.48
R01335,O004833,P0448,2025-11-14,Not as described,7.98
R01336,O002542,P0290,2025-08-06,Not as described,128.78
R01337,O016718,P0223,2024-11-13,Changed mind,153.84
R01338,O000995,P0011,2026-03-29,Damaged,81.05
R01339,O008155,P0387,2026-07-05,Changed mind,63.84
R01340,O012462,P0495,2024-12-03,Wrong size,45.78
R01341,O017370,P0479,2025-07-06,Late delivery,75.18
R01342,O004901,P0326,2024-10-13,Changed mind,211.21
R01343,O006344,P0178,2024-08-27,Late delivery,83.45
R01344,O002812,P0043,2025-12-20,Late delivery,39.84
R01345,O012971,P0180,2024-11-26,Wrong size,61.69
R01346,O001348,P0118,2026-04-07,Late delivery,86.13
R01347,O007662,P0211,2026-07-22,Late delivery,94.72
R01348,O008813,P0069,2025-12-28,Damaged,28.01
R01349,O017124,P0460,2025-09-29,Changed mind,57.41
R01350,O000423,P0235,2024-12-27,Damaged,33.39
R01351,O007845,P0066,2026-03-05,Damaged,122.09
R01352,O018560,P0286,2026-03-06,Wrong size,96.06
R01353,O010690,P0153,2025-10-31,Wrong size,35.5
R01354,O011454,P0152,2025-09-23,Wrong size,34.06
R01355,O012682,P0071,2025-11-02,Changed mind,113.57
R01356,O002764,P0498,2026-04-05,Damaged,75.9
R01357,O009474,P0131,2024-10-15,Changed mind,53.92
R01358,O000081,P0207,2025-09-17,Damaged,67.28
R01359,O017458,P0034,2024-09-29,Damaged,172.42
R01360,O004457,P0008,2024-08-27,Wrong size,69.91
R01361,O013452,P0128,2025-03-29,Late delivery,37.99
R01362,O016638,P0238,2025-09-25,Not as described,58.98
R01363,O007691,P0049,2025-11-17,Late delivery,19.79
R01364,O008338,P0395,2026-01-25,Wrong size,80.65
R01365,O006157,P0126,2026-06-28,Damaged,31.56
R01366,O011524,P0326,2026-07-12,Late delivery,15.42
R01367,O013498,P0279,2024-12-23,Late delivery,11.97
R01368,O007843,P0408,2024-12-29,Late delivery,27.83
R01369,O017857,P0234,2025-04-03,Not as described,188.84
R01370,O001261,P0002,2025-12-25,Not as described,34.74
R01371,O000679,P0310,2026-01-26,Not as described,11.53
R01372,O010392,P0494,2025-06-27,Damaged,100.55
R01373,O012954,P0246,2026-03-21,Not as described,45.53
R01374,O015764,P0345,2025-03-03,Not as described,119.32
R01375,O013611,P0346,2025-01-18,Changed mind,59.68
R01376,O012929,P0276,2024-07-28,Changed mind,29.58
R01377,O007574,P0447,2025-08-28,Not as described,134.67
R01378,O016222,P0308,2025-09-02,Changed mind,80.52
R01379,O019624,P0275,2026-06-09,Not as described,49.82
R01380,O005817,P0077,2025-10-29,Changed mind,322.6
R01381,O002281,P0067,2025-01-19,Changed mind,156.03
R01382,O011870,P0058,2025-10-24,Wrong size,231.75
R01383,O011892,P0362,2025-11-13,Wrong size,22.07
R01384,O012441,P0439,2025-08-15,Wrong size,70.47
R01385,O003517,P0441,2025-01-14,Late delivery,98.74
R01386,O011612,P0064,2024-08-04,Damaged,78.48
R01387,O006221,P0478,2025-07-13,Late delivery,25.3
R01388,O002418,P0186,2025-10-10,Wrong size,238.77
R01389,O000326,P0264,2026-01-28,Damaged,8.63
R01390,O009611,P0451,2025-03-28,Wrong size,6.11
R01391,O010587,P0381,2025-03-12,Wrong size,39.14
R01392,O010424,P0499,2025-12-31,Late delivery,47.63
R01393,O001178,P0253,2025-09-03,Changed mind,50.28
R01394,O013396,P0167,2025-12-27,Late delivery,50.59
R01395,O008442,P0432,2026-05-16,Late delivery,212.98
R01396,O000544,P0175,2025-03-20,Changed mind,62.69
R01397,O016272,P0397,2024-08-30,Wrong size,51.75
R01398,O005520,P0223,2024-11-21,Damaged,100.4
R01399,O002253,P0296,2025-01-24,Not as described,79.58
R01400,O013523,P0472,2024-08-27,Not as described,90.79
R01401,O001588,P0176,2024-09-28,Damaged,23.74
R01402,O014746,P0189,2025-06-08,Damaged,80.09
R01403,O011673,P0025,2024-07-31,Late delivery,3.07
R01404,O003000,P0465,2026-02-05,Late delivery,123.46
R01405,O010669,P0150,2025-11-02,Not as described,163.65
R01406,O003198,P0370,2026-01-03,Not as described,142.43
R01407,O016300,P0027,2024-09-26,Not as described,128.37
R01408,O016597,P0284,2025-06-28,Damaged,153.64
R01409,O008892,P0376,2025-06-30,Changed mind,66.21
R01410,O013334,P0235,2024-10-25,Not as described,66.8
R01411,O010177,P0179,2024-12-25,Not as described,31.0
R01412,O009036,P0478,2024-12-13,Not as described,48.05
R01413,O002467,P0197,2025-10-25,Not as described,99.63
R01414,O017974,P0144,2026-04-03,Changed mind,77.85
R01415,O000483,P0236,2026-03-11,Damaged,9.58
R01416,O001744,P0139,2024-11-10,Changed mind,31.92
R01417,O000189,P0475,2024-12-07,Late delivery,170.08
R01418,O005478,P0340,2025-09-27,Wrong size,38.04
R01419,O008630,P0353,2025-08-24,Changed mind,106.56
R01420,O006128,P0069,2026-06-06,Changed mind,14.91
R01421,O009146,P0302,2026-04-21,Damaged,67.83
R01422,O006718,P0184,2025-11-11,Late delivery,54.09
R01423,O018863,P0401,2025-08-21,Not as described,25.13
R01424,O018280,P0422,2025-04-20,Wrong size,42.78
R01425,O019235,P0470,2024-08-30,Damaged,90.4
R01426,O008386,P0150,2026-03-24,Not as described,59.41
R01427,O012791,P0139,2025-08-13,Damaged,22.89
R01428,O009568,P0148,2024-12-12,Changed mind,127.87
R01429,O001662,P0214,2025-02-02,Late delivery,62.27
R01430,O014811,P0146,2026-02-27,Late delivery,43.39
R01431,O008921,P0413,2025-03-17,Wrong size,53.39
R01432,O011710,P0074,2026-06-18,Not as described,214.77
R01433,O011014,P0425,2025-07-15,Not as described,30.8
R01434,O003574,P0252,2025-07-22,Damaged,24.36
R01435,O019055,P0290,2025-08-06,Changed mind,87.52
R01436,O017482,P0321,2025-11-13,Not as described,102.28
R01437,O002361,P0181,2024-10-31,Late delivery,75.96
R01438,O019340,P0173,2026-03-13,Not as described,122.09
R01439,O012143,P0194,2025-03-07,Damaged,23.27
R01440,O016678,P0267,2026-03-07,Changed mind,36.09
R01441,O001633,P0367,2025-02-13,Wrong size,64.64
R01442,O000268,P0195,2026-07-10,Late delivery,73.14
R01443,O009582,P0456,2024-11-19,Late delivery,80.4
R01444,O007981,P0260,2025-08-21,Wrong size,26.78
R01445,O000379,P0489,2025-09-04,Late delivery,111.15
R01446,O014992,P0016,2024-09-26,Damaged,140.89
R01447,O010778,P0003,2025-04-04,Late delivery,37.31
R01448,O011518,P0165,2025-04-09,Changed mind,82.56
R01449,O000688,P0367,2025-10-16,Damaged,52.6
R01450,O010147,P0359,2026-01-13,Wrong size,147.86
R01451,O010582,P0213,2025-08-23,Wrong size,6.24
R01452,O016003,P0286,2025-04-27,Changed mind,25.29
R01453,O009845,P0396,2025-08-10,Damaged,38.75
R01454,O008126,P0281,2026-05-24,Not as described,74.1
R01455,O014199,P0065,2024-09-01,Changed mind,130.53
R01456,O006479,P0373,2024-10-30,Late delivery,5.4
R01457,O010818,P0001,2025-01-07,Damaged,91.15
R01458,O009236,P0249,2026-05-01,Changed mind,59.18
R01459,O001990,P0116,2025-07-12,Late delivery,21.56
R01460,O017048,P0015,2025-12-02,Not as described,20.29
R01461,O002992,P0226,2026-03-09,Not as described,17.56
R01462,O014648,P0249,2024-12-18,Damaged,40.83
R01463,O009448,P0227,2025-11-20,Changed mind,28.4
R01464,O003931,P0485,2025-10-20,Changed mind,7.59
R01465,O011039,P0028,2026-04-18,Changed mind,28.71
R01466,O005324,P0254,2025-01-03,Not as described,51.77
R01467,O006247,P0207,2024-09-23,Damaged,13.39
R01468,O012744,P0176,2026-05-26,Damaged,15.78
R01469,O016754,P0473,2024-12-01,Wrong size,43.88
R01470,O016872,P0318,2024-08-21,Changed mind,26.19
R01471,O002707,P0415,2024-08-13,Damaged,48.73
R01472,O009238,P0382,2024-08-26,Damaged,81.01
R01473,O000818,P0021,2025-10-19,Changed mind,18.7
R01474,O016355,P0196,2024-12-07,Changed mind,52.14
R01475,O005065,P0016,2025-10-20,Not as described,44.63
R01476,O009278,P0424,2024-07-24,Wrong size,55.16
R01477,O005001,P0162,2025-02-06,Not as described,60.11
R01478,O004250,P0065,2024-07-31,Changed mind,49.79
R01479,O016863,P0453,2025-09-10,Damaged,29.04
R01480,O006235,P0497,2026-05-17,Changed mind,75.29
R01481,O006188,P0346,2026-07-05,Changed mind,76.01
R01482,O019378,P0083,2024-11-15,Wrong size,23.14
R01483,O006451,P0305,2025-02-23,Wrong size,6.28
R01484,O014035,P0030,2025-03-31,Late delivery,48.75
R01485,O015425,P0175,2025-08-07,Late delivery,192.77
R01486,O012700,P0324,2025-09-30,Damaged,24.24
R01487,O006948,P0172,2026-06-30,Not as described,121.81
R01488,O011895,P0086,2025-06-23,Damaged,20.08
R01489,O014400,P0269,2025-08-14,Wrong size,23.67
R01490,O014708,P0054,2026-02-13,Changed mind,13.47
R01491,O010420,P0385,2025-07-06,Not as described,17.48
R01492,O018632,P0094,2025-12-31,Not as described,60.6
R01493,O016064,P0102,2024-11-02,Not as described,210.56
R01494,O003126,P0371,2024-07-18,Late delivery,32.0
R01495,O004573,P0031,2026-01-03,Changed mind,8.5
R01496,O012834,P0073,2026-04-02,Wrong size,49.88
R01497,O009890,P0265,2025-06-27,Damaged,93.14
R01498,O011031,P0186,2025-03-25,Late delivery,17.76
R01499,O012422,P0373,2025-02-20,Not as described,52.16
R01500,O012127,P0102,2024-11-03,Wrong size,74.86
R01501,O016820,P0372,2026-05-21,Late delivery,92.7
R01502,O013431,P0182,2025-01-04,Damaged,72.4
R01503,O017830,P0401,2025-09-13,Damaged,44.94
R01504,O008591,P0240,2026-02-07,Not as described,48.26
R01505,O010214,P0489,2025-01-26,Not as described,240.06
R01506,O011964,P0015,2026-02-04,Not as described,63.34
R01507,O001383,P0145,2026-05-25,Changed mind,45.79
R01508,O011830,P0222,2026-03-30,Damaged,97.79
R01509,O009073,P0065,2024-08-21,Damaged,48.25
R01510,O018130,P0229,2026-02-28,Wrong size,63.91
R01511,O011325,P0495,2025-06-30,Not as described,120.55
R01512,O015920,P0061,2025-03-13,Wrong size,12.31
R01513,O005585,P0108,2026-01-20,Late delivery,84.1
R01514,O009708,P0403,2025-02-25,Damaged,49.49
R01515,O010010,P0418,2026-05-27,Damaged,65.45
R01516,O017766,P0026,2025-07-30,Damaged,74.22
R01517,O018832,P0151,2026-06-21,Late delivery,87.49
R01518,O014810,P0337,2024-10-20,Late delivery,127.01
R01519,O018335,P0447,2025-05-18,Late delivery,76.82
R01520,O018763,P0491,2026-03-17,Changed mind,47.97
R01521,O018639,P0185,2025-03-10,Late delivery,53.88
R01522,O011669,P0445,2024-09-26,Not as described,46.97
R01523,O016556,P0287,2026-06-26,Damaged,72.16
R01524,O007765,P0066,2025-04-09,Wrong size,41.0
R01525,O016879,P0061,2024-10-10,Late delivery,26.28
R01526,O000075,P0381,2024-10-02,Not as described,19.3
R01527,O003897,P0025,2024-10-02,Wrong size,49.78
R01528,O018828,P0495,2025-05-28,Not as described,85.37
R01529,O000734,P0107,2025-06-17,Damaged,28.63
R01530,O001715,P0426,2026-02-06,Wrong size,52.76
R01531,O019912,P0329,2025-06-03,Late delivery,55.69
R01532,O010588,P0251,2026-07-18,Not as described,93.18
R01533,O016342,P0352,2024-09-11,Not as described,170.96
R01534,O010428,P0195,2025-06-23,Late delivery,55.55
R01535,O011565,P0344,2025-08-03,Wrong size,48.75
R01536,O004305,P0282,2026-03-31,Not as described,27.48
R01537,O003283,P0372,2026-07-18,Damaged,143.93
R01538,O013039,P0495,2024-11-02,Late delivery,63.89
R01539,O012610,P0412,2025-10-15,Late delivery,76.75
R01540,O010558,P0258,2025-11-07,Damaged,180.57
R01541,O019799,P0215,2025-11-09,Not as described,63.51
R01542,O005973,P0349,2024-08-27,Changed mind,27.51
R01543,O017619,P0490,2025-07-14,Damaged,47.68
R01544,O012511,P0028,2024-11-12,Wrong size,57.72
R01545,O013045,P0122,2025-08-27,Changed mind,84.98
R01546,O015767,P0350,2026-02-12,Not as described,160.03
R01547,O006597,P0421,2024-12-29,Not as described,79.55
R01548,O019686,P0002,2024-09-07,Damaged,100.93
R01549,O001179,P0187,2025-07-01,Damaged,11.25
R01550,O005931,P0215,2024-12-20,Not as described,111.02
R01551,O017726,P0392,2025-01-21,Changed mind,352.68
R01552,O003664,P0463,2025-03-18,Not as described,174.88
R01553,O015059,P0136,2025-02-27,Wrong size,17.16
R01554,O000406,P0065,2025-02-24,Not as described,73.96
R01555,O001559,P0325,2024-11-21,Damaged,37.21
R01556,O010899,P0458,2026-06-28,Wrong size,97.17
R01557,O005238,P0160,2026-01-12,Not as described,215.37
R01558,O002536,P0076,2024-09-20,Not as described,83.69
R01559,O008581,P0068,2025-04-05,Late delivery,26.91
R01560,O018251,P0013,2026-02-28,Changed mind,154.39
R01561,O002399,P0419,2025-12-26,Changed mind,16.68
R01562,O003843,P0478,2024-07-19,Wrong size,30.08
R01563,O009899,P0396,2025-10-09,Damaged,68.1
R01564,O012473,P0377,2026-01-10,Changed mind,19.33
R01565,O013340,P0083,2024-12-17,Late delivery,35.96
R01566,O012667,P0033,2025-06-16,Late delivery,6.81
R01567,O016031,P0067,2025-03-10,Not as described,150.87
R01568,O014606,P0139,2024-12-24,Wrong size,49.39
R01569,O012620,P0041,2024-08-13,Wrong size,85.72
R01570,O016237,P0022,2025-11-14,Late delivery,41.6
R01571,O007961,P0337,2026-05-12,Damaged,41.01
R01572,O005456,P0288,2026-06-12,Late delivery,182.91
R01573,O004641,P0415,2026-02-10,Wrong size,19.64
R01574,O007257,P0335,2025-05-29,Wrong size,29.34
R01575,O004380,P0204,2025-07-30,Wrong size,104.41
R01576,O000724,P0236,2024-10-30,Not as described,90.59
R01577,O001723,P0281,2025-07-25,Changed mind,260.7
R01578,O003338,P0194,2025-06-17,Late delivery,54.67
R01579,O002066,P0288,2025-05-08,Late delivery,46.89
R01580,O017327,P0147,2025-04-19,Changed mind,44.89
R01581,O008815,P0486,2025-05-03,Wrong size,45.45
R01582,O001854,P0224,2025-06-18,Wrong size,42.11
R01583,O012757,P0124,2025-06-14,Wrong size,63.04
R01584,O001755,P0047,2025-11-08,Damaged,110.18
R01585,O001542,P0225,2025-04-25,Late delivery,61.08
R01586,O016439,P0477,2025-08-31,Not as described,82.19
R01587,O006894,P0200,2026-05-18,Not as described,43.3
R01588,O003059,P0425,2026-07-11,Changed mind,68.11
R01589,O019620,P0363,2026-05-01,Wrong size,52.39
R01590,O003608,P0151,2024-09-02,Wrong size,20.78
R01591,O004127,P0456,2025-09-15,Damaged,16.09
R01592,O013165,P0249,2025-07-13,Not as described,63.55
R01593,O019073,P0068,2024-12-08,Damaged,54.12
R01594,O014521,P0192,2025-07-04,Changed mind,16.96
R01595,O008301,P0337,2024-12-18,Changed mind,62.14
R01596,O011728,P0316,2025-08-27,Changed mind,200.32
R01597,O010591,P0111,2025-09-15,Late delivery,107.5
R01598,O003766,P0379,2025-12-10,Not as described,46.05
R01599,O007821,P0364,2025-08-12,Changed mind,40.38
R01600,O012832,P0496,2026-07-18,Not as described,19.29
R01601,O002749,P0241,2025-11-19,Late delivery,76.37
R01602,O012735,P0264,2026-01-17,Changed mind,214.7
R01603,O016664,P0442,2025-03-21,Not as described,47.4
R01604,O001169,P0093,2025-03-10,Wrong size,59.78
R01605,O010252,P0369,2025-11-08,Changed mind,72.98
R01606,O007442,P0314,2025-10-28,Late delivery,111.04
R01607,O002772,P0296,2025-01-30,Late delivery,29.76
R01608,O014602,P0069,2025-06-08,Wrong size,67.74
R01609,O008960,P0442,2024-11-25,Changed mind,24.84
R01610,O015148,P0051,2025-11-26,Changed mind,28.63
R01611,O014170,P0447,2025-04-06,Not as described,22.55
R01612,O005009,P0424,2025-04-17,Damaged,21.41
R01613,O014019,P0479,2026-02-26,Late delivery,15.86
R01614,O013327,P0386,2026-03-20,Late delivery,76.81
R01615,O004182,P0479,2026-02-17,Damaged,44.4
R01616,O014494,P0235,2025-12-31,Late delivery,14.56
R01617,O000748,P0086,2025-06-11,Late delivery,67.41
R01618,O005509,P0101,2025-11-02,Wrong size,126.02
R01619,O016871,P0095,2026-01-10,Not as described,103.39
R01620,O008952,P0163,2025-10-28,Late delivery,25.34
R01621,O008848,P0125,2025-10-26,Wrong size,29.69
R01622,O002768,P0033,2025-04-10,Wrong size,22.06
R01623,O004427,P0302,2024-08-06,Late delivery,72.18
R01624,O001944,P0359,2025-06-04,Not as described,16.04
R01625,O003364,P0329,2024-12-12,Late delivery,9.6
R01626,O002502,P0439,2025-11-16,Wrong size,40.16
R01627,O009714,P0287,2025-08-14,Damaged,47.3
R01628,O011280,P0221,2026-01-21,Damaged,49.08
R01629,O019127,P0133,2024-10-01,Wrong size,78.36
R01630,O019289,P0191,2024-11-06,Damaged,22.32
R01631,O011785,P0491,2025-12-26,Damaged,113.98
R01632,O007917,P0218,2025-04-03,Wrong size,12.74
R01633,O010166,P0067,2024-08-18,Damaged,44.13
R01634,O014094,P0406,2026-03-01,Late delivery,33.87
R01635,O005911,P0454,2025-09-10,Damaged,47.42
R01636,O005004,P0305,2024-12-20,Changed mind,20.0
R01637,O010924,P0418,2024-11-12,Damaged,19.57
R01638,O011581,P0135,2026-02-17,Late delivery,40.8
R01639,O005414,P0294,2025-11-30,Changed mind,27.62
R01640,O010614,P0116,2025-06-18,Changed mind,50.51
R01641,O013160,P0433,2025-12-07,Not as described,236.34
R01642,O014937,P0019,2024-07-12,Changed mind,183.33
R01643,O007699,P0302,2025-09-18,Damaged,25.26
R01644,O014516,P0494,2026-04-25,Not as described,42.88
R01645,O012669,P0324,2026-04-23,Not as described,131.28
R01646,O000627,P0480,2025-10-23,Changed mind,34.39
R01647,O017432,P0321,2025-03-27,Damaged,133.97
R01648,O011943,P0354,2025-02-19,Wrong size,46.16
R01649,O009251,P0089,2026-05-02,Changed mind,43.74
R01650,O018661,P0379,2024-12-22,Wrong size,22.8
R01651,O007233,P0430,2025-06-13,Not as described,99.31
R01652,O010081,P0059,2025-04-11,Damaged,115.81
R01653,O013470,P0342,2024-08-21,Changed mind,61.94
R01654,O015723,P0459,2026-04-25,Changed mind,267.95
R01655,O007836,P0222,2026-06-03,Damaged,42.49
R01656,O003789,P0262,2025-06-30,Late delivery,26.72
R01657,O001556,P0316,2025-06-12,Late delivery,46.3
R01658,O005060,P0090,2024-08-26,Late delivery,69.55
R01659,O014908,P0051,2025-12-11,Wrong size,87.16
R01660,O018072,P0242,2025-12-22,Damaged,57.8
R01661,O005582,P0130,2025-06-18,Wrong size,50.4
R01662,O000336,P0027,2024-11-24,Not as described,21.78
R01663,O010959,P0162,2025-02-13,Changed mind,22.51
R01664,O017653,P0247,2025-02-24,Not as described,63.91
R01665,O013646,P0378,2024-09-23,Wrong size,34.0
R01666,O005681,P0359,2026-01-02,Damaged,37.49
R01667,O013634,P0303,2025-05-31,Changed mind,55.49
R01668,O001809,P0320,2025-08-22,Damaged,10.47
R01669,O000825,P0154,2025-05-21,Not as described,81.82
R01670,O002969,P0174,2026-02-12,Damaged,95.68
R01671,O013175,P0066,2026-05-09,Late delivery,51.09
R01672,O004625,P0115,2026-04-01,Wrong size,44.77
R01673,O001389,P0253,2026-02-12,Wrong size,280.51
R01674,O002039,P0217,2025-10-10,Wrong size,90.16
R01675,O013107,P0443,2024-08-12,Damaged,117.82
R01676,O010433,P0111,2025-04-21,Wrong size,142.42
R01677,O016101,P0204,2025-09-27,Wrong size,192.13
R01678,O014705,P0328,2024-09-20,Wrong size,20.47
R01679,O009674,P0319,2025-02-19,Changed mind,79.76
R01680,O015467,P0078,2025-12-16,Not as described,87.59
R01681,O000073,P0278,2025-01-11,Wrong size,73.16
R01682,O006782,P0454,2026-02-05,Not as described,154.58
R01683,O008980,P0452,2025-09-03,Not as described,15.09
R01684,O009707,P0090,2025-05-24,Not as described,36.07
R01685,O015047,P0213,2026-02-20,Not as described,15.22
R01686,O017834,P0221,2025-12-26,Wrong size,40.72
R01687,O015885,P0068,2025-01-12,Late delivery,118.15
R01688,O010146,P0384,2026-02-17,Changed mind,130.6
R01689,O014821,P0453,2025-03-10,Wrong size,54.43
R01690,O013933,P0304,2026-04-15,Changed mind,51.29
R01691,O001644,P0396,2025-11-03,Changed mind,6.76
R01692,O018222,P0440,2024-12-24,Late delivery,46.46
R01693,O007494,P0294,2026-01-28,Late delivery,82.22
R01694,O004504,P0394,2025-08-16,Wrong size,54.63
R01695,O014971,P0409,2024-07-09,Changed mind,42.82
R01696,O018963,P0455,2026-02-04,Wrong size,74.86
R01697,O008163,P0299,2025-04-18,Not as described,95.85
R01698,O004233,P0219,2025-06-25,Wrong size,24.11
R01699,O009711,P0016,2025-05-18,Wrong size,70.86
R01700,O001676,P0385,2025-04-19,Changed mind,45.58
R01701,O008557,P0135,2026-03-03,Changed mind,93.78
R01702,O006111,P0370,2024-10-06,Not as described,108.28
R01703,O000210,P0277,2025-11-13,Changed mind,18.62
R01704,O006194,P0055,2025-06-09,Damaged,34.9
R01705,O003629,P0047,2025-09-09,Damaged,94.1
R01706,O003611,P0498,2026-07-01,Changed mind,86.77
R01707,O018722,P0476,2025-10-11,Changed mind,42.61
R01708,O003553,P0086,2025-08-16,Changed mind,65.47
R01709,O016655,P0238,2025-09-29,Not as described,21.85
R01710,O019652,P0283,2024-09-25,Changed mind,44.72
R01711,O008167,P0316,2024-09-14,Changed mind,181.14
R01712,O011910,P0426,2025-12-30,Damaged,69.67
R01713,O016787,P0170,2026-06-30,Late delivery,31.94
R01714,O007814,P0406,2025-05-05,Wrong size,75.82
R01715,O012268,P0324,2025-10-10,Changed mind,92.32
R01716,O016492,P0136,2024-11-11,Late delivery,10.91
R01717,O010180,P0335,2026-02-08,Late delivery,63.19
R01718,O001331,P0270,2025-02-27,Damaged,12.1
R01719,O004295,P0043,2025-04-04,Changed mind,60.97
R01720,O014948,P0331,2024-08-03,Wrong size,18.78
R01721,O013058,P0034,2026-02-20,Damaged,8.91
R01722,O014267,P0018,2026-01-01,Late delivery,99.17
R01723,O003128,P0479,2025-08-17,Changed mind,46.16
R01724,O017172,P0125,2025-11-28,Late delivery,147.8
R01725,O010687,P0264,2026-07-19,Wrong size,12.52
R01726,O019282,P0463,2024-09-23,Not as described,48.36
R01727,O008548,P0348,2026-04-10,Late delivery,7.2
R01728,O011345,P0116,2025-12-20,Not as described,227.87
R01729,O019522,P0096,2025-04-08,Late delivery,9.56
R01730,O010989,P0071,2025-11-17,Not as described,48.24
R01731,O001923,P0180,2024-11-10,Late delivery,63.68
R01732,O000062,P0281,2025-04-16,Damaged,128.46
R01733,O016930,P0461,2024-09-18,Damaged,172.19
R01734,O015832,P0447,2024-07-25,Not as described,64.56
R01735,O003824,P0221,2024-09-30,Not as described,119.66
R01736,O002444,P0460,2026-02-23,Late delivery,130.67
R01737,O019153,P0179,2025-08-20,Wrong size,151.84
R01738,O009016,P0497,2025-06-12,Changed mind,230.94
R01739,O006515,P0025,2025-01-17,Wrong size,57.79
R01740,O009360,P0036,2025-10-20,Not as described,23.0
R01741,O016321,P0112,2024-09-12,Wrong size,70.07
R01742,O004716,P0436,2025-05-06,Damaged,23.17
R01743,O002578,P0091,2025-09-04,Changed mind,38.74
R01744,O018500,P0055,2025-01-20,Damaged,9.1
R01745,O001045,P0245,2024-08-04,Changed mind,70.07
R01746,O010703,P0386,2025-04-30,Wrong size,47.01
R01747,O018054,P0116,2025-11-04,Not as described,39.96
R01748,O004913,P0436,2026-01-10,Not as described,67.88
R01749,O001355,P0349,2025-10-10,Changed mind,66.69
R01750,O011878,P0063,2025-12-30,Late delivery,24.74
R01751,O012236,P0460,2024-09-14,Late delivery,24.1
R01752,O012979,P0078,2025-09-06,Changed mind,112.57
R01753,O002080,P0088,2024-08-01,Damaged,81.89
R01754,O016628,P0467,2025-12-04,Wrong size,60.36
R01755,O015256,P0008,2025-09-02,Wrong size,55.4
R01756,O002433,P0124,2026-07-07,Wrong size,57.45
R01757,O007758,P0184,2025-06-15,Changed mind,31.27
R01758,O019118,P0192,2025-06-19,Late delivery,70.26
R01759,O019183,P0337,2025-10-26,Wrong size,38.87
R01760,O016788,P0274,2025-06-12,Not as described,21.31
R01761,O014078,P0286,2025-10-17,Late delivery,55.14
R01762,O017986,P0429,2024-10-11,Not as described,39.59
R01763,O018829,P0264,2025-08-25,Changed mind,66.94
R01764,O001277,P0314,2025-05-02,Not as described,39.12
R01765,O002387,P0133,2025-09-27,Not as described,19.02
R01766,O005116,P0315,2026-06-27,Not as described,82.76
R01767,O013379,P0224,2026-07-23,Damaged,55.95
R01768,O019900,P0427,2025-04-22,Wrong size,14.87
R01769,O015458,P0255,2025-07-18,Wrong size,26.37
R01770,O005403,P0330,2026-02-12,Wrong size,87.75
R01771,O003408,P0243,2025-10-17,Late delivery,21.32
R01772,O019205,P0000,2025-10-08,Damaged,31.02
R01773,O003830,P0376,2024-10-10,Wrong size,78.75
R01774,O019875,P0101,2025-12-17,Changed mind,49.56
R01775,O004210,P0344,2026-01-24,Not as described,142.07
R01776,O007607,P0169,2026-05-27,Late delivery,33.08
R01777,O014947,P0185,2025-04-28,Changed mind,27.47
R01778,O011132,P0424,2026-03-12,Wrong size,54.23
R01779,O004065,P0021,2024-09-10,Wrong size,74.93
R01780,O003196,P0257,2025-09-08,Not as described,78.04
R01781,O006503,P0146,2026-04-11,Changed mind,48.47
R01782,O012186,P0108,2024-08-19,Damaged,11.03
R01783,O007469,P0087,2026-06-26,Damaged,134.53
R01784,O014806,P0418,2024-08-24,Late delivery,52.68
R01785,O015765,P0012,2026-01-12,Late delivery,31.79
R01786,O004990,P0089,2026-05-22,Not as described,59.86
R01787,O000622,P0415,2025-10-29,Late delivery,66.72
R01788,O005826,P0469,2025-10-08,Late delivery,54.13
R01789,O016776,P0089,2025-01-28,Late delivery,16.91
R01790,O011049,P0221,2026-01-06,Changed mind,8.72
R01791,O009840,P0072,2026-05-16,Damaged,36.55
R01792,O006513,P0425,2025-10-12,Wrong size,159.49
R01793,O018781,P0210,2026-04-24,Not as described,128.29
R01794,O007984,P0404,2025-08-07,Not as described,16.52
R01795,O015168,P0124,2026-02-01,Damaged,239.57
R01796,O009632,P0180,2024-10-04,Changed mind,11.82
R01797,O010277,P0291,2025-02-01,Not as described,198.59
R01798,O012212,P0298,2025-06-27,Damaged,151.46
R01799,O004035,P0272,2026-04-16,Not as described,29.66
R01800,O001628,P0020,2024-09-11,Wrong size,70.26
R01801,O012101,P0445,2025-03-26,Late delivery,39.13
R01802,O005847,P0388,2026-06-09,Damaged,38.87
R01803,O003942,P0044,2024-09-28,Changed mind,28.63
R01804,O017463,P0373,2026-04-25,Late delivery,12.62
R01805,O015169,P0134,2024-12-16,Late delivery,120.03
R01806,O011382,P0193,2026-05-06,Damaged,65.77
R01807,O004851,P0211,2025-09-09,Not as described,81.78
R01808,O013352,P0221,2024-10-25,Late delivery,46.08
R01809,O011671,P0326,2025-11-21,Not as described,99.59
R01810,O002334,P0118,2025-06-26,Not as described,6.07
R01811,O011401,P0215,2025-01-22,Changed mind,97.5
R01812,O004749,P0294,2025-04-28,Changed mind,117.91
R01813,O015988,P0448,2024-08-17,Wrong size,117.04
R01814,O017376,P0108,2026-05-14,Late delivery,93.41
R01815,O008945,P0239,2026-07-28,Changed mind,30.59
R01816,O009812,P0060,2026-01-13,Damaged,73.32
R01817,O016543,P0481,2024-12-03,Late delivery,27.29
R01818,O001397,P0237,2024-09-24,Changed mind,189.62
R01819,O011184,P0313,2025-08-28,Not as described,78.39
R01820,O017518,P0345,2025-08-21,Damaged,47.78
R01821,O002305,P0400,2026-03-27,Not as described,66.91
R01822,O004601,P0417,2024-09-05,Wrong size,105.23
R01823,O017931,P0431,2024-08-25,Late delivery,119.87
R01824,O012716,P0257,2026-04-24,Wrong size,42.15
R01825,O014738,P0049,2025-07-06,Not as described,50.74
R01826,O015808,P0456,2024-10-19,Wrong size,29.53
R01827,O006803,P0280,2025-08-01,Changed mind,70.5
R01828,O015379,P0443,2025-12-01,Late delivery,77.38
R01829,O019395,P0041,2026-03-08,Wrong size,101.63
R01830,O006074,P0147,2025-02-22,Not as described,7.97
R01831,O019926,P0398,2025-04-29,Late delivery,57.75
R01832,O008280,P0275,2025-06-01,Wrong size,29.45
R01833,O002458,P0332,2024-12-21,Late delivery,84.48
R01834,O001689,P0236,2026-06-16,Damaged,78.6
R01835,O002601,P0099,2026-06-09,Changed mind,31.41
R01836,O003939,P0337,2024-09-11,Not as described,13.73
R01837,O000400,P0439,2025-10-04,Changed mind,44.53
R01838,O004074,P0305,2024-10-31,Wrong size,96.33
R01839,O010488,P0272,2025-11-26,Not as described,116.63
R01840,O007253,P0268,2025-06-09,Not as described,44.48
R01841,O017703,P0308,2026-04-13,Not as described,115.7
R01842,O004049,P0140,2025-08-14,Not as described,53.33
R01843,O019438,P0481,2026-06-13,Late delivery,53.14
R01844,O011642,P0249,2025-09-05,Damaged,242.92
R01845,O006838,P0498,2024-09-03,Wrong size,60.64
R01846,O007915,P0496,2024-12-19,Not as described,53.85
R01847,O018269,P0473,2026-04-30,Wrong size,93.21
R01848,O017044,P0051,2025-11-23,Not as described,28.8
R01849,O011585,P0351,2026-06-18,Not as described,56.92
R01850,O008331,P0213,2025-02-16,Late delivery,33.66
R01851,O008353,P0221,2024-08-23,Not as described,64.12
R01852,O014129,P0309,2025-04-14,Late delivery,21.14
R01853,O008877,P0466,2025-08-04,Damaged,28.79
R01854,O004709,P0171,2024-08-09,Wrong size,198.08
R01855,O019679,P0404,2026-01-28,Changed mind,75.93
R01856,O013740,P0390,2026-03-09,Not as described,116.53
R01857,O015907,P0207,2024-09-07,Not as described,34.57
R01858,O000609,P0273,2026-06-28,Changed mind,57.19
R01859,O012571,P0002,2025-09-24,Damaged,118.28
R01860,O011891,P0178,2024-09-22,Not as described,119.06
R01861,O008994,P0053,2026-06-27,Not as described,14.54
R01862,O006689,P0237,2025-01-13,Wrong size,72.64
R01863,O018991,P0361,2025-02-22,Wrong size,41.21
R01864,O017018,P0420,2025-05-03,Late delivery,103.05
R01865,O019788,P0491,2025-08-19,Late delivery,198.1
R01866,O011993,P0309,2025-05-25,Late delivery,12.25
R01867,O006935,P0494,2024-08-21,Wrong size,41.01
R01868,O014816,P0051,2025-12-01,Wrong size,33.58
R01869,O002169,P0093,2026-07-02,Changed mind,118.86
R01870,O004165,P0198,2025-02-24,Changed mind,22.31
R01871,O013906,P0038,2025-11-04,Not as described,9.62
R01872,O003776,P0026,2026-07-15,Changed mind,45.26
R01873,O019439,P0107,2025-05-28,Late delivery,37.35
R01874,O005056,P0391,2025-01-22,Damaged,283.66
R01875,O002245,P0328,2026-06-06,Changed mind,104.66
R01876,O015718,P0026,2025-10-14,Not as described,63.13
R01877,O018063,P0082,2024-11-26,Not as described,5.58
R01878,O018994,P0399,2024-11-20,Changed mind,42.1
R01879,O019092,P0461,2025-08-10,Wrong size,123.47
R01880,O002453,P0294,2026-01-26,Wrong size,125.34
R01881,O012438,P0041,2024-08-22,Changed mind,122.22
R01882,O016000,P0372,2025-08-21,Not as described,14.52
R01883,O009999,P0001,2025-05-24,Changed mind,144.67
R01884,O014488,P0383,2025-01-14,Damaged,208.2
R01885,O010229,P0247,2024-09-28,Changed mind,102.0
R01886,O011271,P0029,2024-09-03,Changed mind,43.25
R01887,O012214,P0239,2025-07-26,Not as described,52.16
R01888,O012739,P0433,2026-07-03,Wrong size,152.23
R01889,O002750,P0470,2026-05-29,Late delivery,136.28
R01890,O011434,P0099,2025-06-01,Damaged,33.92
R01891,O016731,P0380,2025-09-06,Changed mind,16.07
R01892,O014253,P0068,2025-07-25,Wrong size,71.6
R01893,O009973,P0019,2026-02-17,Not as described,47.47
R01894,O015554,P0013,2024-11-23,Late delivery,77.25
R01895,O019481,P0385,2025-08-10,Late delivery,63.36
R01896,O011866,P0104,2025-11-25,Not as described,33.74
R01897,O018038,P0435,2026-01-23,Not as described,69.32
R01898,O008737,P0199,2026-05-02,Changed mind,89.11
R01899,O012852,P0464,2025-11-23,Late delivery,7.68
R01900,O017626,P0181,2025-08-18,Late delivery,26.82
R01901,O010738,P0416,2025-04-01,Late delivery,43.46
R01902,O003038,P0214,2026-01-22,Wrong size,86.66
R01903,O006120,P0036,2025-11-20,Not as described,19.77
R01904,O012976,P0152,2024-10-19,Wrong size,68.96
R01905,O004439,P0330,2025-06-01,Damaged,13.91
R01906,O012225,P0164,2025-08-24,Damaged,28.05
R01907,O007001,P0025,2025-08-23,Changed mind,78.84
R01908,O014379,P0030,2026-04-15,Late delivery,104.8
R01909,O001911,P0435,2026-06-30,Not as described,16.82
R01910,O001252,P0388,2024-09-20,Damaged,3.93
R01911,O007679,P0159,2025-08-10,Late delivery,107.86
R01912,O017328,P0003,2026-04-11,Changed mind,122.46
R01913,O012162,P0396,2026-03-17,Damaged,12.03
R01914,O009664,P0364,2026-05-28,Changed mind,21.98
R01915,O016506,P0111,2025-09-16,Wrong size,50.81
R01916,O017043,P0093,2025-05-29,Changed mind,46.41
R01917,O015079,P0028,2025-01-21,Damaged,48.86
R01918,O008490,P0204,2026-02-05,Damaged,58.81
R01919,O013769,P0442,2026-02-13,Changed mind,90.82
R01920,O013171,P0191,2026-05-12,Changed mind,93.12
R01921,O007663,P0180,2025-12-22,Wrong size,128.32
R01922,O001487,P0099,2024-12-12,Wrong size,76.48
R01923,O001222,P0205,2025-08-02,Changed mind,43.18
R01924,O004410,P0483,2025-10-07,Changed mind,68.43
R01925,O005799,P0323,2026-02-10,Changed mind,112.16
R01926,O008740,P0169,2024-08-14,Not as described,80.65
R01927,O006466,P0375,2024-10-03,Changed mind,10.54
R01928,O004893,P0269,2024-11-29,Not as described,51.9
R01929,O016673,P0204,2025-09-20,Late delivery,34.04
R01930,O012068,P0201,2024-09-08,Late delivery,11.86
R01931,O012252,P0272,2024-07-25,Late delivery,67.0
R01932,O016916,P0337,2025-05-04,Not as described,56.44
R01933,O017910,P0034,2025-03-09,Wrong size,82.26
R01934,O015693,P0437,2024-11-22,Not as described,49.53
R01935,O017346,P0118,2024-07-21,Not as described,79.52
R01936,O006543,P0448,2025-01-05,Wrong size,58.29
R01937,O008065,P0483,2024-10-09,Changed mind,86.46
R01938,O016111,P0342,2024-10-10,Late delivery,78.76
R01939,O002634,P0160,2025-10-30,Not as described,86.18
R01940,O005098,P0391,2025-09-17,Wrong size,100.43
R01941,O001368,P0083,2026-06-11,Wrong size,52.14
R01942,O015116,P0371,2026-05-03,Late delivery,114.93
R01943,O002651,P0196,2026-03-23,Late delivery,46.92
R01944,O005325,P0300,2025-10-04,Not as described,33.21
R01945,O002098,P0261,2026-06-12,Changed mind,114.52
R01946,O016370,P0178,2025-10-28,Late delivery,32.59
R01947,O007580,P0364,2026-01-13,Changed mind,197.85
R01948,O007208,P0367,2025-09-21,Late delivery,11.78
R01949,O017992,P0047,2026-03-06,Damaged,71.78
R01950,O000105,P0398,2025-09-22,Wrong size,47.55
R01951,O015692,P0425,2026-04-05,Changed mind,89.36
R01952,O019699,P0459,2025-06-03,Changed mind,238.87
R01953,O005370,P0313,2024-11-06,Not as described,175.3
R01954,O004319,P0275,2025-01-26,Changed mind,123.72
R01955,O014036,P0114,2024-10-05,Not as described,149.88
R01956,O008197,P0233,2025-09-30,Wrong size,149.36
R01957,O015810,P0414,2025-02-10,Wrong size,12.25
R01958,O011210,P0395,2025-09-10,Changed mind,82.18
R01959,O011997,P0390,2024-10-29,Wrong size,23.3
R01960,O012424,P0489,2025-02-13,Wrong size,21.84
R01961,O006429,P0023,2024-10-09,Changed mind,125.53
R01962,O011793,P0365,2024-08-11,Damaged,42.66
R01963,O007225,P0429,2025-06-19,Changed mind,21.47
R01964,O002888,P0353,2026-01-19,Changed mind,19.08
R01965,O016430,P0430,2026-04-07,Late delivery,70.54
R01966,O008782,P0172,2025-12-08,Damaged,12.25
R01967,O008003,P0446,2024-08-19,Not as described,27.85
R01968,O006662,P0238,2025-10-11,Damaged,115.01
R01969,O009872,P0100,2024-11-14,Changed mind,127.91
R01970,O000440,P0032,2025-11-25,Wrong size,66.98
R01971,O016296,P0001,2025-07-15,Damaged,66.3
R01972,O016772,P0431,2026-03-28,Not as described,16.43
R01973,O008947,P0234,2026-05-26,Changed mind,28.39
R01974,O018859,P0032,2024-12-08,Late delivery,24.59
R01975,O011394,P0090,2024-08-25,Changed mind,90.06
R01976,O005050,P0473,2026-01-15,Damaged,41.3
R01977,O011243,P0360,2025-01-23,Late delivery,35.38
R01978,O015651,P0487,2025-01-17,Damaged,82.49
R01979,O011447,P0367,2025-06-27,Not as described,89.81
R01980,O014775,P0270,2026-06-16,Changed mind,68.58
R01981,O004582,P0451,2024-12-22,Wrong size,49.78
R01982,O010159,P0399,2025-08-18,Late delivery,149.95
R01983,O017030,P0189,2024-09-28,Wrong size,72.17
R01984,O015564,P0131,2026-02-12,Changed mind,33.43
R01985,O003404,P0135,2026-04-24,Not as described,50.51
R01986,O003297,P0156,2025-07-30,Changed mind,96.66
R01987,O018495,P0221,2024-11-24,Changed mind,60.38
R01988,O011749,P0330,2026-07-15,Damaged,78.9
R01989,O005172,P0463,2025-06-09,Not as described,165.35
R01990,O004979,P0231,2026-05-22,Changed mind,48.79
R01991,O013504,P0036,2026-05-06,Changed mind,106.83
R01992,O012360,P0057,2024-09-23,Wrong size,49.29
R01993,O016086,P0479,2026-04-16,Late delivery,174.71
R01994,O004411,P0247,2025-08-16,Changed mind,35.29
R01995,O010371,P0496,2024-09-25,Changed mind,31.26
R01996,O009897,P0021,2024-08-15,Not as described,13.42
R01997,O011053,P0197,2025-01-21,Not as described,142.87
R01998,O011606,P0235,2026-02-24,Damaged,31.29
R01999,O012886,P0208,2024-12-15,Damaged,35.0
