review_id,customer_id,product_id,rating,review_date
V00000,C00528,P0420,4,2025-09-20
V00001,C00906,P0270,4,2024-12-01
V00002,C03599,P0284,3,2024-11-01
V00003,C03731,P0084,5,2024-10-14
V00004,C01377,P0363,5,2025-01-04
V00005,C00228,P0254,4,2026-04-25
V00006,C00090,P0044,5,2025-05-01
V00007,C03746,P0317,3,2026-06-15
V00008,C04602,P0412,5,2025-12-02
V00009,C00975,P0167,3,2025-04-17
V00010,C00185,P0218,5,2025-02-23
V00011,C00484,P0356,5,2026-01-21
V00012,C03068,P0458,4,2026-05-19
V00013,C04792,P0440,5,2025-06-08
V00014,C04819,P0390,4,2024-08-15
V00015,C02120,P0186,3,2026-05-06
V00016,C04747,P0332,3,2025-02-18
V00017,C02229,P0344,4,2025-07-17
V00018,C03446,P0367,3,2025-01-05
V00019,C03650,P0237,3,2026-06-05
V00020,C03661,P0340,5,2026-06-25
V00021,C04004,P0419,5,2024-08-25
V00022,C02226,P0398,5,2026-06-23
V00023,C03678,P0151,5,2026-04-06
V00024,C03289,P0342,4,2025-05-30
V00025,C00659,P0091,4,2026-03-11
V00026,C03696,P0286,5,2025-09-03
V00027,C02450,P0129,5,2024-09-14
V00028,C04082,P0039,4,2025-06-17
V00029,C04399,P0128,4,2025-10-12
V00030,C04306,P0264,3,2026-01-01
V00031,C03316,P0439,5,2025-05-19
V00032,C02392,P0155,2,2025-11-15
V00033,C03176,P0177,4,2024-12-02
V00034,C04128,P0120,5,2025-07-22
V00035,C03716,P0050,3,2024-08-21
V00036,C02194,P0356,4,2026-04-17
V00037,C02599,P0110,4,2025-09-05
V00038,C04880,P0233,5,2024-10-09
V00039,C01767,P0388,4,2025-01-16
V00040,C01992,P0387,5,2025-06-24
V00041,C04651,P0073,3,2025-07-26
V00042,C00316,P0366,4,2024-12-14
V00043,C03772,P0030,4,2026-01-24
V00044,C03263,P0279,5,2025-04-06
V00045,C03984,P0255,5,2026-04-30
V00046,C03080,P0119,5,2026-02-07
V00047,C02879,P0419,3,2025-06-20
V00048,C04969,P0367,4,2026-04-30
V00049,C00417,P0465,4,2026-02-21
V00050,C03832,P0021,5,2025-12-26
V00051,C00598,P0245,5,2025-01-15
V00052,C00627,P0166,4,2024-07-11
V00053,C01248,P0145,4,2024-11-19
V00054,C00953,P0392,5,2024-12-09
V00055,C03187,P0486,3,2026-02-20
V00056,C02842,P0272,5,2026-05-15
V00057,C04298,P0411,5,2026-05-24
V00058,C02780,P0347,5,2024-07-02
V00059,C04540,P0162,2,2025-08-30
V00060,C01682,P0471,4,2025-12-06
V00061,C03898,P0468,5,2024-08-20
V00062,C04019,P0304,3,2026-06-29
V00063,C00332,P0338,5,2024-09-28
V00064,C01103,P0357,5,2025-05-06
V00065,C01370,P0045,4,2024-07-28
V00066,C01659,P0279,3,2025-01-03
V00067,C03377,P0004,5,2026-06-29
V00068,C02423,P0089,1,2024-10-02
V00069,C00529,P0479,5,2024-10-19
V00070,C01772,P0363,4,2025-08-30
V00071,C00206,P0027,4,2024-10-04
V00072,C02003,P0484,5,2025-10-29
V00073,C04151,P0380,3,2024-08-17
V00074,C03794,P0099,4,2025-08-24
V00075,C04534,P0199,4,2025-04-04
V00076,C01853,P0497,5,2024-08-05
V00077,C04535,P0145,4,2024-09-14
V00078,C04895,P0233,5,2026-06-07
V00079,C03447,P0120,5,2025-03-16
V00080,C01827,P0199,4,2025-08-08
V00081,C02602,P0493,5,2024-09-23
V00082,C02854,P0001,5,2025-07-30
V00083,C01409,P0093,5,2024-07-16
V00084,C00921,P0248,5,2026-02-06
V00085,C02233,P0137,4,2025-11-18
V00086,C01952,P0318,4,2025-11-29
V00087,C01595,P0373,5,2025-02-17
V00088,C01385,P0299,4,2025-12-30
V00089,C00283,P0184,4,2025-10-20
V00090,C00912,P0177,4,2025-01-22
V00091,C01603,P0378,5,2026-05-10
V00092,C00790,P0016,5,2024-11-30
V00093,C00705,P0080,5,2026-05-30
V00094,C00238,P0227,4,2024-11-08
V00095,C04581,P0432,5,2024-09-25
V00096,C03176,P0028,2,2025-09-19
V00097,C01959,P0262,5,2024-08-10
V00098,C01233,P0419,5,2025-07-14
V00099,C01308,P0057,3,2026-03-26
V00100,C03623,P0212,3,2025-02-03
V00101,C02817,P0183,4,2026-02-06
V00102,C01011,P0269,5,2025-11-19
V00103,C04268,P0495,5,2026-01-09
V00104,C00517,P0361,4,2025-12-16
V00105,C01546,P0040,4,2024-11-17
V00106,C00892,P0348,5,2024-11-15
V00107,C01815,P0452,5,2026-04-18
V00108,C03421,P0436,5,2025-06-28
V00109,C03586,P0031,4,2025-02-28
V00110,C02662,P0470,3,2024-11-25
V00111,C04785,P0070,5,2026-03-02
V00112,C00980,P0153,4,2026-03-01
V00113,C00878,P0100,2,2024-09-09
V00114,C02519,P0416,1,2024-07-15
V00115,C04409,P0191,5,2025-05-16
V00116,C03035,P0383,5,2026-03-08
V00117,C03116,P0121,3,2026-05-13
V00118,C00727,P0151,4,2024-10-27
V00119,C03000,P0306,4,2024-10-17
V00120,C01363,P0415,5,2025-04-10
V00121,C04378,P0213,4,2024-09-30
V00122,C03274,P0218,5,2026-04-19
V00123,C00599,P0121,5,2025-03-21
V00124,C02517,P0487,4,2026-02-04
V00125,C00830,P0276,4,2026-03-08
V00126,C03063,P0433,3,2024-08-23
V00127,C03792,P0470,4,2025-07-23
V00128,C03407,P0095,3,2025-04-16
V00129,C02375,P0362,5,2025-08-11
V00130,C03110,P0248,2,2025-09-11
V00131,C03628,P0059,3,2026-04-29
V00132,C01178,P0244,1,2025-08-15
V00133,C00105,P0047,5,2026-04-12
V00134,C00266,P0042,5,2024-07-05
V00135,C04872,P0215,5,2025-02-08
V00136,C00522,P0232,5,2026-06-07
V00137,C03014,P0197,2,2024-11-13
V00138,C04949,P0252,5,2025-06-05
V00139,C02223,P0163,3,2025-01-25
V00140,C01537,P0352,5,2025-08-01
V00141,C00724,P0106,5,2024-11-04
V00142,C03723,P0354,5,2025-07-12
V00143,C02183,P0138,4,2026-04-12
V00144,C04216,P0069,5,2026-04-12
V00145,C01910,P0267,4,2025-11-17
V00146,C02811,P0320,4,2026-05-20
V00147,C03222,P0258,5,2024-11-10
V00148,C04795,P0316,5,2026-01-27
V00149,C01929,P0252,4,2025-03-18
V00150,C00575,P0046,4,2025-07-27
V00151,C04032,P0244,4,2025-07-12
V00152,C00293,P0289,4,2026-06-22
V00153,C02101,P0202,5,2024-10-15
V00154,C01093,P0443,2,2026-05-15
V00155,C01047,P0137,5,2024-11-17
V00156,C03464,P0010,5,2026-02-25
V00157,C03302,P0105,2,2024-09-08
V00158,C03249,P0303,5,2026-05-17
V00159,C03127,P0360,4,2026-05-13
V00160,C00497,P0355,4,2024-11-13
V00161,C02485,P0089,5,2025-04-04
V00162,C00057,P0451,5,2026-03-25
V00163,C00015,P0120,4,2025-11-19
V00164,C02753,P0087,4,2025-03-09
V00165,C00906,P0100,5,2025-03-13
V00166,C04087,P0260,4,2024-07-01
V00167,C03557,P0193,3,2024-10-08
V00168,C03152,P0175,5,2025-02-21
V00169,C03133,P0171,5,2024-09-30
V00170,C01927,P0014,3,2025-08-28
V00171,C03222,P0460,5,2024-12-02
V00172,C01681,P0096,2,2025-04-28
V00173,C00720,P0007,5,2026-05-04
V00174,C01092,P0383,3,2024-09-22
V00175,C02051,P0354,5,2026-03-30
V00176,C03727,P0083,4,2025-05-27
V00177,C03150,P0216,3,2026-06-19
V00178,C02086,P0465,5,2025-01-12
V00179,C02336,P0105,5,2024-10-21
V00180,C04617,P0281,5,2024-08-24
V00181,C01379,P0229,5,2025-03-30
V00182,C02267,P0490,3,2025-09-05
V00183,C01678,P0262,4,2025-10-17
V00184,C04776,P0103,5,2025-06-27
V00185,C02529,P0009,5,2025-12-31
V00186,C03682,P0207,3,2024-12-16
V00187,C01904,P0156,2,2026-02-15
V00188,C04649,P0339,4,2026-02-05
V00189,C03557,P0298,3,2026-06-25
V00190,C04485,P0424,5,2024-10-20
V00191,C03394,P0400,5,2025-04-27
V00192,C04790,P0172,3,2025-10-27
V00193,C03367,P0349,3,2024-07-15
V00194,C01712,P0106,5,2025-11-25
V00195,C03385,P0481,5,2026-05-19
V00196,C03427,P0363,1,2025-10-22
V00197,C04226,P0176,5,2025-06-16
V00198,C02663,P0058,5,2026-02-06
V00199,C04231,P0269,5,2026-06-02
V00200,C04061,P0385,3,2024-12-07
V00201,C00326,P0404,4,2026-02-01
V00202,C00654,P0060,5,2026-03-05
V00203,C01811,P0444,4,2025-01-02
V00204,C04491,P0152,5,2025-04-27
V00205,C00118,P0382,1,2026-03-12
V00206,C04397,P0273,4,2025-08-22
V00207,C01068,P0099,5,2024-07-08
V00208,C02038,P0216,4,2025-09-22
V00209,C02451,P0268,4,2026-04-29
V00210,C03893,P0139,4,2025-01-18
V00211,C03017,P0085,5,2025-04-18
V00212,C03760,P0237,4,2026-03-23
V00213,C01115,P0084,5,2025-04-20
V00214,C02443,P0137,5,2024-08-19
V00215,C00946,P0009,5,2026-02-22
V00216,C02521,P0270,4,2026-02-07
V00217,C03750,P0040,5,2025-03-10
V00218,C02572,P0262,5,2025-10-17
V00219,C04215,P0096,5,2024-11-11
V00220,C02220,P0490,4,2026-01-22
V00221,C02320,P0324,3,2024-11-11
V00222,C02835,P0072,5,2026-01-08
V00223,C01889,P0216,2,2024-11-05
V00224,C00255,P0283,4,2025-07-30
V00225,C04867,P0393,4,2024-08-11
V00226,C03041,P0113,4,2025-10-07
V00227,C03283,P0319,4,2026-05-09
V00228,C02498,P0155,4,2024-12-13
V00229,C03432,P0126,5,2024-09-04
V00230,C00189,P0212,3,2026-04-29
V00231,C03440,P0284,4,2025-07-23
V00232,C00023,P0402,3,2026-03-31
V00233,C02303,P0030,4,2026-06-15
V00234,C02329,P0249,1,2025-03-03
V00235,C04743,P0432,4,2026-05-30
V00236,C01425,P0474,5,2026-01-12
V00237,C02578,P0463,2,2025-08-22
V00238,C01404,P0001,5,2025-06-07
V00239,C04878,P0144,5,2026-06-06
V00240,C00018,P0156,5,2025-09-04
V00241,C01862,P0119,1,2025-08-02
V00242,C01457,P0463,2,2025-12-22
V00243,C00225,P0276,4,2026-02-13
V00244,C04166,P0354,5,2025-02-24
V00245,C02736,P0262,4,2026-01-14
V00246,C03979,P0170,4,2026-05-22
V00247,C04003,P0087,5,2024-07-01
V00248,C02950,P0329,5,2025-02-25
V00249,C02307,P0354,3,2024-09-04
V00250,C02306,P0018,4,2026-06-20
V00251,C03334,P0032,5,2025-05-04
V00252,C04852,P0029,5,2025-03-17
V00253,C01536,P0154,4,2026-01-27
V00254,C00330,P0366,4,2026-03-25
V00255,C03499,P0458,4,2026-03-20
V00256,C04321,P0008,4,2025-06-05
V00257,C04084,P0240,5,2026-01-01
V00258,C02756,P0468,3,2025-03-31
V00259,C03408,P0022,3,2026-02-23
V00260,C00221,P0261,5,2025-11-21
V00261,C01872,P0481,3,2024-07-16
V00262,C03000,P0253,5,2025-06-30
V00263,C01182,P0468,4,2024-09-16
V00264,C02027,P0140,3,2025-07-12
V00265,C00991,P0074,4,2024-12-16
V00266,C00942,P0043,5,2025-03-08
V00267,C01358,P0138,5,2026-01-15
V00268,C03919,P0374,4,2025-10-26
V00269,C03709,P0191,5,2026-01-25
V00270,C02084,P0363,3,2025-08-01
V00271,C04958,P0042,1,2026-05-24
V00272,C02507,P0460,4,2025-05-10
V00273,C03687,P0395,4,2026-06-01
V00274,C03880,P0246,3,2026-04-03
V00275,C01268,P0074,5,2025-05-06
V00276,C04231,P0359,4,2025-05-05
V00277,C00245,P0489,2,2024-07-25
V00278,C01642,P0166,5,2025-02-25
V00279,C04885,P0185,5,2025-09-10
V00280,C03435,P0324,2,2024-09-10
V00281,C03265,P0405,5,2024-12-14
V00282,C02524,P0048,5,2026-06-05
V00283,C02974,P0050,4,2024-10-22
V00284,C02725,P0371,4,2025-03-15
V00285,C00094,P0322,4,2024-09-29
V00286,C00122,P0427,5,2025-03-06
V00287,C04909,P0248,4,2026-02-14
V00288,C01802,P0463,5,2026-06-21
V00289,C00039,P0189,3,2024-12-02
V00290,C02980,P0275,4,2026-01-04
V00291,C02680,P0418,4,2026-04-27
V00292,C02492,P0358,4,2025-09-20
V00293,C02663,P0062,3,2024-07-13
V00294,C01766,P0421,4,2026-03-17
V00295,C02829,P0208,4,2025-10-05
V00296,C00162,P0164,4,2026-05-04
V00297,C01120,P0181,5,2025-06-17
V00298,C03237,P0068,5,2025-12-14
V00299,C01564,P0373,5,2025-04-26
V00300,C03109,P0337,4,2026-04-19
V00301,C00039,P0051,3,2025-06-30
V00302,C01889,P0216,4,2026-06-24
V00303,C03738,P0244,5,2025-09-05
V00304,C02625,P0143,3,2025-04-17
V00305,C02336,P0069,1,2025-08-28
V00306,C03311,P0168,5,2024-12-16
V00307,C02147,P0192,3,2025-01-17
V00308,C01154,P0029,5,2024-07-12
V00309,C02996,P0277,5,2026-03-12
V00310,C02712,P0070,3,2024-10-05
V00311,C01519,P0184,2,2026-04-17
V00312,C02386,P0268,4,2024-09-18
V00313,C03048,P0455,3,2024-09-25
V00314,C03221,P0357,2,2026-03-21
V00315,C04530,P0028,3,2024-12-16
V00316,C01099,P0241,2,2024-12-31
V00317,C00388,P0131,4,2025-01-17
V00318,C00044,P0044,5,2025-03-02
V00319,C00916,P0227,4,2025-06-21
V00320,C04532,P0428,4,2026-06-25
V00321,C01360,P0084,5,2025-02-15
V00322,C02725,P0050,1,2026-03-06
V00323,C02807,P0319,4,2026-03-23
V00324,C02407,P0043,2,2025-12-16
V00325,C04475,P0261,5,2026-01-17
V00326,C00769,P0084,3,2025-04-09
V00327,C01348,P0402,5,2025-09-23
V00328,C01077,P0298,4,2024-12-23
V00329,C01902,P0060,5,2025-07-04
V00330,C00658,P0241,5,2025-10-04
V00331,C00433,P0442,4,2026-04-18
V00332,C00703,P0018,4,2026-06-28
V00333,C02006,P0217,5,2025-12-08
V00334,C02510,P0398,4,2024-10-30
V00335,C03017,P0278,2,2024-08-01
V00336,C01519,P0239,3,2025-11-19
V00337,C01941,P0011,3,2024-12-05
V00338,C03090,P0457,4,2024-08-06
V00339,C00846,P0239,2,2025-11-04
V00340,C01883,P0259,5,2025-06-28
V00341,C03489,P0264,5,2025-04-01
V00342,C01177,P0366,4,2025-07-01
V00343,C01951,P0328,5,2025-06-06
V00344,C01256,P0362,5,2025-11-28
V00345,C03379,P0225,2,2025-09-12
V00346,C04795,P0083,5,2025-04-01
V00347,C01090,P0125,4,2026-04-07
V00348,C02263,P0282,2,2025-09-20
V00349,C02344,P0471,5,2025-10-21
V00350,C01576,P0328,5,2025-10-01
V00351,C00529,P0061,3,2024-07-28
V00352,C01465,P0316,5,2025-06-14
V00353,C02471,P0407,5,2025-02-01
V00354,C03664,P0414,2,2025-09-06
V00355,C01153,P0327,4,2025-10-06
V00356,C01178,P0323,5,2026-04-03
V00357,C03282,P0205,1,2026-06-18
V00358,C04678,P0472,5,2025-09-24
V00359,C02658,P0357,2,2025-02-20
V00360,C04446,P0022,4,2026-05-17
V00361,C02247,P0313,5,2025-02-17
V00362,C03449,P0229,2,2026-04-27
V00363,C01453,P0015,5,2026-06-11
V00364,C03910,P0358,5,2025-08-24
V00365,C02726,P0177,4,2026-05-18
V00366,C01850,P0352,3,2025-04-11
V00367,C02489,P0163,1,2025-12-22
V00368,C04924,P0353,5,2025-05-28
V00369,C03922,P0116,1,2026-03-12
V00370,C00771,P0265,2,2024-10-15
V00371,C03953,P0415,5,2025-09-14
V00372,C03625,P0115,4,2025-03-19
V00373,C00407,P0295,3,2025-04-30
V00374,C00402,P0075,3,2025-04-14
V00375,C00520,P0040,4,2025-07-08
V00376,C02042,P0273,3,2025-11-10
V00377,C04217,P0150,3,2026-05-26
V00378,C04149,P0235,4,2025-10-08
V00379,C02825,P0004,5,2024-07-28
V00380,C04817,P0125,5,2025-01-20
V00381,C00728,P0415,5,2026-05-31
V00382,C01063,P0279,5,2025-03-27
V00383,C03829,P0011,5,2025-10-16
V00384,C03464,P0494,4,2026-04-03
V00385,C03433,P0174,3,2024-08-16
V00386,C03484,P0247,5,2026-01-26
V00387,C01825,P0283,4,2025-06-27
V00388,C04886,P0482,3,2025-09-14
V00389,C02594,P0253,4,2024-09-05
V00390,C00211,P0001,5,2025-01-12
V00391,C00172,P0218,2,2025-01-04
V00392,C03876,P0293,4,2024-08-05
V00393,C03929,P0375,5,2026-01-31
V00394,C02994,P0209,3,2025-09-05
V00395,C03343,P0418,4,2024-10-22
V00396,C02943,P0074,2,2026-02-06
V00397,C03158,P0152,4,2026-01-19
V00398,C03219,P0253,5,2026-06-04
V00399,C02383,P0131,5,2025-11-03
V00400,C04715,P0206,5,2025-11-12
V00401,C02024,P0280,4,2024-12-30
V00402,C04249,P0075,1,2025-04-27
V00403,C02361,P0104,1,2025-07-24
V00404,C02993,P0362,4,2026-04-20
V00405,C02790,P0177,5,2025-05-28
V00406,C01195,P0472,4,2025-02-03
V00407,C01248,P0367,3,2024-08-19
V00408,C04597,P0355,5,2025-09-12
V00409,C04125,P0126,4,2024-10-16
V00410,C02568,P0025,1,2026-06-18
V00411,C02237,P0118,3,2026-03-26
V00412,C04226,P0375,3,2026-01-03
V00413,C00215,P0113,3,2025-11-06
V00414,C01420,P0437,4,2025-01-13
V00415,C01970,P0407,2,2026-06-01
V00416,C00886,P0039,3,2025-04-04
V00417,C04335,P0073,4,2024-07-05
V00418,C01931,P0443,5,2025-12-26
V00419,C02151,P0176,5,2024-10-02
V00420,C03593,P0491,3,2026-01-21
V00421,C03650,P0029,3,2025-10-13
V00422,C00512,P0239,4,2024-07-22
V00423,C04022,P0227,3,2025-10-14
V00424,C01530,P0255,5,2025-11-19
V00425,C00421,P0231,3,2025-07-31
V00426,C00462,P0334,4,2026-05-23
V00427,C02607,P0458,4,2025-05-15
V00428,C03663,P0147,5,2026-05-17
V00429,C02346,P0021,5,2025-10-01
V00430,C02356,P0454,4,2025-10-11
V00431,C03497,P0157,5,2025-09-28
V00432,C00806,P0087,3,2025-11-14
V00433,C01523,P0401,4,2025-03-15
V00434,C04571,P0181,5,2025-01-07
V00435,C04059,P0328,5,2024-12-04
V00436,C01068,P0077,5,2025-12-05
V00437,C03534,P0363,5,2024-08-26
V00438,C00734,P0360,5,2025-12-31
V00439,C04263,P0007,5,2025-06-10
V00440,C02305,P0414,5,2025-07-29
V00441,C01750,P0075,4,2025-02-12
V00442,C00441,P0089,5,2026-03-11
V00443,C02596,P0421,5,2024-11-29
V00444,C04051,P0260,5,2026-05-21
V00445,C02793,P0122,2,2026-04-13
V00446,C01642,P0284,5,2025-02-12
V00447,C01418,P0446,3,2024-10-21
V00448,C00756,P0216,5,2026-04-08
V00449,C00178,P0278,5,2024-07-01
V00450,C03077,P0417,2,2024-12-20
V00451,C00193,P0351,4,2026-05-31
V00452,C01539,P0458,5,2025-02-07
V00453,C02194,P0434,3,2025-05-07
V00454,C04079,P0461,3,2024-12-02
V00455,C01263,P0284,5,2025-12-02
V00456,C03803,P0024,5,2025-04-03
V00457,C02089,P0432,5,2025-11-13
V00458,C03927,P0453,1,2026-03-18
V00459,C03304,P0398,5,2026-04-18
V00460,C01481,P0230,5,2025-08-30
V00461,C00452,P0275,2,2025-12-27
V00462,C02144,P0348,2,2024-12-22
V00463,C01964,P0267,1,2024-12-03
V00464,C04318,P0371,5,2024-12-11
V00465,C01715,P0171,5,2025-01-02
V00466,C03827,P0114,4,2025-11-03
V00467,C03819,P0032,5,2025-04-27
V00468,C04793,P0042,4,2025-02-20
V00469,C04049,P0390,5,2024-10-03
V00470,C02886,P0249,4,2024-09-30
V00471,C04606,P0445,2,2025-07-12
V00472,C04285,P0359,5,2026-01-04
V00473,C03088,P0176,5,2025-06-08
V00474,C04359,P0229,5,2024-09-07
V00475,C03420,P0349,4,2024-11-27
V00476,C01986,P0477,5,2024-11-03
V00477,C04724,P0470,3,2025-10-27
V00478,C00659,P0246,5,2024-08-22
V00479,C01990,P0404,3,2026-04-29
V00480,C00722,P0130,3,2025-10-31
V00481,C02921,P0040,4,2026-01-20
V00482,C03208,P0000,4,2024-07-09
V00483,C02009,P0037,5,2026-01-04
V00484,C03999,P0016,4,2024-08-20
V00485,C01508,P0271,5,2025-04-08
V00486,C03584,P0402,2,2025-05-12
V00487,C01382,P0235,4,2024-08-03
V00488,C04580,P0283,5,2024-09-10
V00489,C04377,P0195,4,2024-08-30
V00490,C02375,P0272,5,2024-12-20
V00491,C00038,P0278,5,2026-02-28
V00492,C03285,P0106,5,2025-09-27
V00493,C03247,P0107,2,2025-09-08
V00494,C04646,P0131,4,2025-01-30
V00495,C01108,P0415,4,2025-05-16
V00496,C03987,P0096,5,2026-04-24
V00497,C03392,P0375,4,2024-08-01
V00498,C02912,P0038,5,2025-03-28
V00499,C04471,P0079,5,2024-10-05
V00500,C03395,P0188,4,2026-04-12
V00501,C03387,P0348,3,2024-09-09
V00502,C03332,P0388,4,2025-01-22
V00503,C01956,P0343,2,2024-11-15
V00504,C00791,P0110,4,2026-02-05
V00505,C00654,P0126,5,2026-03-26
V00506,C00605,P0125,5,2025-05-08
V00507,C02983,P0278,5,2025-11-15
V00508,C01054,P0139,1,2025-05-17
V00509,C00062,P0259,2,2024-11-18
V00510,C02539,P0435,2,2025-11-21
V00511,C03784,P0311,4,2026-06-28
V00512,C03681,P0054,1,2025-05-31
V00513,C02654,P0248,4,2024-08-28
V00514,C04164,P0136,5,2024-09-27
V00515,C01413,P0321,3,2025-02-14
V00516,C03851,P0364,5,2025-07-06
V00517,C00708,P0310,5,2026-06-06
V00518,C04655,P0273,5,2025-02-13
V00519,C04643,P0283,4,2025-06-25
V00520,C03384,P0444,1,2024-11-28
V00521,C03757,P0155,3,2026-05-27
V00522,C03209,P0492,4,2025-06-22
V00523,C03133,P0166,5,2024-08-13
V00524,C00953,P0278,4,2025-02-07
V00525,C02247,P0258,5,2025-08-26
V00526,C01713,P0405,4,2026-05-16
V00527,C04229,P0381,4,2025-08-05
V00528,C04242,P0080,4,2025-06-22
V00529,C01179,P0453,3,2026-01-31
V00530,C00002,P0297,3,2025-08-08
V00531,C02198,P0101,3,2026-06-11
V00532,C00664,P0129,4,2025-05-28
V00533,C04234,P0382,5,2025-01-06
V00534,C03809,P0179,5,2024-12-01
V00535,C04739,P0302,3,2026-06-17
V00536,C02034,P0482,2,2026-04-12
V00537,C00800,P0138,5,2025-11-15
V00538,C00953,P0005,4,2025-11-14
V00539,C03388,P0489,4,2025-07-24
V00540,C02518,P0137,5,2025-02-05
V00541,C04422,P0490,4,2025-07-18
V00542,C02325,P0195,4,2025-05-11
V00543,C04225,P0330,5,2026-04-17
V00544,C01641,P0370,5,2025-12-23
V00545,C03036,P0354,5,2026-05-15
V00546,C04442,P0025,3,2025-01-05
V00547,C04324,P0321,2,2025-02-20
V00548,C02945,P0038,5,2025-03-09
V00549,C03689,P0117,3,2026-04-29
V00550,C04143,P0187,4,2025-12-20
V00551,C03676,P0285,2,2024-07-09
V00552,C02571,P0477,5,2025-07-28
V00553,C00488,P0050,4,2025-02-18
V00554,C01848,P0424,5,2025-03-07
V00555,C00058,P0076,2,2025-03-03
V00556,C01918,P0172,1,2025-07-11
V00557,C03372,P0031,3,2026-03-19
V00558,C00393,P0190,3,2025-09-08
V00559,C03366,P0144,4,2024-12-11
V00560,C00485,P0283,4,2026-03-09
V00561,C03024,P0008,3,2024-08-31
V00562,C04870,P0160,5,2025-04-18
V00563,C03450,P0391,5,2024-08-04
V00564,C00267,P0367,5,2025-05-26
V00565,C04108,P0034,4,2024-09-26
V00566,C04143,P0333,4,2025-07-20
V00567,C01084,P0344,4,2025-11-02
V00568,C03102,P0142,4,2025-02-05
V00569,C02460,P0262,5,2025-11-06
V00570,C02007,P0225,4,2024-12-09
V00571,C01545,P0377,4,2025-02-25
V00572,C02573,P0278,4,2024-11-25
V00573,C00596,P0484,4,2024-10-17
V00574,C01942,P0394,3,2024-07-03
V00575,C01839,P0186,4,2026-02-27
V00576,C03095,P0238,1,2025-09-05
V00577,C00230,P0214,4,2025-04-11
V00578,C02943,P0229,4,2024-08-23
V00579,C03060,P0360,5,2025-02-17
V00580,C04179,P0186,4,2024-11-21
V00581,C00106,P0181,5,2024-08-26
V00582,C00818,P0007,4,2024-12-02
V00583,C02596,P0277,4,2025-02-02
V00584,C00365,P0204,5,2024-11-08
V00585,C00795,P0334,5,2026-04-09
V00586,C03597,P0483,3,2025-06-24
V00587,C01185,P0141,5,2025-04-15
V00588,C01104,P0385,4,2026-05-03
V00589,C00983,P0018,5,2025-09-09
V00590,C04797,P0200,4,2024-09-07
V00591,C00587,P0256,4,2026-03-30
V00592,C00640,P0022,4,2026-03-14
V00593,C00908,P0127,4,2024-11-12
V00594,C00616,P0458,4,2026-04-11
V00595,C01339,P0095,4,2026-03-25
V00596,C02102,P0343,4,2025-04-03
V00597,C02561,P0424,2,2025-12-11
V00598,C04384,P0424,5,2024-08-25
V00599,C01936,P0039,4,2025-07-28
V00600,C03055,P0047,4,2026-05-29
V00601,C04743,P0007,2,2025-11-09
V00602,C01920,P0398,2,2026-04-10
V00603,C01268,P0168,2,2025-04-20
V00604,C04982,P0253,4,2025-07-29
V00605,C03860,P0166,5,2025-09-07
V00606,C01081,P0422,5,2024-11-10
V00607,C02681,P0024,2,2024-08-31
V00608,C02377,P0383,4,2024-09-06
V00609,C00523,P0211,4,2026-06-20
V00610,C01063,P0091,4,2026-06-01
V00611,C01919,P0053,5,2025-06-17
V00612,C04323,P0252,3,2025-11-14
V00613,C03471,P0461,4,2026-06-14
V00614,C00917,P0126,4,2025-02-13
V00615,C04458,P0313,4,2025-05-27
V00616,C03030,P0301,4,2025-09-15
V00617,C04616,P0384,4,2026-06-12
V00618,C04765,P0241,5,2024-07-12
V00619,C01674,P0465,5,2025-11-22
V00620,C03393,P0498,5,2026-03-12
V00621,C02588,P0344,1,2024-07-06
V00622,C02511,P0146,5,2025-08-29
V00623,C04353,P0225,4,2025-01-06
V00624,C02892,P0407,3,2026-04-25
V00625,C02545,P0106,4,2025-11-21
V00626,C04842,P0440,5,2026-01-01
V00627,C00820,P0355,4,2025-04-05
V00628,C01792,P0097,2,2025-10-20
V00629,C03511,P0453,4,2024-07-31
V00630,C02641,P0148,5,2025-06-06
V00631,C00385,P0249,5,2025-07-21
V00632,C03705,P0352,4,2024-09-02
V00633,C00146,P0276,5,2026-01-03
V00634,C03690,P0221,2,2025-03-28
V00635,C02865,P0224,3,2026-03-27
V00636,C03872,P0362,4,2025-06-12
V00637,C04618,P0000,4,2024-07-30
V00638,C04658,P0042,4,2026-06-22
V00639,C01441,P0355,5,2025-05-06
V00640,C03893,P0440,2,2026-03-23
V00641,C02680,P0459,4,2025-01-07
V00642,C01150,P0301,2,2025-04-20
V00643,C03294,P0214,4,2024-12-11
V00644,C02727,P0390,3,2025-09-25
V00645,C04850,P0032,3,2025-10-27
V00646,C04478,P0335,4,2026-01-14
V00647,C03180,P0472,5,2024-12-07
V00648,C02298,P0494,4,2026-04-12
V00649,C02578,P0283,5,2025-11-24
V00650,C02530,P0162,5,2024-09-25
V00651,C03490,P0356,3,2025-07-03
V00652,C04828,P0380,5,2024-10-20
V00653,C00691,P0409,1,2025-10-28
V00654,C03610,P0266,5,2025-05-22
V00655,C00781,P0328,4,2025-02-25
V00656,C02375,P0214,5,2025-11-04
V00657,C02245,P0288,3,2025-11-26
V00658,C02320,P0455,4,2024-07-06
V00659,C00547,P0479,3,2024-08-20
V00660,C01959,P0244,5,2025-11-07
V00661,C03487,P0246,5,2025-03-31
V00662,C01943,P0225,5,2025-07-18
V00663,C00331,P0306,4,2026-01-27
V00664,C04461,P0164,1,2025-01-06
V00665,C02726,P0101,4,2026-03-31
V00666,C01570,P0060,5,2026-02-25
V00667,C01671,P0306,4,2025-02-19
V00668,C01515,P0489,3,2024-10-08
V00669,C04020,P0063,5,2025-05-12
V00670,C00062,P0097,4,2025-06-23
V00671,C03916,P0316,4,2025-10-31
V00672,C00186,P0031,5,2026-02-07
V00673,C01058,P0075,5,2024-09-30
V00674,C02656,P0339,5,2026-02-24
V00675,C03251,P0092,5,2025-04-14
V00676,C01021,P0436,3,2026-03-06
V00677,C04826,P0131,5,2024-10-30
V00678,C00188,P0006,5,2026-01-10
V00679,C01827,P0118,5,2025-07-10
V00680,C04464,P0060,5,2024-10-18
V00681,C01170,P0129,5,2026-05-13
V00682,C03156,P0397,4,2025-05-14
V00683,C03332,P0411,5,2024-07-05
V00684,C01945,P0208,5,2024-11-18
V00685,C02383,P0184,5,2025-12-26
V00686,C01991,P0036,5,2026-05-22
V00687,C01136,P0091,2,2024-11-07
V00688,C01972,P0460,4,2024-10-19
V00689,C00252,P0278,3,2026-02-27
V00690,C02536,P0275,5,2025-12-26
V00691,C00610,P0015,5,2026-04-13
V00692,C00136,P0088,5,2025-07-11
V00693,C04537,P0010,1,2025-11-11
V00694,C03482,P0073,3,2025-11-15
V00695,C04918,P0439,3,2025-03-27
V00696,C03760,P0179,5,2025-11-28
V00697,C04621,P0285,3,2026-06-18
V00698,C03856,P0220,3,2025-09-18
V00699,C00988,P0091,5,2024-10-09
V00700,C02713,P0135,2,2025-12-14
V00701,C01003,P0394,5,2026-04-16
V00702,C01176,P0276,4,2024-10-20
V00703,C03630,P0277,5,2025-02-07
V00704,C02371,P0064,2,2025-04-14
V00705,C00242,P0433,3,2026-04-10
V00706,C02623,P0483,3,2024-09-10
V00707,C01942,P0469,4,2025-04-12
V00708,C02050,P0054,4,2026-05-30
V00709,C04353,P0477,3,2025-07-11
V00710,C01160,P0045,4,2024-12-11
V00711,C04809,P0428,5,2024-11-29
V00712,C03002,P0383,5,2025-03-15
V00713,C00571,P0415,5,2026-05-31
V00714,C04176,P0325,4,2025-09-10
V00715,C00537,P0464,3,2025-05-08
V00716,C00699,P0116,5,2024-08-23
V00717,C03786,P0204,2,2025-01-18
V00718,C02860,P0096,2,2026-06-25
V00719,C00956,P0203,5,2024-09-16
V00720,C02158,P0370,4,2025-12-08
V00721,C04527,P0286,3,2025-08-01
V00722,C01258,P0228,3,2025-08-09
V00723,C00227,P0230,4,2025-06-06
V00724,C01706,P0004,4,2025-06-08
V00725,C01873,P0498,4,2025-06-11
V00726,C01771,P0298,1,2024-08-17
V00727,C02919,P0051,5,2024-12-12
V00728,C02456,P0074,5,2025-12-06
V00729,C01770,P0404,2,2025-09-23
V00730,C02776,P0004,5,2025-09-17
V00731,C00378,P0173,2,2025-01-19
V00732,C02143,P0266,4,2024-09-11
V00733,C04951,P0295,2,2024-07-08
V00734,C00939,P0443,5,2025-11-10
V00735,C00001,P0167,3,2024-07-09
V00736,C04126,P0167,5,2025-04-04
V00737,C01716,P0030,2,2025-08-19
V00738,C01435,P0230,5,2026-01-22
V00739,C01816,P0203,4,2025-03-07
V00740,C04478,P0083,4,2024-11-06
V00741,C01337,P0468,4,2024-11-15
V00742,C02954,P0265,4,2024-08-17
V00743,C01794,P0136,4,2025-02-12
V00744,C01592,P0356,5,2024-10-23
V00745,C04592,P0227,4,2025-12-15
V00746,C03926,P0066,5,2026-03-06
V00747,C02771,P0207,4,2025-08-12
V00748,C00559,P0168,4,2026-02-20
V00749,C04605,P0355,4,2026-04-29
V00750,C00061,P0023,4,2025-11-17
V00751,C02494,P0224,5,2025-02-10
V00752,C02077,P0072,2,2025-04-27
V00753,C03745,P0346,4,2026-01-02
V00754,C02779,P0165,4,2024-12-11
V00755,C02177,P0196,5,2026-01-27
V00756,C03577,P0164,4,2026-06-25
V00757,C02856,P0485,5,2024-11-09
V00758,C04302,P0260,2,2024-07-16
V00759,C01287,P0477,4,2025-07-28
V00760,C04039,P0432,5,2025-07-04
V00761,C02970,P0183,5,2025-05-27
V00762,C03337,P0004,5,2026-02-09
V00763,C00664,P0174,5,2024-12-07
V00764,C01949,P0019,4,2025-01-26
V00765,C04118,P0028,5,2025-10-17
V00766,C00644,P0298,5,2026-01-11
V00767,C03727,P0196,4,2026-03-25
V00768,C00838,P0297,5,2026-05-12
V00769,C00814,P0460,1,2024-10-14
V00770,C00910,P0070,4,2024-07-14
V00771,C04582,P0113,4,2024-09-01
V00772,C03125,P0216,4,2025-10-16
V00773,C04617,P0469,3,2025-06-21
V00774,C02760,P0351,4,2024-09-09
V00775,C01734,P0067,5,2025-08-13
V00776,C04451,P0348,1,2025-04-23
V00777,C03707,P0351,4,2025-10-25
V00778,C04801,P0091,4,2024-12-17
V00779,C04861,P0187,3,2025-03-18
V00780,C01744,P0185,4,2025-06-08
V00781,C04167,P0405,5,2025-05-12
V00782,C04063,P0302,4,2026-02-03
V00783,C03242,P0311,5,2025-07-05
V00784,C04447,P0347,4,2024-11-20
V00785,C01897,P0492,3,2025-11-28
V00786,C03064,P0372,4,2025-08-25
V00787,C03564,P0394,4,2026-03-26
V00788,C02900,P0309,1,2025-01-30
V00789,C02796,P0437,5,2024-11-08
V00790,C03450,P0082,4,2024-12-08
V00791,C04976,P0090,3,2025-01-25
V00792,C01547,P0147,5,2026-02-07
V00793,C03588,P0260,5,2024-10-07
V00794,C03793,P0423,5,2024-11-17
V00795,C01013,P0166,4,2025-12-21
V00796,C03236,P0386,5,2026-01-12
V00797,C02522,P0446,4,2026-03-09
V00798,C02566,P0015,5,2025-11-12
V00799,C03315,P0129,4,2025-09-03
V00800,C01655,P0101,5,2025-06-23
V00801,C01112,P0068,5,2026-02-20
V00802,C02651,P0270,3,2024-11-16
V00803,C00844,P0393,4,2024-07-02
V00804,C01150,P0232,5,2025-07-07
V00805,C04439,P0340,5,2025-11-07
V00806,C00442,P0267,3,2024-10-01
V00807,C02122,P0080,1,2026-04-08
V00808,C01771,P0339,5,2024-09-04
V00809,C01450,P0498,5,2026-01-28
V00810,C00674,P0305,4,2024-07-28
V00811,C02483,P0067,4,2025-10-06
V00812,C02282,P0446,4,2025-11-02
V00813,C03431,P0145,4,2025-09-16
V00814,C00313,P0473,1,2024-12-28
V00815,C03904,P0293,4,2026-01-16
V00816,C04599,P0050,5,2026-01-27
V00817,C00580,P0380,5,2025-09-14
V00818,C03854,P0318,2,2025-03-04
V00819,C03593,P0095,3,2025-10-06
V00820,C00565,P0293,2,2025-09-12
V00821,C03003,P0237,4,2026-02-09
V00822,C01761,P0075,5,2026-06-17
V00823,C03952,P0178,3,2025-08-28
V00824,C03837,P0485,4,2025-09-27
V00825,C00381,P0438,4,2025-07-10
V00826,C03761,P0266,3,2025-10-18
V00827,C00923,P0490,3,2025-01-27
V00828,C00873,P0027,5,2025-12-27
V00829,C04963,P0309,4,2025-01-06
V00830,C04376,P0071,5,2025-07-25
V00831,C01908,P0441,5,2025-09-29
V00832,C02642,P0375,5,2025-12-20
V00833,C01335,P0153,5,2025-09-11
V00834,C02579,P0112,5,2025-04-01
V00835,C00263,P0285,5,2025-12-21
V00836,C04912,P0280,5,2026-04-02
V00837,C01841,P0388,3,2025-10-16
V00838,C04931,P0329,4,2026-01-30
V00839,C03833,P0017,5,2026-06-06
V00840,C03808,P0147,5,2025-06-11
V00841,C04740,P0108,4,2024-09-21
V00842,C02861,P0160,5,2024-10-15
V00843,C01043,P0010,1,2026-06-17
V00844,C01550,P0347,3,2025-12-09
V00845,C01772,P0441,4,2024-10-07
V00846,C04620,P0473,3,2026-01-03
V00847,C03592,P0093,4,2025-01-31
V00848,C03922,P0010,4,2025-12-21
V00849,C01186,P0305,5,2026-06-09
V00850,C03504,P0426,5,2025-02-09
V00851,C04777,P0314,5,2025-08-15
V00852,C04422,P0364,4,2024-10-21
V00853,C00474,P0158,5,2025-02-16
V00854,C01809,P0240,2,2025-12-09
V00855,C00994,P0388,5,2026-06-21
V00856,C04128,P0162,5,2024-12-26
V00857,C01864,P0340,5,2025-05-25
V00858,C04782,P0082,5,2025-06-27
V00859,C01347,P0256,5,2026-02-18
V00860,C04712,P0311,5,2024-07-09
V00861,C03763,P0242,3,2026-03-03
V00862,C01421,P0234,5,2024-11-13
V00863,C04733,P0239,1,2024-09-14
V00864,C04871,P0381,4,2026-04-24
V00865,C00295,P0028,5,2025-05-08
V00866,C04511,P0021,3,2026-06-27
V00867,C04395,P0077,5,2025-08-10
V00868,C01044,P0105,5,2024-12-24
V00869,C04576,P0369,4,2024-07-22
V00870,C01747,P0489,5,2026-06-02
V00871,C02583,P0470,3,2025-04-24
V00872,C02170,P0099,3,2026-03-11
V00873,C01025,P0039,5,2025-05-19
V00874,C00682,P0122,5,2024-10-05
V00875,C01501,P0233,4,2025-04-10
V00876,C04080,P0283,4,2026-06-28
V00877,C00333,P0263,3,2025-06-24
V00878,C00764,P0059,4,2025-08-19
V00879,C03490,P0137,4,2025-03-28
V00880,C02510,P0481,5,2025-01-04
V00881,C01917,P0222,3,2024-12-10
V00882,C01653,P0377,4,2025-10-02
V00883,C02150,P0432,5,2024-10-20
V00884,C00986,P0022,5,2025-03-24
V00885,C00199,P0263,4,2026-05-14
V00886,C01758,P0141,5,2026-06-04
V00887,C03366,P0314,1,2025-02-19
V00888,C01862,P0326,3,2025-03-31
V00889,C04955,P0223,2,2024-10-29
V00890,C01469,P0374,5,2025-01-12
V00891,C02488,P0373,4,2025-10-22
V00892,C04505,P0429,4,2026-02-07
V00893,C01007,P0074,5,2026-05-18
V00894,C02844,P0049,5,2025-10-23
V00895,C01114,P0137,2,2024-11-29
V00896,C04602,P0283,4,2025-06-20
V00897,C01807,P0315,4,2026-06-21
V00898,C04183,P0044,5,2024-08-22
V00899,C03788,P0297,3,2024-07-12
V00900,C01533,P0432,4,2024-10-16
V00901,C03586,P0384,3,2024-07-29
V00902,C04314,P0393,2,2024-09-20
V00903,C02509,P0416,5,2026-04-25
V00904,C04022,P0328,3,2026-02-25
V00905,C02389,P0256,5,2025-05-13
V00906,C04577,P0096,4,2026-06-28
V00907,C02674,P0372,5,2025-08-08
V00908,C00010,P0253,3,2025-03-30
V00909,C04434,P0195,5,2025-09-10
V00910,C04574,P0105,4,2026-03-11
V00911,C04664,P0328,4,2025-07-01
V00912,C03549,P0208,3,2026-03-16
V00913,C03456,P0473,4,2026-04-23
V00914,C00215,P0054,3,2025-09-12
V00915,C01527,P0390,3,2025-12-27
V00916,C00891,P0288,4,2025-10-24
V00917,C03252,P0485,5,2025-02-16
V00918,C04922,P0287,5,2025-10-27
V00919,C00399,P0110,2,2026-01-27
V00920,C03296,P0465,3,2026-06-28
V00921,C00134,P0374,5,2025-07-23
V00922,C01123,P0033,5,2025-12-01
V00923,C03852,P0068,2,2024-08-25
V00924,C02452,P0297,4,2024-10-08
V00925,C02682,P0311,4,2025-09-20
V00926,C03939,P0296,4,2025-08-11
V00927,C00891,P0466,5,2025-12-17
V00928,C02572,P0495,5,2024-07-25
V00929,C02376,P0222,5,2025-01-26
V00930,C00283,P0293,3,2025-07-03
V00931,C03330,P0195,4,2024-08-07
V00932,C01080,P0006,5,2026-04-19
V00933,C01725,P0088,4,2024-09-06
V00934,C01679,P0379,4,2024-12-14
V00935,C00129,P0368,4,2025-09-02
V00936,C03381,P0432,5,2024-08-17
V00937,C00696,P0338,4,2025-03-07
V00938,C02109,P0006,3,2025-03-07
V00939,C03197,P0453,4,2025-06-06
V00940,C02779,P0310,4,2024-11-08
V00941,C03838,P0054,5,2025-01-31
V00942,C04405,P0084,3,2025-12-13
V00943,C01374,P0126,5,2024-09-23
V00944,C04723,P0426,5,2026-01-26
V00945,C02555,P0261,2,2026-04-18
V00946,C01812,P0085,3,2026-06-15
V00947,C03631,P0333,5,2026-04-26
V00948,C01780,P0491,3,2026-05-06
V00949,C03800,P0148,4,2024-08-23
V00950,C00128,P0266,5,2026-03-05
V00951,C02790,P0492,5,2025-09-02
V00952,C02716,P0211,3,2024-08-25
V00953,C00311,P0346,2,2024-10-15
V00954,C01606,P0466,5,2025-03-03
V00955,C01148,P0359,5,2026-01-17
V00956,C03296,P0222,4,2026-05-20
V00957,C00624,P0470,3,2025-01-29
V00958,C04355,P0105,5,2025-04-06
V00959,C03336,P0130,5,2024-09-26
V00960,C03159,P0444,5,2026-02-26
V00961,C03252,P0412,5,2025-09-19
V00962,C02562,P0013,5,2024-12-18
V00963,C00690,P0100,5,2026-02-05
V00964,C00712,P0467,5,2025-05-15
V00965,C02774,P0296,2,2025-03-26
V00966,C03154,P0351,4,2025-10-08
V00967,C02312,P0061,5,2026-06-19
V00968,C01803,P0151,5,2025-11-18
V00969,C03685,P0438,5,2026-04-01
V00970,C03759,P0122,3,2026-03-16
V00971,C04188,P0465,5,2025-08-31
V00972,C04660,P0071,5,2026-02-04
V00973,C02130,P0249,2,2024-09-03
V00974,C02904,P0460,5,2025-02-04
V00975,C04690,P0459,5,2026-04-20
V00976,C02406,P0382,3,2025-03-24
V00977,C01678,P0097,3,2024-08-12
V00978,C04907,P0248,5,2025-12-13
V00979,C03436,P0456,5,2024-12-17
V00980,C04234,P0026,2,2026-02-28
V00981,C04746,P0165,5,2026-06-11
V00982,C02910,P0494,4,2024-07-19
V00983,C03331,P0476,3,2024-10-26
V00984,C04220,P0288,5,2024-10-08
V00985,C00861,P0406,5,2024-12-09
V00986,C03389,P0119,4,2025-08-06
V00987,C00044,P0020,4,2026-06-21
V00988,C01917,P0427,5,2026-04-21
V00989,C01654,P0466,5,2024-09-12
V00990,C01282,P0415,4,2025-01-15
V00991,C04823,P0349,5,2026-01-05
V00992,C00160,P0095,5,2026-03-14
V00993,C02607,P0414,4,2024-11-21
V00994,C03980,P0069,3,2025-08-15
V00995,C03735,P0012,4,2026-04-19
V00996,C02240,P0340,3,2025-01-03
V00997,C00123,P0350,4,2025-10-05
V00998,C00424,P0450,5,2024-12-16
V00999,C00360,P0375,3,2026-02-17
V01000,C02227,P0473,3,2025-01-14
V01001,C04124,P0024,4,2026-04-04
V01002,C03447,P0323,4,2025-12-07
V01003,C02811,P0111,4,2025-02-15
V01004,C00160,P0377,5,2025-04-04
V01005,C00821,P0459,5,2025-11-20
V01006,C01857,P0445,3,2025-10-19
V01007,C01446,P0310,2,2024-10-10
V01008,C00802,P0046,5,2024-11-01
V01009,C02739,P0104,5,2024-11-22
V01010,C04277,P0272,5,2025-07-21
V01011,C02567,P0237,5,2025-06-27
V01012,C00110,P0375,4,2024-09-20
V01013,C00549,P0428,5,2026-04-02
V01014,C03056,P0259,4,2025-09-12
V01015,C04056,P0429,5,2025-10-23
V01016,C04390,P0111,5,2025-01-22
V01017,C03189,P0089,3,2025-05-04
V01018,C04259,P0133,5,2025-07-14
V01019,C04689,P0241,4,2025-01-28
V01020,C00695,P0479,3,2024-10-24
V01021,C04712,P0407,3,2025-06-25
V01022,C01259,P0433,3,2025-09-28
V01023,C02669,P0192,4,2024-10-14
V01024,C03981,P0173,5,2025-02-16
V01025,C03767,P0434,5,2025-10-27
V01026,C03611,P0467,3,2024-10-25
V01027,C01050,P0057,4,2025-04-18
V01028,C01297,P0310,5,2025-12-16
V01029,C03358,P0070,4,2026-05-20
V01030,C04096,P0363,5,2026-03-01
V01031,C04408,P0183,4,2026-02-11
V01032,C03460,P0299,5,2025-02-06
V01033,C04262,P0276,5,2026-06-20
V01034,C04985,P0436,5,2024-12-16
V01035,C00505,P0404,2,2026-03-26
V01036,C00033,P0239,4,2024-12-13
V01037,C04325,P0150,5,2026-01-15
V01038,C01473,P0271,3,2026-01-02
V01039,C04427,P0145,5,2025-07-03
V01040,C04766,P0236,5,2026-03-22
V01041,C03073,P0486,4,2025-05-28
V01042,C00587,P0043,5,2025-09-03
V01043,C04467,P0142,5,2024-09-09
V01044,C04325,P0200,5,2024-08-31
V01045,C04470,P0271,5,2024-08-28
V01046,C03248,P0439,1,2025-12-08
V01047,C02853,P0181,3,2025-03-14
V01048,C03297,P0189,5,2026-03-24
V01049,C04872,P0039,5,2025-03-03
V01050,C01789,P0169,1,2026-04-16
V01051,C03756,P0242,4,2024-08-12
V01052,C02098,P0292,1,2026-01-16
V01053,C01316,P0270,3,2026-04-20
V01054,C01708,P0220,2,2025-08-05
V01055,C00080,P0209,5,2025-11-11
V01056,C00483,P0187,5,2025-05-22
V01057,C04821,P0163,3,2025-05-19
V01058,C00898,P0014,3,2026-01-26
V01059,C04677,P0307,5,2024-11-05
V01060,C01064,P0243,5,2024-07-22
V01061,C01052,P0074,3,2025-01-17
V01062,C02605,P0227,5,2024-09-09
V01063,C02882,P0205,3,2025-11-29
V01064,C01606,P0298,2,2025-04-11
V01065,C01307,P0095,4,2025-10-08
V01066,C04675,P0161,3,2024-09-19
V01067,C00235,P0332,5,2026-06-10
V01068,C03111,P0103,5,2026-02-17
V01069,C01222,P0427,1,2026-01-05
V01070,C04181,P0049,5,2025-03-08
V01071,C02096,P0163,3,2026-05-22
V01072,C00744,P0062,4,2025-07-07
V01073,C00079,P0041,4,2024-12-26
V01074,C03862,P0258,5,2025-06-24
V01075,C02219,P0371,3,2026-03-19
V01076,C00344,P0120,5,2025-10-01
V01077,C03621,P0092,5,2024-12-04
V01078,C00807,P0475,4,2025-07-18
V01079,C04933,P0097,5,2026-03-11
V01080,C03949,P0297,5,2024-09-12
V01081,C01369,P0186,2,2026-06-08
V01082,C02014,P0416,3,2025-08-08
V01083,C04620,P0085,4,2026-03-26
V01084,C00503,P0384,5,2025-08-14
V01085,C04990,P0401,5,2025-12-22
V01086,C03443,P0244,4,2026-04-11
V01087,C03795,P0476,4,2024-07-11
V01088,C01387,P0409,4,2024-12-20
V01089,C01506,P0053,5,2025-03-10
V01090,C03271,P0418,4,2025-07-05
V01091,C01892,P0243,5,2026-06-25
V01092,C01762,P0389,4,2025-05-21
V01093,C02425,P0357,5,2025-04-19
V01094,C03393,P0330,4,2025-12-29
V01095,C03332,P0121,4,2025-11-25
V01096,C01535,P0468,2,2025-07-29
V01097,C02452,P0157,4,2025-02-12
V01098,C01430,P0088,4,2024-09-03
V01099,C03167,P0262,3,2024-12-31
V01100,C03759,P0136,2,2024-11-15
V01101,C03481,P0006,4,2026-05-10
V01102,C04981,P0179,4,2025-07-31
V01103,C02834,P0455,3,2024-07-30
V01104,C01842,P0344,5,2025-07-18
V01105,C03469,P0201,3,2026-02-21
V01106,C03784,P0105,4,2026-06-15
V01107,C00235,P0133,2,2025-03-13
V01108,C00524,P0223,1,2024-10-14
V01109,C02652,P0473,5,2024-09-28
V01110,C02602,P0129,5,2025-03-27
V01111,C00945,P0037,5,2026-06-20
V01112,C04305,P0168,5,2024-08-14
V01113,C02228,P0315,4,2025-03-19
V01114,C00270,P0354,4,2024-12-20
V01115,C00680,P0349,5,2025-11-07
V01116,C01015,P0069,3,2025-11-03
V01117,C01280,P0056,5,2024-08-22
V01118,C00375,P0277,4,2024-12-01
V01119,C02340,P0083,5,2026-05-04
V01120,C02550,P0146,3,2025-04-26
V01121,C01516,P0410,5,2025-08-27
V01122,C03350,P0363,4,2025-03-28
V01123,C02944,P0448,5,2024-09-08
V01124,C00755,P0407,5,2025-04-18
V01125,C01078,P0055,4,2026-01-11
V01126,C00669,P0008,5,2024-08-20
V01127,C01710,P0182,4,2024-07-30
V01128,C04479,P0100,5,2026-04-23
V01129,C03815,P0009,3,2024-11-05
V01130,C02221,P0071,3,2025-06-08
V01131,C02148,P0361,5,2026-06-22
V01132,C00392,P0194,4,2025-11-14
V01133,C02862,P0110,2,2025-06-17
V01134,C02831,P0151,4,2024-11-20
V01135,C04384,P0480,4,2025-06-23
V01136,C01599,P0420,5,2025-01-16
V01137,C01889,P0479,5,2026-02-25
V01138,C04802,P0495,4,2024-11-12
V01139,C01912,P0099,3,2025-01-13
V01140,C03321,P0373,4,2024-07-02
V01141,C04578,P0162,4,2025-12-29
V01142,C03377,P0228,5,2026-06-13
V01143,C04785,P0444,5,2026-01-14
V01144,C00828,P0244,5,2025-11-06
V01145,C02168,P0384,4,2025-05-25
V01146,C00053,P0129,5,2025-11-12
V01147,C02645,P0370,2,2024-08-13
V01148,C00643,P0043,5,2025-05-28
V01149,C03336,P0262,5,2024-07-25
V01150,C03978,P0127,5,2024-10-12
V01151,C04796,P0199,4,2024-09-04
V01152,C00686,P0163,4,2026-02-22
V01153,C01852,P0157,4,2025-03-02
V01154,C01409,P0095,5,2025-09-04
V01155,C01533,P0283,1,2026-01-04
V01156,C04282,P0456,2,2024-11-18
V01157,C01894,P0472,5,2026-04-11
V01158,C03837,P0252,2,2024-10-07
V01159,C01147,P0076,3,2024-07-02
V01160,C00630,P0399,5,2025-12-23
V01161,C00588,P0039,5,2024-10-20
V01162,C04032,P0196,5,2024-07-01
V01163,C04646,P0068,4,2025-03-26
V01164,C03644,P0161,5,2025-09-21
V01165,C04844,P0443,2,2025-08-31
V01166,C02864,P0215,1,2025-05-15
V01167,C04404,P0160,3,2025-04-22
V01168,C02487,P0269,5,2025-12-31
V01169,C02598,P0319,5,2026-04-30
V01170,C03092,P0320,5,2025-01-25
V01171,C03284,P0439,5,2025-11-07
V01172,C00504,P0158,5,2025-05-02
V01173,C02226,P0373,3,2026-05-28
V01174,C04592,P0320,5,2025-06-14
V01175,C00556,P0142,4,2026-06-10
V01176,C04953,P0293,5,2025-08-14
V01177,C04999,P0390,3,2025-09-29
V01178,C02805,P0191,4,2025-12-04
V01179,C01401,P0121,3,2024-08-10
V01180,C04241,P0328,5,2024-08-01
V01181,C04235,P0398,5,2026-02-08
V01182,C01114,P0393,3,2026-06-20
V01183,C00823,P0386,4,2024-08-04
V01184,C03508,P0367,4,2024-12-18
V01185,C03253,P0209,5,2025-08-28
V01186,C01561,P0220,5,2025-08-02
V01187,C03594,P0337,4,2025-07-10
V01188,C02943,P0111,5,2026-01-08
V01189,C00985,P0193,5,2025-04-05
V01190,C02272,P0063,5,2025-06-05
V01191,C01161,P0327,5,2025-05-20
V01192,C01945,P0242,5,2026-03-30
V01193,C00869,P0142,4,2025-05-22
V01194,C00369,P0190,3,2025-11-14
V01195,C02663,P0003,4,2025-02-17
V01196,C03985,P0176,4,2025-08-24
V01197,C00153,P0480,5,2025-07-10
V01198,C03415,P0142,1,2025-10-17
V01199,C01296,P0121,3,2026-06-07
V01200,C01918,P0255,4,2025-09-08
V01201,C04345,P0162,5,2024-11-22
V01202,C02437,P0125,5,2025-11-16
V01203,C03899,P0212,1,2025-12-22
V01204,C01707,P0104,5,2025-10-14
V01205,C04516,P0219,4,2025-08-01
V01206,C02364,P0341,2,2025-02-19
V01207,C00452,P0150,3,2024-09-24
V01208,C02329,P0008,5,2025-11-19
V01209,C01647,P0067,4,2025-03-06
V01210,C00958,P0235,2,2024-11-11
V01211,C00372,P0314,5,2026-04-25
V01212,C03765,P0000,4,2026-05-17
V01213,C02534,P0368,1,2025-05-31
V01214,C02657,P0006,5,2025-12-21
V01215,C00923,P0481,3,2025-06-23
V01216,C03902,P0475,3,2025-03-12
V01217,C04432,P0277,5,2026-01-09
V01218,C04881,P0346,4,2024-12-22
V01219,C01782,P0100,4,2025-02-08
V01220,C00648,P0148,5,2024-09-05
V01221,C03934,P0233,4,2024-08-05
V01222,C01499,P0362,3,2024-09-23
V01223,C02284,P0377,3,2024-11-18
V01224,C01336,P0179,4,2026-04-11
V01225,C02062,P0114,5,2026-02-26
V01226,C00844,P0055,4,2025-03-23
V01227,C03571,P0089,4,2026-02-08
V01228,C04173,P0130,3,2024-11-03
V01229,C04709,P0204,5,2024-09-15
V01230,C04320,P0231,5,2025-05-17
V01231,C01567,P0483,3,2025-03-09
V01232,C01795,P0359,3,2024-07-11
V01233,C03008,P0465,5,2024-07-22
V01234,C03051,P0118,5,2026-01-20
V01235,C04489,P0459,4,2026-01-29
V01236,C00299,P0047,4,2026-05-09
V01237,C02475,P0096,4,2024-09-22
V01238,C02310,P0403,4,2025-07-28
V01239,C02053,P0348,5,2024-07-12
V01240,C03421,P0106,2,2025-05-26
V01241,C00458,P0327,3,2024-12-08
V01242,C01099,P0091,3,2026-02-07
V01243,C02037,P0384,5,2025-08-18
V01244,C02509,P0302,4,2025-08-19
V01245,C01285,P0072,4,2025-04-16
V01246,C01482,P0009,4,2025-11-28
V01247,C01026,P0444,3,2024-10-20
V01248,C01999,P0035,2,2025-06-15
V01249,C01981,P0252,4,2026-05-13
V01250,C02911,P0058,5,2025-05-05
V01251,C01242,P0185,2,2025-02-16
V01252,C03431,P0446,4,2026-06-13
V01253,C04228,P0388,5,2025-09-12
V01254,C04769,P0487,5,2024-07-27
V01255,C02924,P0238,4,2025-01-18
V01256,C01651,P0014,3,2026-02-07
V01257,C03702,P0338,3,2025-07-16
V01258,C00307,P0280,3,2025-01-20
V01259,C03372,P0310,4,2025-11-16
V01260,C00137,P0483,5,2025-11-15
V01261,C03616,P0009,5,2026-06-27
V01262,C04501,P0298,5,2025-12-23
V01263,C02660,P0183,5,2025-11-28
V01264,C01661,P0366,5,2026-03-24
V01265,C04197,P0498,5,2025-01-01
V01266,C02915,P0058,5,2026-04-14
V01267,C01919,P0431,5,2024-12-12
V01268,C02880,P0080,3,2025-11-11
V01269,C02261,P0056,5,2025-05-16
V01270,C04952,P0262,3,2025-11-02
V01271,C00621,P0216,5,2026-02-11
V01272,C02119,P0141,5,2025-09-23
V01273,C02914,P0476,2,2025-09-25
V01274,C04328,P0152,5,2025-08-12
V01275,C02708,P0367,3,2026-01-22
V01276,C02757,P0114,5,2026-04-17
V01277,C01468,P0098,5,2025-12-03
V01278,C04230,P0076,5,2024-09-06
V01279,C01740,P0139,4,2025-09-14
V01280,C03378,P0388,5,2024-12-15
V01281,C00655,P0439,5,2024-10-17
V01282,C04921,P0071,5,2025-09-22
V01283,C00096,P0293,5,2025-03-17
V01284,C02832,P0378,5,2026-05-14
V01285,C03130,P0312,4,2025-08-31
V01286,C00063,P0078,4,2026-06-05
V01287,C04042,P0111,5,2025-06-11
V01288,C03671,P0044,2,2026-05-25
V01289,C03759,P0239,1,2026-06-27
V01290,C02598,P0230,5,2025-03-04
V01291,C01473,P0322,3,2024-12-10
V01292,C00470,P0344,1,2025-07-13
V01293,C00896,P0042,5,2024-11-28
V01294,C02253,P0118,5,2024-11-11
V01295,C03252,P0046,5,2025-12-27
V01296,C04068,P0426,4,2024-07-27
V01297,C01470,P0343,3,2026-05-17
V01298,C04457,P0045,5,2025-03-23
V01299,C00202,P0498,5,2025-05-31
V01300,C02399,P0131,5,2024-08-27
V01301,C00456,P0380,3,2024-10-06
V01302,C02017,P0179,1,2025-05-14
V01303,C04387,P0353,5,2024-11-03
V01304,C04220,P0322,2,2025-05-20
V01305,C00712,P0282,3,2025-08-05
V01306,C00765,P0256,2,2024-12-26
V01307,C01474,P0092,5,2024-07-18
V01308,C03905,P0019,5,2025-07-20
V01309,C01926,P0405,5,2026-05-22
V01310,C01857,P0464,3,2025-07-09
V01311,C03563,P0347,1,2025-03-17
V01312,C02692,P0173,5,2024-09-30
V01313,C00575,P0308,5,2025-03-09
V01314,C04020,P0495,3,2025-11-13
V01315,C02443,P0268,4,2025-10-23
V01316,C02906,P0341,4,2026-02-02
V01317,C03663,P0201,4,2025-12-28
V01318,C02479,P0172,5,2024-12-23
V01319,C03605,P0328,5,2025-02-11
V01320,C01763,P0173,3,2025-09-16
V01321,C04776,P0024,2,2025-02-20
V01322,C00877,P0443,3,2026-02-18
V01323,C00259,P0003,4,2024-10-01
V01324,C02984,P0066,5,2025-04-22
V01325,C01916,P0148,3,2025-11-30
V01326,C00574,P0461,5,2025-11-05
V01327,C04664,P0171,5,2025-06-03
V01328,C01364,P0004,4,2025-12-13
V01329,C03179,P0273,5,2025-10-21
V01330,C02362,P0296,5,2025-12-12
V01331,C04212,P0205,5,2025-11-07
V01332,C01913,P0418,4,2025-08-08
V01333,C01072,P0142,5,2025-05-27
V01334,C00393,P0150,5,2026-02-14
V01335,C04228,P0363,5,2026-03-23
V01336,C03330,P0269,5,2026-05-05
V01337,C03419,P0021,2,2025-06-10
V01338,C04581,P0369,3,2025-09-03
V01339,C00869,P0194,5,2025-07-13
V01340,C00730,P0259,2,2024-09-20
V01341,C01422,P0116,3,2024-11-12
V01342,C00646,P0336,4,2025-12-25
V01343,C03254,P0321,5,2024-09-28
V01344,C01331,P0478,3,2026-02-14
V01345,C02929,P0144,3,2026-04-30
V01346,C04978,P0017,4,2025-02-08
V01347,C03960,P0326,4,2025-08-31
V01348,C03546,P0415,4,2024-07-22
V01349,C02389,P0343,5,2024-08-10
V01350,C04055,P0435,1,2025-05-09
V01351,C00223,P0385,5,2024-09-20
V01352,C00949,P0051,5,2026-02-04
V01353,C04090,P0414,4,2026-01-18
V01354,C03782,P0224,5,2026-03-29
V01355,C00485,P0418,5,2025-12-20
V01356,C00910,P0151,5,2025-11-24
V01357,C00607,P0114,5,2025-08-10
V01358,C04532,P0178,5,2026-06-03
V01359,C04022,P0026,4,2024-10-30
V01360,C02121,P0406,2,2024-12-19
V01361,C00677,P0148,4,2025-03-01
V01362,C01190,P0460,4,2025-08-30
V01363,C02377,P0347,5,2025-03-14
V01364,C03220,P0134,3,2025-09-13
V01365,C00864,P0204,3,2025-11-27
V01366,C02988,P0154,1,2025-03-14
V01367,C03200,P0459,5,2026-05-15
V01368,C00549,P0218,4,2024-12-24
V01369,C01022,P0201,4,2025-07-23
V01370,C02635,P0074,5,2026-03-10
V01371,C00286,P0051,5,2025-12-24
V01372,C00479,P0247,5,2025-03-10
V01373,C02614,P0000,5,2024-12-11
V01374,C00627,P0274,5,2024-12-28
V01375,C01653,P0064,4,2026-01-11
V01376,C02681,P0275,2,2024-08-16
V01377,C00179,P0361,5,2025-01-12
V01378,C02685,P0166,4,2024-08-06
V01379,C01788,P0012,1,2026-05-06
V01380,C02589,P0288,4,2024-08-14
V01381,C04356,P0363,5,2026-05-12
V01382,C04145,P0135,3,2024-10-04
V01383,C01311,P0281,5,2025-03-20
V01384,C00794,P0479,4,2025-12-02
V01385,C04400,P0450,4,2024-12-31
V01386,C03242,P0340,5,2025-06-27
V01387,C03680,P0375,5,2026-01-12
V01388,C02228,P0306,2,2025-09-08
V01389,C03901,P0155,3,2024-12-16
V01390,C02802,P0424,4,2025-01-16
V01391,C00332,P0432,4,2024-09-09
V01392,C04872,P0357,5,2026-06-19
V01393,C01294,P0046,3,2024-08-18
V01394,C00732,P0014,3,2025-05-19
V01395,C00555,P0061,5,2025-08-01
V01396,C00900,P0046,2,2025-07-01
V01397,C02691,P0419,5,2025-11-12
V01398,C01611,P0181,3,2024-11-08
V01399,C00523,P0049,4,2025-12-25
V01400,C03620,P0026,4,2024-09-17
V01401,C03131,P0338,3,2025-01-01
V01402,C01605,P0251,5,2024-11-28
V01403,C00307,P0224,5,2025-02-01
V01404,C03553,P0389,5,2025-07-25
V01405,C04568,P0359,5,2025-06-18
V01406,C02781,P0327,5,2026-02-08
V01407,C04190,P0390,5,2025-06-25
V01408,C04752,P0085,3,2024-12-27
V01409,C04663,P0188,1,2025-10-29
V01410,C01619,P0182,5,2024-09-11
V01411,C00663,P0274,3,2025-09-29
V01412,C02458,P0481,4,2025-11-27
V01413,C04916,P0279,5,2025-05-23
V01414,C03263,P0346,4,2025-01-03
V01415,C03836,P0006,5,2024-11-25
V01416,C02014,P0167,5,2025-10-13
V01417,C04107,P0333,5,2025-04-06
V01418,C00155,P0313,5,2025-03-08
V01419,C02398,P0250,4,2026-04-06
V01420,C02532,P0171,5,2026-01-20
V01421,C01149,P0402,5,2025-07-23
V01422,C03109,P0253,4,2025-06-26
V01423,C01987,P0276,4,2025-07-28
V01424,C00078,P0220,4,2024-07-28
V01425,C03224,P0229,5,2025-10-12
V01426,C04748,P0425,5,2024-07-06
V01427,C02251,P0203,4,2025-07-16
V01428,C02826,P0280,5,2025-08-03
V01429,C01229,P0279,5,2026-06-22
V01430,C01728,P0354,3,2025-01-12
V01431,C04982,P0330,5,2025-09-29
V01432,C01628,P0100,5,2024-11-02
V01433,C00394,P0412,5,2026-04-21
V01434,C02391,P0126,3,2026-03-13
V01435,C01396,P0477,3,2026-01-30
V01436,C04999,P0312,4,2025-07-01
V01437,C00531,P0448,3,2026-01-08
V01438,C00144,P0325,5,2025-12-10
V01439,C04331,P0374,5,2025-06-12
V01440,C00084,P0010,5,2024-07-29
V01441,C04380,P0306,4,2024-10-18
V01442,C02236,P0235,5,2025-08-19
V01443,C04620,P0414,5,2025-08-13
V01444,C00981,P0455,4,2025-04-26
V01445,C01986,P0031,1,2025-06-08
V01446,C01187,P0329,4,2025-12-08
V01447,C00789,P0007,5,2025-07-12
V01448,C00631,P0070,2,2025-09-27
V01449,C00720,P0110,4,2025-05-15
V01450,C04734,P0243,5,2025-07-03
V01451,C00464,P0090,2,2025-06-17
V01452,C01431,P0060,4,2026-04-05
V01453,C00507,P0458,3,2025-06-28
V01454,C00216,P0445,3,2026-01-02
V01455,C00482,P0290,4,2024-09-10
V01456,C02390,P0302,4,2025-03-18
V01457,C00142,P0282,4,2026-01-31
V01458,C00573,P0072,5,2025-03-11
V01459,C04256,P0422,5,2025-09-21
V01460,C03261,P0208,4,2026-04-03
V01461,C02340,P0108,4,2025-08-09
V01462,C04192,P0094,5,2025-06-08
V01463,C01854,P0391,4,2025-03-03
V01464,C02566,P0291,3,2026-03-19
V01465,C02491,P0038,4,2025-10-08
V01466,C02504,P0003,5,2025-04-07
V01467,C02302,P0450,5,2025-07-21
V01468,C04731,P0004,4,2026-05-22
V01469,C00458,P0436,5,2025-02-22
V01470,C01270,P0321,1,2025-08-22
V01471,C01861,P0310,5,2025-09-17
V01472,C03917,P0177,4,2024-12-27
V01473,C04324,P0354,5,2025-03-05
V01474,C02967,P0078,3,2025-11-24
V01475,C02279,P0079,5,2026-04-28
V01476,C03778,P0136,3,2025-06-24
V01477,C04742,P0409,4,2025-07-25
V01478,C03177,P0110,4,2025-02-26
V01479,C03969,P0394,5,2025-01-29
V01480,C02597,P0119,4,2025-03-26
V01481,C03773,P0413,5,2025-01-03
V01482,C03361,P0015,4,2025-03-09
V01483,C00300,P0080,5,2024-07-28
V01484,C03055,P0045,5,2024-12-19
V01485,C02422,P0173,5,2024-12-11
V01486,C02055,P0479,5,2026-02-07
V01487,C02220,P0333,4,2025-01-06
V01488,C04309,P0080,4,2024-08-21
V01489,C00674,P0311,5,2025-08-17
V01490,C00221,P0029,5,2026-04-01
V01491,C00116,P0178,4,2025-12-07
V01492,C02390,P0466,5,2025-09-03
V01493,C04049,P0218,5,2026-02-06
V01494,C04245,P0445,4,2024-08-06
V01495,C03215,P0312,4,2026-06-26
V01496,C00271,P0457,5,2025-11-30
V01497,C01051,P0110,3,2025-08-31
V01498,C04545,P0161,5,2025-11-15
V01499,C00034,P0234,4,2024-07-14
V01500,C03406,P0469,4,2025-03-31
V01501,C01703,P0269,5,2024-07-12
V01502,C02445,P0255,1,2025-10-29
V01503,C04887,P0076,4,2025-01-01
V01504,C03491,P0000,4,2026-01-22
V01505,C02210,P0233,3,2026-02-04
V01506,C03545,P0206,4,2026-02-02
V01507,C01193,P0292,2,2025-08-15
V01508,C01232,P0313,3,2025-08-22
V01509,C01690,P0114,4,2025-09-03
V01510,C04147,P0376,3,2025-03-09
V01511,C03652,P0169,5,2025-09-08
V01512,C04065,P0428,3,2025-03-30
V01513,C03488,P0370,3,2024-08-02
V01514,C00075,P0385,5,2026-03-30
V01515,C01242,P0463,4,2024-11-30
V01516,C03380,P0198,3,2025-03-11
V01517,C01923,P0385,5,2025-04-10
V01518,C04317,P0281,4,2025-03-17
V01519,C01625,P0439,5,2024-07-14
V01520,C01666,P0376,5,2025-04-15
V01521,C02227,P0460,5,2025-11-28
V01522,C03056,P0134,5,2025-08-31
V01523,C00339,P0355,3,2025-01-20
V01524,C03976,P0161,4,2025-07-23
V01525,C00837,P0030,4,2024-11-06
V01526,C02125,P0356,3,2026-02-27
V01527,C04401,P0418,4,2025-05-17
V01528,C04325,P0036,4,2025-07-18
V01529,C02674,P0182,5,2026-02-15
V01530,C04197,P0218,5,2025-02-12
V01531,C04505,P0458,5,2026-02-20
V01532,C02380,P0069,4,2024-12-04
V01533,C03399,P0043,4,2025-02-02
V01534,C02687,P0041,4,2025-05-06
V01535,C04091,P0113,4,2024-07-07
V01536,C03943,P0202,5,2025-03-13
V01537,C00143,P0300,5,2025-03-27
V01538,C03287,P0208,4,2025-12-23
V01539,C02492,P0053,3,2024-11-22
V01540,C02045,P0353,5,2025-07-26
V01541,C04003,P0200,4,2025-03-17
V01542,C02315,P0489,4,2025-04-09
V01543,C01237,P0223,5,2025-07-18
V01544,C04747,P0424,4,2025-10-18
V01545,C00790,P0180,4,2025-11-16
V01546,C00943,P0458,4,2025-09-12
V01547,C00973,P0425,4,2026-03-18
V01548,C02543,P0079,4,2025-09-06
V01549,C00828,P0429,3,2025-02-11
V01550,C04827,P0105,2,2025-11-21
V01551,C01517,P0026,5,2026-03-30
V01552,C02483,P0420,4,2026-05-27
V01553,C03060,P0215,4,2025-08-08
V01554,C04089,P0072,2,2025-02-05
V01555,C00477,P0225,4,2026-06-01
V01556,C01650,P0060,4,2025-08-04
V01557,C03556,P0272,3,2026-01-20
V01558,C01996,P0208,5,2024-10-18
V01559,C02835,P0028,5,2025-06-27
V01560,C00099,P0117,4,2025-07-12
V01561,C01734,P0333,2,2024-10-23
V01562,C00115,P0393,4,2025-10-29
V01563,C01208,P0435,4,2025-04-08
V01564,C00031,P0033,4,2024-12-14
V01565,C00335,P0094,5,2025-08-18
V01566,C03411,P0155,5,2025-09-07
V01567,C00459,P0240,3,2025-09-19
V01568,C00675,P0309,4,2025-01-11
V01569,C00691,P0362,3,2024-09-25
V01570,C03331,P0280,3,2025-02-01
V01571,C02935,P0136,3,2025-09-19
V01572,C01655,P0042,5,2024-12-08
V01573,C01840,P0311,2,2024-08-30
V01574,C01350,P0337,4,2024-08-31
V01575,C00223,P0327,4,2025-06-14
V01576,C02527,P0055,4,2024-07-12
V01577,C02972,P0304,5,2025-07-16
V01578,C00187,P0324,5,2025-11-08
V01579,C04101,P0173,5,2025-09-05
V01580,C02923,P0454,1,2024-08-06
V01581,C02154,P0037,4,2024-12-20
V01582,C04277,P0009,3,2025-06-02
V01583,C04990,P0214,4,2025-09-12
V01584,C01732,P0401,1,2024-07-10
V01585,C02144,P0465,4,2026-02-01
V01586,C03659,P0386,4,2025-08-07
V01587,C01995,P0426,4,2024-12-14
V01588,C01139,P0121,5,2024-12-06
V01589,C03239,P0154,5,2025-06-06
V01590,C00396,P0023,2,2024-10-03
V01591,C04279,P0247,5,2024-11-07
V01592,C00847,P0135,5,2025-11-16
V01593,C04939,P0288,5,2025-09-23
V01594,C02931,P0213,5,2024-10-08
V01595,C04141,P0245,4,2025-10-04
V01596,C04225,P0377,5,2024-07-13
V01597,C02903,P0101,5,2026-01-16
V01598,C04224,P0475,2,2025-08-17
V01599,C04688,P0346,3,2024-12-19
V01600,C02672,P0139,3,2026-04-29
V01601,C01480,P0418,3,2024-12-16
V01602,C01899,P0257,4,2025-03-03
V01603,C02705,P0092,4,2025-05-05
V01604,C00489,P0251,2,2025-04-20
V01605,C03576,P0459,5,2025-06-22
V01606,C01042,P0247,4,2025-06-02
V01607,C04088,P0200,1,2024-12-22
V01608,C00967,P0172,3,2025-06-13
V01609,C02524,P0350,5,2026-03-25
V01610,C01902,P0200,4,2026-06-25
V01611,C04268,P0290,4,2026-04-25
V01612,C00367,P0379,5,2025-12-06
V01613,C01524,P0049,5,2025-12-17
V01614,C02709,P0335,5,2024-07-23
V01615,C00013,P0245,5,2025-09-17
V01616,C00922,P0227,5,2024-08-27
V01617,C01393,P0310,3,2024-10-19
V01618,C02578,P0450,2,2025-09-13
V01619,C03947,P0330,5,2024-12-16
V01620,C04545,P0421,4,2025-09-10
V01621,C01433,P0350,4,2024-10-06
V01622,C03749,P0085,5,2025-01-20
V01623,C03112,P0440,4,2025-06-25
V01624,C03610,P0163,5,2025-10-03
V01625,C04896,P0254,5,2025-01-06
V01626,C02975,P0232,4,2025-07-26
V01627,C01103,P0105,5,2025-06-04
V01628,C03904,P0204,3,2026-04-01
V01629,C03815,P0463,4,2026-01-04
V01630,C01361,P0374,5,2024-11-06
V01631,C01250,P0236,5,2025-05-13
V01632,C04533,P0402,3,2025-10-03
V01633,C00663,P0319,5,2024-10-08
V01634,C04267,P0319,5,2024-12-27
V01635,C02622,P0216,2,2026-03-23
V01636,C00324,P0006,5,2025-09-20
V01637,C02777,P0416,2,2026-02-05
V01638,C04503,P0153,3,2024-11-11
V01639,C04370,P0185,2,2026-03-08
V01640,C03122,P0188,5,2025-01-12
V01641,C02767,P0179,5,2024-08-12
V01642,C01952,P0043,4,2025-05-06
V01643,C02492,P0416,1,2025-05-17
V01644,C01818,P0239,5,2024-08-13
V01645,C04694,P0309,5,2025-02-22
V01646,C00838,P0438,4,2024-08-21
V01647,C02110,P0040,4,2025-04-13
V01648,C03797,P0344,4,2026-01-07
V01649,C00699,P0099,4,2025-05-06
V01650,C01322,P0343,5,2025-02-23
V01651,C02223,P0124,3,2025-12-22
V01652,C03050,P0285,4,2024-11-08
V01653,C04772,P0012,5,2025-03-17
V01654,C03347,P0188,4,2025-12-07
V01655,C04370,P0460,5,2026-06-28
V01656,C01311,P0228,4,2025-03-14
V01657,C01494,P0078,4,2024-09-13
V01658,C01303,P0041,5,2025-10-25
V01659,C02669,P0364,4,2025-07-20
V01660,C02941,P0252,3,2024-08-04
V01661,C04878,P0097,5,2024-11-16
V01662,C03964,P0068,3,2026-01-28
V01663,C03052,P0384,5,2025-09-08
V01664,C04460,P0159,5,2025-05-11
V01665,C00536,P0482,5,2025-07-07
V01666,C04161,P0155,5,2024-11-22
V01667,C04735,P0412,3,2026-04-22
V01668,C04590,P0043,2,2024-07-12
V01669,C00915,P0150,4,2026-06-01
V01670,C01894,P0086,4,2026-01-03
V01671,C04807,P0129,3,2025-12-06
V01672,C03068,P0088,3,2025-11-17
V01673,C04569,P0268,5,2026-06-26
V01674,C01227,P0404,4,2026-05-04
V01675,C00756,P0395,4,2026-04-24
V01676,C01446,P0174,4,2025-11-11
V01677,C02183,P0359,5,2026-04-14
V01678,C03801,P0492,4,2026-04-04
V01679,C01511,P0023,5,2025-12-28
V01680,C04236,P0015,5,2025-08-02
V01681,C00235,P0149,5,2026-06-11
V01682,C03135,P0366,3,2024-09-28
V01683,C00079,P0227,5,2024-07-16
V01684,C04710,P0432,3,2025-03-20
V01685,C01871,P0058,4,2025-10-27
V01686,C02674,P0054,5,2025-01-20
V01687,C01631,P0242,5,2025-01-29
V01688,C00574,P0224,5,2026-01-29
V01689,C01253,P0023,4,2025-05-16
V01690,C02304,P0455,3,2024-11-14
V01691,C02758,P0355,4,2024-11-24
V01692,C01690,P0420,3,2025-08-07
V01693,C02059,P0113,5,2026-06-10
V01694,C03491,P0294,5,2025-06-05
V01695,C03376,P0036,5,2025-03-13
V01696,C04829,P0496,4,2024-09-09
V01697,C04513,P0357,5,2025-03-21
V01698,C00065,P0270,4,2025-03-29
V01699,C03023,P0141,5,2025-05-22
V01700,C04020,P0104,5,2025-05-09
V01701,C02918,P0002,3,2024-11-01
V01702,C04211,P0015,5,2025-12-16
V01703,C04016,P0454,2,2025-07-30
V01704,C03068,P0270,4,2025-10-20
V01705,C01609,P0134,4,2026-06-16
V01706,C01452,P0092,5,2025-06-14
V01707,C01036,P0360,4,2025-12-05
V01708,C01581,P0480,4,2024-07-05
V01709,C02905,P0324,5,2026-01-09
V01710,C04634,P0071,4,2026-04-30
V01711,C01997,P0150,1,2025-12-05
V01712,C00460,P0397,5,2026-01-16
V01713,C02831,P0185,5,2026-01-02
V01714,C03347,P0042,4,2024-12-15
V01715,C01610,P0413,4,2025-04-04
V01716,C01151,P0157,5,2026-01-25
V01717,C01155,P0496,5,2025-11-18
V01718,C00795,P0152,5,2025-07-03
V01719,C04560,P0194,5,2025-07-13
V01720,C03984,P0089,5,2024-11-02
V01721,C01132,P0380,5,2024-11-11
V01722,C03928,P0246,2,2024-12-02
V01723,C02988,P0259,3,2025-03-17
V01724,C04915,P0430,5,2024-11-09
V01725,C00404,P0456,3,2025-03-14
V01726,C00251,P0366,5,2026-03-11
V01727,C00879,P0009,5,2025-04-21
V01728,C02452,P0271,4,2026-02-02
V01729,C01159,P0283,3,2024-10-22
V01730,C02942,P0180,2,2026-02-02
V01731,C00473,P0033,4,2025-03-17
V01732,C04501,P0198,5,2026-04-12
V01733,C04377,P0163,5,2024-09-15
V01734,C00652,P0217,4,2025-03-03
V01735,C02894,P0181,3,2025-01-04
V01736,C02662,P0244,4,2026-04-17
V01737,C01561,P0158,4,2026-03-28
V01738,C02574,P0433,1,2025-06-24
V01739,C00554,P0049,4,2024-12-23
V01740,C03335,P0263,5,2024-10-30
V01741,C03810,P0454,2,2025-05-10
V01742,C01130,P0011,4,2026-04-13
V01743,C01926,P0438,3,2025-11-14
V01744,C03726,P0198,5,2025-08-29
V01745,C03503,P0396,2,2025-02-05
V01746,C03810,P0228,5,2026-04-12
V01747,C02813,P0121,4,2025-12-10
V01748,C00861,P0296,5,2025-05-04
V01749,C04587,P0158,5,2024-10-17
V01750,C02412,P0299,1,2026-01-20
V01751,C03063,P0189,4,2025-08-23
V01752,C01936,P0000,5,2024-09-19
V01753,C01644,P0439,4,2025-07-05
V01754,C00558,P0411,4,2024-09-24
V01755,C04323,P0162,5,2025-09-30
V01756,C04526,P0307,5,2025-11-30
V01757,C00544,P0342,4,2026-03-26
V01758,C02035,P0371,4,2026-05-07
V01759,C03514,P0388,4,2025-02-02
V01760,C01018,P0475,4,2025-05-05
V01761,C03589,P0291,4,2024-10-30
V01762,C01378,P0326,4,2026-05-22
V01763,C00987,P0483,2,2025-08-13
V01764,C00774,P0296,4,2025-03-27
V01765,C02408,P0425,5,2025-07-24
V01766,C02465,P0064,4,2025-05-03
V01767,C03042,P0025,4,2026-04-13
V01768,C03525,P0104,4,2024-10-22
V01769,C00471,P0263,5,2026-05-18
V01770,C01016,P0374,5,2025-08-17
V01771,C02789,P0164,4,2025-08-27
V01772,C04624,P0063,5,2025-05-10
V01773,C04901,P0115,2,2025-08-23
V01774,C02987,P0379,5,2026-03-12
V01775,C00832,P0153,2,2025-12-18
V01776,C04762,P0066,4,2026-04-03
V01777,C00462,P0389,5,2025-05-09
V01778,C02569,P0085,1,2025-08-04
V01779,C00871,P0348,4,2026-04-12
V01780,C00280,P0025,5,2026-03-21
V01781,C03797,P0151,4,2026-02-08
V01782,C01435,P0394,4,2025-02-23
V01783,C02475,P0385,3,2025-01-26
V01784,C03558,P0097,4,2025-10-20
V01785,C00099,P0296,4,2025-12-03
V01786,C00631,P0330,5,2025-05-01
V01787,C03653,P0200,4,2024-09-10
V01788,C00125,P0297,5,2026-01-18
V01789,C00314,P0095,5,2024-12-28
V01790,C02865,P0354,5,2024-07-11
V01791,C02784,P0250,1,2025-06-17
V01792,C01315,P0296,1,2026-05-18
V01793,C02915,P0386,5,2026-06-25
V01794,C02078,P0403,4,2026-06-29
V01795,C01590,P0477,3,2025-09-18
V01796,C02930,P0025,5,2025-04-07
V01797,C03103,P0298,5,2025-11-03
V01798,C03123,P0147,2,2025-08-31
V01799,C04584,P0376,5,2024-11-04
V01800,C01071,P0437,3,2025-09-27
V01801,C02619,P0047,4,2026-01-19
V01802,C04725,P0234,5,2025-03-25
V01803,C01738,P0124,1,2025-12-04
V01804,C03926,P0074,4,2026-01-05
V01805,C04990,P0271,3,2025-06-07
V01806,C03665,P0463,4,2025-10-26
V01807,C00608,P0474,4,2024-12-29
V01808,C04504,P0001,4,2024-11-15
V01809,C04199,P0138,4,2024-11-22
V01810,C00224,P0161,4,2025-04-07
V01811,C00715,P0022,4,2024-09-26
V01812,C04610,P0199,4,2024-11-02
V01813,C02359,P0438,5,2025-11-14
V01814,C00238,P0224,4,2025-09-15
V01815,C00019,P0258,4,2026-06-07
V01816,C02062,P0424,4,2026-03-16
V01817,C03464,P0172,4,2025-09-07
V01818,C03176,P0186,5,2025-08-11
V01819,C02078,P0179,5,2025-03-02
V01820,C00486,P0002,4,2026-06-21
V01821,C02520,P0295,4,2026-06-20
V01822,C03681,P0078,3,2025-04-02
V01823,C02350,P0022,5,2024-07-23
V01824,C03700,P0284,4,2025-02-03
V01825,C01847,P0471,5,2026-04-03
V01826,C00074,P0345,5,2025-02-07
V01827,C02314,P0401,4,2025-09-09
V01828,C02580,P0228,5,2025-12-13
V01829,C00795,P0304,5,2024-11-04
V01830,C04414,P0343,4,2024-07-30
V01831,C02840,P0112,4,2025-12-15
V01832,C00907,P0364,5,2026-06-28
V01833,C04134,P0031,5,2026-03-31
V01834,C04168,P0270,5,2026-02-09
V01835,C02929,P0425,5,2024-09-16
V01836,C03833,P0053,5,2026-05-11
V01837,C00257,P0182,3,2025-11-12
V01838,C01838,P0461,5,2025-05-13
V01839,C02372,P0247,2,2024-09-18
V01840,C01984,P0166,4,2025-09-11
V01841,C03121,P0159,5,2024-08-24
V01842,C00816,P0161,3,2026-04-23
V01843,C04221,P0146,4,2026-05-02
V01844,C00033,P0158,5,2024-09-04
V01845,C01729,P0464,5,2024-08-17
V01846,C01189,P0445,5,2025-06-04
V01847,C00602,P0360,1,2024-08-14
V01848,C03073,P0383,1,2024-09-07
V01849,C01264,P0205,5,2025-01-19
V01850,C01518,P0327,5,2026-04-14
V01851,C00480,P0033,2,2026-05-09
V01852,C00890,P0493,4,2026-05-08
V01853,C02869,P0473,5,2025-06-23
V01854,C04748,P0263,5,2025-01-10
V01855,C04184,P0436,5,2025-11-29
V01856,C04952,P0394,1,2025-12-31
V01857,C03013,P0499,3,2026-05-03
V01858,C00885,P0312,3,2026-02-16
V01859,C04939,P0278,4,2025-11-12
V01860,C04227,P0210,4,2026-01-08
V01861,C03517,P0400,5,2024-07-22
V01862,C03496,P0302,5,2025-10-11
V01863,C01367,P0330,2,2024-08-28
V01864,C04780,P0072,4,2025-05-25
V01865,C02223,P0251,4,2025-03-24
V01866,C02283,P0251,5,2025-12-31
V01867,C03445,P0238,4,2024-12-31
V01868,C01586,P0063,5,2026-05-13
V01869,C01920,P0401,3,2026-01-14
V01870,C00123,P0488,5,2025-02-07
V01871,C02305,P0041,5,2025-07-07
V01872,C02721,P0205,4,2025-05-19
V01873,C01969,P0476,3,2026-04-09
V01874,C04239,P0381,5,2025-01-14
V01875,C02021,P0388,5,2026-06-09
V01876,C02927,P0117,4,2025-07-10
V01877,C01500,P0249,5,2025-10-14
V01878,C01327,P0489,4,2024-09-08
V01879,C03021,P0179,4,2024-11-15
V01880,C04653,P0117,2,2024-07-01
V01881,C01506,P0096,1,2025-07-12
V01882,C03005,P0003,5,2025-08-26
V01883,C01623,P0469,4,2026-02-07
V01884,C04087,P0279,5,2025-11-02
V01885,C04199,P0302,4,2024-07-25
V01886,C02275,P0085,5,2025-10-23
V01887,C02594,P0234,5,2026-03-19
V01888,C00998,P0383,5,2025-09-16
V01889,C03185,P0425,2,2024-10-26
V01890,C00138,P0361,4,2025-02-16
V01891,C00588,P0067,5,2024-08-06
V01892,C00902,P0391,5,2026-04-15
V01893,C01517,P0163,5,2026-06-03
V01894,C04488,P0342,4,2025-10-28
V01895,C00724,P0456,5,2026-06-25
V01896,C01236,P0219,2,2025-11-03
V01897,C01403,P0286,1,2025-10-30
V01898,C04312,P0092,1,2025-01-10
V01899,C03880,P0288,3,2026-02-28
V01900,C03763,P0461,2,2024-10-08
V01901,C03714,P0109,4,2025-09-03
V01902,C00609,P0016,5,2024-11-30
V01903,C04651,P0061,2,2025-03-13
V01904,C00566,P0135,5,2025-02-23
V01905,C04314,P0463,5,2026-04-26
V01906,C00925,P0161,4,2026-01-18
V01907,C03471,P0222,1,2025-11-13
V01908,C01846,P0055,4,2024-12-20
V01909,C03342,P0406,5,2025-01-27
V01910,C02980,P0267,4,2024-12-02
V01911,C01875,P0432,5,2026-02-21
V01912,C01747,P0462,2,2025-02-27
V01913,C00742,P0130,4,2024-07-19
V01914,C00217,P0144,4,2025-02-23
V01915,C02302,P0089,4,2026-01-10
V01916,C00356,P0186,5,2024-12-12
V01917,C04201,P0015,4,2025-10-10
V01918,C04880,P0262,4,2025-05-01
V01919,C04328,P0258,4,2025-11-16
V01920,C01706,P0404,5,2024-10-03
V01921,C02833,P0200,5,2025-05-15
V01922,C04237,P0438,4,2025-10-11
V01923,C00006,P0329,2,2024-10-25
V01924,C00112,P0119,5,2026-02-24
V01925,C03402,P0054,5,2025-04-08
V01926,C04418,P0053,5,2024-11-07
V01927,C02757,P0297,2,2026-01-31
V01928,C02271,P0457,3,2025-12-09
V01929,C01630,P0474,5,2025-03-29
V01930,C04996,P0172,4,2026-05-24
V01931,C00232,P0245,4,2025-02-07
V01932,C01687,P0180,5,2025-07-10
V01933,C02258,P0450,4,2025-02-18
V01934,C04699,P0066,4,2024-10-02
V01935,C00564,P0190,4,2024-10-03
V01936,C01593,P0055,5,2026-03-11
V01937,C04014,P0315,4,2026-06-14
V01938,C01118,P0080,3,2025-12-16
V01939,C03753,P0462,5,2024-10-31
V01940,C03469,P0419,3,2024-12-24
V01941,C00051,P0339,5,2025-06-25
V01942,C03376,P0136,4,2026-03-19
V01943,C03367,P0411,5,2025-11-29
V01944,C03067,P0418,5,2024-08-14
V01945,C01416,P0238,5,2026-04-02
V01946,C00712,P0150,2,2025-07-01
V01947,C04005,P0154,5,2025-08-22
V01948,C03053,P0161,5,2025-07-18
V01949,C02659,P0412,5,2026-04-16
V01950,C04739,P0346,4,2025-07-09
V01951,C02443,P0207,3,2024-11-19
V01952,C03881,P0020,1,2026-03-08
V01953,C00611,P0096,4,2025-08-09
V01954,C02413,P0188,3,2024-11-01
V01955,C04720,P0248,4,2024-07-25
V01956,C02792,P0329,4,2026-02-15
V01957,C02291,P0110,5,2026-03-02
V01958,C04452,P0050,3,2026-04-16
V01959,C01221,P0001,4,2026-01-10
V01960,C03215,P0050,3,2025-07-27
V01961,C04046,P0274,3,2025-10-24
V01962,C02094,P0064,5,2025-02-28
V01963,C00727,P0239,3,2026-03-08
V01964,C00781,P0089,4,2026-06-26
V01965,C00930,P0365,3,2025-05-31
V01966,C02349,P0156,5,2025-08-13
V01967,C02342,P0222,5,2026-06-13
V01968,C01039,P0230,5,2025-09-08
V01969,C03785,P0051,3,2025-08-19
V01970,C04548,P0078,4,2025-02-25
V01971,C01523,P0088,4,2026-05-18
V01972,C00098,P0430,5,2024-08-25
V01973,C00893,P0283,5,2025-04-06
V01974,C00465,P0376,3,2025-06-05
V01975,C03610,P0285,3,2024-10-07
V01976,C02508,P0192,5,2025-10-09
V01977,C00479,P0024,5,2025-05-25
V01978,C03298,P0102,4,2025-11-17
V01979,C03547,P0043,5,2025-06-22
V01980,C04948,P0457,2,2026-02-23
V01981,C01989,P0246,4,2024-09-14
V01982,C03429,P0100,5,2025-03-10
V01983,C02986,P0154,5,2024-12-19
V01984,C03362,P0373,5,2025-07-28
V01985,C03833,P0467,5,2026-05-04
V01986,C01749,P0034,5,2026-03-13
V01987,C01338,P0348,4,2025-08-10
V01988,C04502,P0258,5,2025-12-19
V01989,C00994,P0031,4,2025-09-11
V01990,C00552,P0493,5,2025-08-28
V01991,C04455,P0199,5,2025-05-13
V01992,C04767,P0381,5,2026-05-14
V01993,C00460,P0424,4,2025-02-14
V01994,C02018,P0327,3,2025-07-17
V01995,C01294,P0415,5,2025-12-19
V01996,C00885,P0137,4,2025-05-01
V01997,C01398,P0270,4,2024-08-10
V01998,C03260,P0449,3,2024-09-17
V01999,C04556,P0227,5,2024-11-24
V02000,C00630,P0027,5,2025-06-11
V02001,C00975,P0191,5,2024-10-01
V02002,C03555,P0357,5,2025-09-09
V02003,C04423,P0022,5,2025-02-14
V02004,C03828,P0026,5,2026-02-05
V02005,C01841,P0249,4,2025-10-04
V02006,C03143,P0070,4,2025-03-13
V02007,C00309,P0433,3,2025-03-10
V02008,C04674,P0033,5,2026-01-24
V02009,C02944,P0354,4,2026-02-28
V02010,C01192,P0244,5,2025-12-29
V02011,C03537,P0384,5,2025-12-30
V02012,C01510,P0388,2,2025-11-28
V02013,C02966,P0349,3,2025-07-31
V02014,C01551,P0101,4,2024-11-22
V02015,C00841,P0332,2,2026-06-13
V02016,C03220,P0389,2,2024-09-09
V02017,C02338,P0497,5,2025-03-20
V02018,C02238,P0216,3,2025-02-11
V02019,C00431,P0494,4,2025-07-25
V02020,C03950,P0134,3,2024-07-01
V02021,C02780,P0011,4,2026-04-19
V02022,C00826,P0231,5,2025-04-29
V02023,C00957,P0133,5,2025-03-06
V02024,C04508,P0433,2,2026-06-21
V02025,C02977,P0077,5,2026-06-16
V02026,C01529,P0201,5,2024-10-28
V02027,C04264,P0059,4,2025-02-06
V02028,C00916,P0195,3,2025-06-06
V02029,C00826,P0329,1,2025-12-26
V02030,C04164,P0447,4,2024-07-12
V02031,C02759,P0408,3,2024-07-03
V02032,C01518,P0070,5,2025-01-13
V02033,C03962,P0309,5,2025-07-15
V02034,C02181,P0385,5,2025-01-01
V02035,C03492,P0066,4,2025-02-20
V02036,C02838,P0049,5,2025-06-06
V02037,C00891,P0408,5,2025-08-18
V02038,C00792,P0355,4,2024-09-27
V02039,C04316,P0391,5,2024-09-08
V02040,C01431,P0248,5,2025-06-18
V02041,C01364,P0447,5,2025-12-12
V02042,C00447,P0460,4,2025-08-31
V02043,C01315,P0466,4,2026-02-17
V02044,C01989,P0362,4,2026-03-13
V02045,C00074,P0000,5,2025-11-30
V02046,C03635,P0244,5,2024-10-04
V02047,C01221,P0068,3,2025-10-19
V02048,C00005,P0150,5,2024-11-21
V02049,C04140,P0280,4,2024-07-24
V02050,C00474,P0185,4,2024-10-19
V02051,C01358,P0012,3,2025-09-18
V02052,C03796,P0091,1,2024-12-14
V02053,C03508,P0083,4,2025-03-21
V02054,C01358,P0072,5,2026-02-03
V02055,C01825,P0133,3,2024-12-10
V02056,C03381,P0267,4,2024-09-04
V02057,C03090,P0057,4,2024-08-27
V02058,C00148,P0175,2,2025-03-18
V02059,C04962,P0071,5,2025-01-01
V02060,C01329,P0140,4,2024-12-09
V02061,C02353,P0450,4,2025-03-02
V02062,C03188,P0183,5,2026-05-21
V02063,C02810,P0321,5,2026-03-29
V02064,C00048,P0051,3,2026-01-17
V02065,C04048,P0086,3,2025-09-11
V02066,C03541,P0199,2,2025-01-27
V02067,C03334,P0081,5,2025-09-16
V02068,C03153,P0461,5,2025-06-02
V02069,C03566,P0181,5,2025-12-10
V02070,C03285,P0309,5,2024-11-06
V02071,C03938,P0031,5,2025-02-16
V02072,C04687,P0324,5,2025-04-02
V02073,C01441,P0487,5,2026-05-06
V02074,C04433,P0139,5,2025-06-19
V02075,C00854,P0102,4,2025-12-18
V02076,C02226,P0364,5,2024-07-03
V02077,C02293,P0083,5,2025-10-07
V02078,C03125,P0492,4,2026-02-26
V02079,C03128,P0257,5,2026-04-14
V02080,C04795,P0310,5,2025-02-17
V02081,C02977,P0255,3,2025-12-25
V02082,C01154,P0384,5,2024-08-06
V02083,C03967,P0104,5,2025-09-28
V02084,C02231,P0463,4,2026-03-23
V02085,C00596,P0061,5,2025-03-03
V02086,C02475,P0176,4,2024-08-03
V02087,C04906,P0027,5,2026-03-24
V02088,C03524,P0291,5,2025-05-14
V02089,C01653,P0448,5,2026-03-04
V02090,C02268,P0084,5,2025-04-18
V02091,C02311,P0178,4,2024-11-08
V02092,C02796,P0060,4,2025-05-12
V02093,C04818,P0222,2,2025-12-01
V02094,C03706,P0432,4,2024-11-07
V02095,C00120,P0186,3,2025-11-24
V02096,C00965,P0363,4,2026-02-22
V02097,C04954,P0312,5,2025-03-18
V02098,C04859,P0246,4,2024-11-16
V02099,C04819,P0171,4,2024-08-27
V02100,C03832,P0222,5,2026-03-01
V02101,C00314,P0318,5,2025-11-14
V02102,C04064,P0139,4,2024-09-06
V02103,C04941,P0056,2,2026-01-27
V02104,C02999,P0488,3,2025-08-13
V02105,C01177,P0110,4,2024-10-21
V02106,C00792,P0479,5,2024-11-21
V02107,C04029,P0360,1,2025-06-15
V02108,C00432,P0144,2,2025-06-24
V02109,C03457,P0469,5,2024-10-07
V02110,C01656,P0391,5,2025-09-06
V02111,C04197,P0145,4,2024-11-09
V02112,C02897,P0232,4,2026-04-28
V02113,C01942,P0316,4,2025-10-20
V02114,C01636,P0417,5,2024-12-21
V02115,C01309,P0172,3,2024-12-22
V02116,C01022,P0140,3,2025-06-11
V02117,C00749,P0343,3,2025-02-17
V02118,C03825,P0295,3,2025-09-15
V02119,C01451,P0351,5,2025-01-22
V02120,C01832,P0045,4,2025-06-11
V02121,C01719,P0492,1,2025-02-09
V02122,C03621,P0033,4,2025-12-20
V02123,C03889,P0474,2,2026-06-12
V02124,C04667,P0058,4,2024-10-07
V02125,C04983,P0402,5,2024-07-13
V02126,C04385,P0229,4,2024-11-05
V02127,C02667,P0115,3,2025-05-21
V02128,C03113,P0069,4,2024-11-21
V02129,C04906,P0036,5,2025-10-04
V02130,C01762,P0113,5,2025-09-12
V02131,C01112,P0117,5,2025-03-07
V02132,C04556,P0198,5,2026-02-05
V02133,C02570,P0466,3,2025-11-21
V02134,C03448,P0157,4,2026-01-24
V02135,C01915,P0320,4,2025-09-20
V02136,C00263,P0383,4,2025-06-02
V02137,C02209,P0164,3,2026-02-05
V02138,C00025,P0015,4,2024-12-15
V02139,C00601,P0161,5,2026-01-01
V02140,C02279,P0464,5,2024-12-17
V02141,C02376,P0002,3,2024-07-27
V02142,C01719,P0147,1,2024-12-28
V02143,C04171,P0303,4,2024-12-12
V02144,C00072,P0414,5,2024-12-12
V02145,C00047,P0257,4,2026-06-24
V02146,C02223,P0201,4,2025-06-12
V02147,C01856,P0476,5,2024-11-03
V02148,C01907,P0266,5,2025-02-06
V02149,C00422,P0335,5,2025-04-09
V02150,C02843,P0396,1,2024-08-25
V02151,C01878,P0233,5,2026-06-16
V02152,C02748,P0298,2,2024-10-29
V02153,C04088,P0427,4,2025-10-12
V02154,C04210,P0056,4,2025-06-09
V02155,C02842,P0381,3,2026-06-14
V02156,C03840,P0260,5,2025-06-09
V02157,C01753,P0339,4,2025-01-05
V02158,C03034,P0134,5,2026-04-01
V02159,C04251,P0331,5,2024-12-30
V02160,C04014,P0066,4,2025-10-02
V02161,C02268,P0188,4,2025-09-08
V02162,C00782,P0283,5,2024-07-26
V02163,C04219,P0366,5,2025-06-04
V02164,C04822,P0307,5,2024-12-15
V02165,C02604,P0096,4,2024-07-02
V02166,C04185,P0381,4,2024-09-01
V02167,C02596,P0285,4,2025-10-27
V02168,C00934,P0416,4,2025-03-17
V02169,C04757,P0303,4,2025-08-18
V02170,C00247,P0261,5,2024-12-29
V02171,C04042,P0342,3,2025-03-07
V02172,C04803,P0434,5,2025-03-02
V02173,C02860,P0107,5,2025-03-05
V02174,C00164,P0348,4,2025-06-26
V02175,C03317,P0190,5,2024-11-01
V02176,C00366,P0114,2,2025-04-28
V02177,C04278,P0279,5,2025-01-12
V02178,C01751,P0170,3,2025-11-07
V02179,C00532,P0150,4,2026-01-12
V02180,C01627,P0155,5,2024-08-12
V02181,C00822,P0376,5,2025-12-15
V02182,C03057,P0097,4,2024-10-21
V02183,C02475,P0439,4,2026-06-09
V02184,C00486,P0370,3,2025-12-12
V02185,C00535,P0404,4,2025-01-19
V02186,C01375,P0087,5,2025-08-30
V02187,C00063,P0096,3,2025-10-16
V02188,C02934,P0335,2,2026-05-31
V02189,C00280,P0367,4,2025-04-10
V02190,C03424,P0391,4,2025-11-11
V02191,C04542,P0354,5,2025-11-26
V02192,C02246,P0448,3,2025-05-01
V02193,C03927,P0191,4,2025-06-18
V02194,C04314,P0303,4,2025-04-14
V02195,C02468,P0414,5,2024-07-21
V02196,C00265,P0379,4,2025-05-03
V02197,C03906,P0201,4,2024-11-26
V02198,C01546,P0049,4,2025-11-29
V02199,C04730,P0110,2,2025-09-24
V02200,C02532,P0268,5,2026-02-19
V02201,C03038,P0269,4,2024-09-06
V02202,C03647,P0135,5,2024-12-23
V02203,C00728,P0080,4,2025-04-06
V02204,C02441,P0209,5,2026-06-23
V02205,C03593,P0490,5,2026-04-28
V02206,C04085,P0215,4,2025-07-18
V02207,C04071,P0027,1,2026-04-19
V02208,C03436,P0082,3,2024-12-17
V02209,C01067,P0148,5,2024-07-28
V02210,C00067,P0294,4,2024-11-04
V02211,C03442,P0206,1,2024-12-21
V02212,C04034,P0139,3,2025-08-18
V02213,C01786,P0216,4,2025-07-20
V02214,C04270,P0164,4,2026-04-18
V02215,C01548,P0440,2,2026-05-23
V02216,C03497,P0433,3,2024-08-10
V02217,C02076,P0328,2,2024-09-11
V02218,C03895,P0290,3,2024-07-02
V02219,C02505,P0474,4,2026-05-15
V02220,C02030,P0149,5,2025-10-14
V02221,C00212,P0125,4,2026-01-22
V02222,C00628,P0227,5,2026-04-14
V02223,C03146,P0044,5,2025-11-26
V02224,C01809,P0306,1,2025-04-20
V02225,C01796,P0248,4,2024-12-08
V02226,C02075,P0034,4,2024-12-05
V02227,C03475,P0308,5,2026-03-06
V02228,C04332,P0389,4,2024-10-26
V02229,C01770,P0099,4,2026-06-26
V02230,C02454,P0126,5,2026-04-19
V02231,C01386,P0450,4,2024-10-12
V02232,C04070,P0395,3,2024-10-28
V02233,C04608,P0368,3,2024-12-26
V02234,C01266,P0303,5,2025-12-16
V02235,C02483,P0345,5,2025-06-13
V02236,C01242,P0208,3,2024-08-19
V02237,C01799,P0227,5,2025-10-25
V02238,C04400,P0288,5,2024-08-25
V02239,C03188,P0251,5,2024-12-01
V02240,C02603,P0232,3,2026-06-08
V02241,C03027,P0398,3,2024-10-02
V02242,C00196,P0028,5,2024-07-28
V02243,C01268,P0007,5,2024-08-30
V02244,C03946,P0238,3,2025-01-04
V02245,C02406,P0426,4,2025-07-12
V02246,C03600,P0491,3,2025-07-11
V02247,C01620,P0066,5,2025-06-28
V02248,C00021,P0062,3,2024-11-10
V02249,C01158,P0395,5,2026-05-10
V02250,C00649,P0109,5,2025-08-11
V02251,C04084,P0370,3,2026-04-12
V02252,C00199,P0203,1,2026-03-22
V02253,C02154,P0455,5,2025-07-27
V02254,C00316,P0279,4,2025-01-16
V02255,C00000,P0058,3,2026-06-12
V02256,C00938,P0462,3,2025-09-03
V02257,C04385,P0196,5,2026-02-21
V02258,C00483,P0005,4,2025-08-08
V02259,C04842,P0244,5,2025-03-21
V02260,C00367,P0274,4,2025-04-16
V02261,C04916,P0125,3,2025-08-14
V02262,C02426,P0021,3,2024-08-31
V02263,C01366,P0206,3,2025-10-02
V02264,C01258,P0347,3,2025-12-18
V02265,C01131,P0035,4,2025-12-26
V02266,C01584,P0306,3,2026-01-26
V02267,C01781,P0002,4,2024-10-09
V02268,C01976,P0062,3,2025-09-04
V02269,C01247,P0006,2,2026-02-18
V02270,C02648,P0225,3,2024-07-13
V02271,C04978,P0464,3,2025-03-01
V02272,C01490,P0124,3,2025-01-12
V02273,C04220,P0272,5,2024-11-07
V02274,C03516,P0029,2,2025-06-17
V02275,C02479,P0069,2,2026-01-05
V02276,C01533,P0454,4,2024-07-05
V02277,C00748,P0468,5,2026-01-09
V02278,C01436,P0211,3,2025-07-04
V02279,C03406,P0348,3,2026-02-13
V02280,C04134,P0190,3,2024-09-05
V02281,C01527,P0493,5,2025-04-29
V02282,C04045,P0395,3,2026-01-16
V02283,C00678,P0495,4,2026-01-17
V02284,C03525,P0242,5,2025-11-14
V02285,C03333,P0488,3,2025-02-09
V02286,C03408,P0377,1,2026-04-01
V02287,C00924,P0055,4,2025-12-07
V02288,C00618,P0416,4,2025-06-11
V02289,C00951,P0409,5,2025-01-06
V02290,C02878,P0474,5,2026-02-17
V02291,C04308,P0302,4,2024-09-26
V02292,C02587,P0373,1,2026-01-17
V02293,C00548,P0348,5,2026-01-12
V02294,C00850,P0325,5,2025-05-19
V02295,C04737,P0159,5,2026-03-17
V02296,C00068,P0110,3,2024-08-25
V02297,C00793,P0156,4,2025-05-14
V02298,C03283,P0414,4,2024-09-02
V02299,C04577,P0488,4,2025-03-16
V02300,C04491,P0006,3,2025-01-27
V02301,C03700,P0032,4,2024-07-01
V02302,C03831,P0466,4,2025-09-20
V02303,C04543,P0102,5,2024-10-07
V02304,C01380,P0034,5,2026-05-28
V02305,C04222,P0234,4,2024-09-23
V02306,C03364,P0313,5,2026-04-24
V02307,C02504,P0189,2,2024-07-28
V02308,C00368,P0436,3,2025-11-04
V02309,C01032,P0423,5,2025-07-17
V02310,C00937,P0100,5,2025-12-06
V02311,C01338,P0067,2,2025-04-09
V02312,C00116,P0263,5,2024-10-09
V02313,C04453,P0388,3,2025-06-02
V02314,C03083,P0424,3,2025-07-05
V02315,C03566,P0412,5,2024-10-12
V02316,C02866,P0258,5,2024-12-18
V02317,C04248,P0162,5,2025-11-24
V02318,C00513,P0148,5,2026-04-14
V02319,C04366,P0282,4,2024-12-20
V02320,C03713,P0280,3,2025-12-17
V02321,C02071,P0005,5,2026-04-24
V02322,C03253,P0299,4,2025-04-17
V02323,C03707,P0305,5,2024-11-19
V02324,C03883,P0135,5,2025-11-11
V02325,C01813,P0154,5,2025-07-30
V02326,C00533,P0378,5,2025-02-04
V02327,C04331,P0312,5,2024-12-29
V02328,C00733,P0415,5,2025-01-24
V02329,C04747,P0099,5,2025-11-08
V02330,C04134,P0094,5,2025-09-12
V02331,C04186,P0138,2,2025-04-15
V02332,C02769,P0176,5,2024-09-13
V02333,C00193,P0194,5,2024-11-05
V02334,C01009,P0440,4,2026-03-26
V02335,C03241,P0325,5,2025-11-14
V02336,C01215,P0293,4,2024-08-20
V02337,C00665,P0145,3,2025-03-06
V02338,C00099,P0476,1,2026-02-04
V02339,C02902,P0332,4,2025-10-11
V02340,C03088,P0448,3,2026-03-27
V02341,C02740,P0282,5,2024-07-12
V02342,C00986,P0009,5,2026-06-21
V02343,C04900,P0356,5,2025-02-20
V02344,C02817,P0321,3,2025-04-23
V02345,C02602,P0462,4,2024-12-25
V02346,C01659,P0183,5,2025-12-26
V02347,C00806,P0262,1,2025-07-13
V02348,C00523,P0454,4,2024-12-16
V02349,C01209,P0240,5,2025-04-29
V02350,C00905,P0209,3,2025-09-09
V02351,C03976,P0006,4,2025-08-14
V02352,C04735,P0363,4,2025-02-02
V02353,C01031,P0157,5,2025-09-19
V02354,C03706,P0073,3,2024-10-05
V02355,C02002,P0375,3,2024-09-21
V02356,C01061,P0177,3,2025-03-31
V02357,C00380,P0302,5,2024-09-08
V02358,C04436,P0492,5,2026-01-04
V02359,C02522,P0146,4,2024-08-03
V02360,C00005,P0488,5,2025-11-02
V02361,C04570,P0047,5,2025-07-31
V02362,C04004,P0008,5,2026-04-22
V02363,C03809,P0343,4,2025-03-02
V02364,C03531,P0493,3,2025-03-26
V02365,C01056,P0092,3,2026-03-25
V02366,C03575,P0038,5,2024-10-15
V02367,C04407,P0139,2,2024-10-03
V02368,C01062,P0473,5,2026-04-26
V02369,C03744,P0238,5,2025-02-08
V02370,C02253,P0251,5,2025-07-21
V02371,C01378,P0079,5,2024-11-14
V02372,C01358,P0163,5,2025-07-19
V02373,C01338,P0414,5,2024-08-31
V02374,C01886,P0037,4,2026-03-28
V02375,C04914,P0290,5,2026-02-15
V02376,C00621,P0189,2,2025-11-08
V02377,C00990,P0267,5,2026-03-12
V02378,C04373,P0301,3,2025-01-04
V02379,C03384,P0235,4,2025-01-06
V02380,C03301,P0307,5,2026-03-28
V02381,C00189,P0192,5,2026-05-14
V02382,C04109,P0463,5,2025-07-28
V02383,C02655,P0128,4,2024-07-14
V02384,C00563,P0476,4,2025-04-06
V02385,C04505,P0099,4,2025-02-17
V02386,C02948,P0340,5,2024-12-21
V02387,C01830,P0127,5,2025-08-28
V02388,C04651,P0242,5,2024-12-13
V02389,C00169,P0098,5,2026-01-17
V02390,C04316,P0400,2,2026-04-10
V02391,C02437,P0027,5,2024-10-03
V02392,C02936,P0354,5,2025-05-31
V02393,C04339,P0385,5,2026-04-08
V02394,C02135,P0499,4,2025-12-03
V02395,C00357,P0464,5,2026-05-28
V02396,C04362,P0018,4,2025-10-23
V02397,C03698,P0266,4,2026-02-01
V02398,C02754,P0134,5,2025-06-05
V02399,C00877,P0382,4,2025-06-28
V02400,C02546,P0225,4,2025-05-18
V02401,C03159,P0270,3,2024-08-28
V02402,C04269,P0054,4,2024-07-07
V02403,C03998,P0273,2,2026-01-31
V02404,C01750,P0207,1,2026-02-25
V02405,C01760,P0014,5,2026-03-03
V02406,C02695,P0052,5,2025-03-31
V02407,C01348,P0143,4,2024-12-14
V02408,C02038,P0332,3,2025-07-09
V02409,C00732,P0216,5,2025-02-11
V02410,C01888,P0115,5,2025-05-01
V02411,C00302,P0446,3,2024-12-25
V02412,C01726,P0368,5,2024-08-04
V02413,C04516,P0360,4,2026-02-11
V02414,C00389,P0395,5,2025-01-16
V02415,C01085,P0095,4,2024-07-06
V02416,C01600,P0428,3,2024-09-28
V02417,C03095,P0375,4,2025-12-25
V02418,C00409,P0398,3,2025-05-02
V02419,C04993,P0028,3,2024-07-10
V02420,C02366,P0164,5,2025-09-05
V02421,C02625,P0203,4,2025-02-12
V02422,C01135,P0200,5,2026-01-31
V02423,C03558,P0365,5,2025-12-15
V02424,C00180,P0391,4,2025-03-06
V02425,C03919,P0017,5,2024-10-26
V02426,C01739,P0231,5,2025-04-12
V02427,C03472,P0292,3,2025-07-10
V02428,C01154,P0440,5,2025-08-12
V02429,C03272,P0179,4,2024-12-28
V02430,C00244,P0132,4,2026-03-01
V02431,C02603,P0376,3,2024-07-25
V02432,C02846,P0495,3,2026-03-20
V02433,C03394,P0008,3,2025-09-14
V02434,C02565,P0290,5,2025-06-04
V02435,C00509,P0380,5,2025-03-24
V02436,C03823,P0245,4,2024-09-25
V02437,C00284,P0318,4,2026-04-25
V02438,C03516,P0385,5,2025-11-16
V02439,C02070,P0390,4,2024-12-23
V02440,C00830,P0226,4,2025-02-04
V02441,C04466,P0499,4,2026-05-08
V02442,C01663,P0322,2,2025-07-16
V02443,C02990,P0042,4,2025-01-22
V02444,C00962,P0435,3,2026-01-11
V02445,C03809,P0177,2,2024-08-14
V02446,C00592,P0070,5,2024-12-05
V02447,C04839,P0438,5,2024-09-13
V02448,C03028,P0163,5,2025-06-02
V02449,C04342,P0377,5,2026-01-14
V02450,C02603,P0365,5,2025-09-29
V02451,C02283,P0416,5,2025-02-14
V02452,C00617,P0341,5,2026-01-31
V02453,C01689,P0464,5,2025-02-08
V02454,C01387,P0497,5,2025-09-18
V02455,C01186,P0027,5,2025-08-08
V02456,C04579,P0408,3,2026-01-08
V02457,C04312,P0159,4,2025-12-01
V02458,C01283,P0433,3,2026-03-05
V02459,C02352,P0438,4,2026-06-20
V02460,C01947,P0173,4,2025-10-16
V02461,C03921,P0470,2,2024-08-26
V02462,C03358,P0337,2,2026-03-23
V02463,C00485,P0121,5,2025-04-25
V02464,C02626,P0085,4,2025-03-25
V02465,C03994,P0284,3,2024-08-09
V02466,C02061,P0029,3,2026-06-22
V02467,C01195,P0010,4,2026-02-05
V02468,C01437,P0362,5,2026-04-22
V02469,C03129,P0449,3,2025-05-06
V02470,C04407,P0020,4,2025-12-30
V02471,C02051,P0410,4,2024-08-30
V02472,C04621,P0132,4,2025-07-08
V02473,C02569,P0336,3,2024-07-31
V02474,C04613,P0198,3,2026-05-27
V02475,C02105,P0300,5,2024-11-23
V02476,C00432,P0046,5,2026-01-09
V02477,C00359,P0267,1,2025-04-06
V02478,C00595,P0415,5,2025-01-02
V02479,C02470,P0203,5,2024-10-04
V02480,C02084,P0304,3,2025-05-17
V02481,C02949,P0460,3,2026-02-09
V02482,C03437,P0015,5,2025-12-14
V02483,C02537,P0116,4,2026-05-06
V02484,C00844,P0202,5,2025-08-02
V02485,C04959,P0103,4,2024-11-03
V02486,C00488,P0445,4,2025-01-21
V02487,C03994,P0029,5,2025-03-22
V02488,C03403,P0354,3,2026-05-23
V02489,C04716,P0468,3,2025-01-11
V02490,C03861,P0156,3,2024-08-24
V02491,C00249,P0051,4,2025-04-19
V02492,C00447,P0046,2,2025-03-13
V02493,C01215,P0036,5,2026-03-26
V02494,C04563,P0281,5,2025-06-28
V02495,C02190,P0316,4,2024-10-30
V02496,C01098,P0269,1,2025-08-27
V02497,C01797,P0085,5,2026-04-22
V02498,C03941,P0111,2,2026-02-28
V02499,C01375,P0439,4,2025-09-09
V02500,C01359,P0219,4,2025-11-03
V02501,C02216,P0323,4,2025-06-18
V02502,C02099,P0204,5,2024-11-20
V02503,C04632,P0036,4,2024-11-19
V02504,C02207,P0455,5,2024-09-27
V02505,C01554,P0082,5,2025-04-10
V02506,C03494,P0025,5,2026-02-15
V02507,C03446,P0389,5,2024-07-23
V02508,C01057,P0474,4,2026-05-18
V02509,C04316,P0456,4,2026-04-01
V02510,C01087,P0485,3,2026-05-19
V02511,C02214,P0081,5,2026-06-02
V02512,C00020,P0288,3,2026-05-04
V02513,C01334,P0216,4,2024-12-18
V02514,C01599,P0402,5,2026-05-20
V02515,C01827,P0016,4,2025-08-28
V02516,C02845,P0038,3,2025-05-19
V02517,C02776,P0471,3,2025-01-08
V02518,C04327,P0210,1,2025-09-11
V02519,C01238,P0408,5,2024-09-24
V02520,C03702,P0071,4,2025-07-29
V02521,C00363,P0473,5,2025-04-10
V02522,C03704,P0100,1,2025-12-18
V02523,C00062,P0415,4,2026-04-16
V02524,C01502,P0210,2,2026-02-16
V02525,C00135,P0271,3,2025-06-28
V02526,C02496,P0083,5,2025-04-30
V02527,C01585,P0495,5,2025-08-22
V02528,C02534,P0252,3,2024-09-12
V02529,C04742,P0095,3,2025-02-02
V02530,C03978,P0319,5,2025-10-09
V02531,C01924,P0468,5,2025-08-15
V02532,C04879,P0452,5,2025-03-06
V02533,C00982,P0427,2,2025-07-10
V02534,C03659,P0102,5,2026-02-18
V02535,C01173,P0277,4,2024-07-28
V02536,C02490,P0402,4,2026-04-13
V02537,C01394,P0366,5,2025-09-18
V02538,C04298,P0260,4,2025-09-28
V02539,C00558,P0368,2,2026-04-24
V02540,C03978,P0138,4,2025-01-02
V02541,C00763,P0331,4,2025-12-05
V02542,C01429,P0095,3,2025-03-02
V02543,C04646,P0429,4,2025-02-26
V02544,C02034,P0316,2,2025-01-15
V02545,C00881,P0011,4,2025-03-10
V02546,C03479,P0393,5,2024-09-01
V02547,C02936,P0085,5,2024-11-05
V02548,C03715,P0037,3,2025-08-13
V02549,C03374,P0378,4,2024-07-17
V02550,C01892,P0099,5,2024-11-15
V02551,C02134,P0196,4,2024-11-23
V02552,C01600,P0289,3,2024-12-21
V02553,C02993,P0025,5,2025-11-27
V02554,C04094,P0333,1,2025-07-20
V02555,C02834,P0036,2,2026-05-04
V02556,C00346,P0354,5,2024-09-11
V02557,C04991,P0494,5,2024-10-11
V02558,C04625,P0436,4,2025-04-08
V02559,C00743,P0237,4,2025-05-04
V02560,C03700,P0342,3,2024-10-25
V02561,C03923,P0087,3,2025-05-04
V02562,C04109,P0471,3,2025-02-26
V02563,C02504,P0144,5,2025-03-23
V02564,C04221,P0192,4,2025-06-21
V02565,C04937,P0087,4,2026-01-13
V02566,C03937,P0216,4,2026-02-10
V02567,C02468,P0231,4,2025-01-24
V02568,C01975,P0464,3,2024-12-21
V02569,C03948,P0040,4,2024-10-15
V02570,C00879,P0169,5,2025-01-23
V02571,C03422,P0095,3,2025-01-27
V02572,C00953,P0393,5,2025-08-05
V02573,C03729,P0448,5,2025-06-22
V02574,C04463,P0341,3,2026-04-18
V02575,C04798,P0372,5,2026-03-08
V02576,C01275,P0054,5,2025-11-11
V02577,C00576,P0051,4,2024-10-31
V02578,C02251,P0057,5,2026-04-18
V02579,C02993,P0462,4,2025-08-09
V02580,C04630,P0271,3,2025-09-28
V02581,C03013,P0374,3,2026-04-22
V02582,C04276,P0295,5,2025-04-29
V02583,C02003,P0493,5,2025-08-03
V02584,C01547,P0400,5,2025-10-16
V02585,C02637,P0275,5,2025-09-13
V02586,C01277,P0299,5,2026-02-20
V02587,C02148,P0170,4,2024-08-05
V02588,C00520,P0132,5,2024-09-13
V02589,C01937,P0363,5,2026-01-29
V02590,C02144,P0097,3,2025-05-27
V02591,C04508,P0047,4,2025-07-02
V02592,C02494,P0129,5,2024-08-07
V02593,C02628,P0019,4,2024-07-26
V02594,C04548,P0112,5,2025-06-27
V02595,C00978,P0222,3,2025-09-11
V02596,C01051,P0039,4,2024-11-12
V02597,C02035,P0349,5,2025-04-13
V02598,C02851,P0299,4,2025-03-05
V02599,C00902,P0240,2,2026-02-27
V02600,C01373,P0317,3,2025-02-28
V02601,C03544,P0102,1,2026-02-19
V02602,C04585,P0159,5,2024-07-15
V02603,C00784,P0028,5,2026-04-05
V02604,C03221,P0226,4,2024-12-12
V02605,C02413,P0107,5,2026-02-09
V02606,C00222,P0298,3,2025-12-16
V02607,C02094,P0175,4,2025-04-20
V02608,C03897,P0090,5,2024-07-31
V02609,C02312,P0277,3,2026-04-02
V02610,C04076,P0434,5,2025-01-16
V02611,C01996,P0067,3,2025-01-14
V02612,C03926,P0138,4,2024-11-10
V02613,C03933,P0105,4,2026-02-17
V02614,C00422,P0341,3,2025-09-25
V02615,C00000,P0031,5,2026-01-07
V02616,C04750,P0266,4,2024-09-21
V02617,C04983,P0382,3,2026-02-12
V02618,C04364,P0032,5,2026-02-22
V02619,C03389,P0479,2,2025-03-21
V02620,C00189,P0499,4,2025-11-26
V02621,C02563,P0218,4,2025-04-10
V02622,C00449,P0326,5,2024-09-24
V02623,C03865,P0193,2,2025-06-16
V02624,C02023,P0354,3,2025-02-03
V02625,C02754,P0297,3,2025-05-05
V02626,C01517,P0347,4,2025-05-04
V02627,C00683,P0086,5,2025-11-02
V02628,C02438,P0223,4,2025-04-03
V02629,C04407,P0463,4,2024-07-03
V02630,C02547,P0241,3,2026-02-17
V02631,C02478,P0105,5,2025-02-18
V02632,C00549,P0197,4,2025-07-05
V02633,C00773,P0128,5,2026-06-26
V02634,C01788,P0074,5,2024-12-18
V02635,C00632,P0177,4,2025-05-22
V02636,C02293,P0066,5,2024-11-08
V02637,C02703,P0022,4,2026-01-06
V02638,C03284,P0213,5,2025-12-23
V02639,C02244,P0264,4,2026-05-04
V02640,C00348,P0309,4,2025-02-02
V02641,C03715,P0007,5,2026-01-23
V02642,C02394,P0205,3,2026-04-24
V02643,C04185,P0010,5,2024-10-22
V02644,C02483,P0356,5,2025-08-17
V02645,C00220,P0008,3,2025-08-28
V02646,C00821,P0367,4,2024-09-19
V02647,C01431,P0119,5,2025-02-11
V02648,C01516,P0151,3,2026-02-23
V02649,C00552,P0049,2,2025-06-06
V02650,C00065,P0376,5,2025-06-20
V02651,C00436,P0372,3,2025-12-15
V02652,C00547,P0109,5,2025-01-04
V02653,C01502,P0068,1,2025-07-29
V02654,C03276,P0091,4,2025-01-11
V02655,C03614,P0494,3,2026-05-17
V02656,C01779,P0440,3,2025-05-10
V02657,C02325,P0494,5,2024-08-25
V02658,C04279,P0357,2,2026-05-20
V02659,C00203,P0387,5,2024-08-29
V02660,C04480,P0391,4,2025-05-09
V02661,C04775,P0064,5,2024-12-28
V02662,C01700,P0062,5,2024-08-31
V02663,C02434,P0018,4,2026-04-12
V02664,C01710,P0496,3,2026-05-01
V02665,C02340,P0407,5,2026-03-07
V02666,C04835,P0322,5,2026-02-23
V02667,C01299,P0015,5,2024-11-02
V02668,C00798,P0304,5,2026-06-02
V02669,C02329,P0144,2,2024-12-03
V02670,C01619,P0032,5,2025-03-23
V02671,C04832,P0055,5,2024-09-23
V02672,C04737,P0362,4,2024-09-25
V02673,C03053,P0229,5,2024-10-15
V02674,C02552,P0419,5,2026-06-07
V02675,C04814,P0312,3,2026-05-24
V02676,C01642,P0258,5,2025-04-29
V02677,C04475,P0256,3,2024-12-14
V02678,C03044,P0106,5,2024-07-22
V02679,C00506,P0421,4,2024-12-20
V02680,C03042,P0159,5,2024-09-26
V02681,C04296,P0297,5,2024-11-05
V02682,C04292,P0014,2,2026-02-08
V02683,C00062,P0109,1,2025-02-16
V02684,C03324,P0120,1,2024-10-22
V02685,C03924,P0214,4,2026-03-12
V02686,C00885,P0330,5,2025-06-10
V02687,C01244,P0391,1,2025-09-24
V02688,C04603,P0427,4,2025-08-03
V02689,C00471,P0493,5,2025-01-30
V02690,C04927,P0328,5,2026-02-12
V02691,C04696,P0021,5,2026-04-11
V02692,C03033,P0058,2,2025-07-30
V02693,C01250,P0035,4,2025-04-24
V02694,C00629,P0042,4,2024-12-06
V02695,C03539,P0476,5,2025-07-12
V02696,C00526,P0278,5,2024-10-25
V02697,C03319,P0336,5,2025-02-12
V02698,C00449,P0442,5,2024-07-09
V02699,C02491,P0466,4,2025-04-18
V02700,C01044,P0235,3,2025-08-12
V02701,C02166,P0294,5,2025-12-19
V02702,C04508,P0012,3,2025-11-19
V02703,C00983,P0233,4,2025-05-09
V02704,C01572,P0472,5,2026-03-31
V02705,C00955,P0156,3,2025-05-16
V02706,C00000,P0166,5,2024-12-08
V02707,C02051,P0013,5,2024-08-24
V02708,C02221,P0228,5,2026-01-01
V02709,C03400,P0263,4,2026-04-06
V02710,C02575,P0419,4,2025-07-31
V02711,C01528,P0231,4,2026-01-30
V02712,C01342,P0486,4,2025-07-15
V02713,C03143,P0402,4,2024-07-02
V02714,C04294,P0475,5,2025-10-31
V02715,C03362,P0101,4,2025-04-24
V02716,C03828,P0196,3,2026-03-04
V02717,C00688,P0026,5,2026-04-13
V02718,C04029,P0275,3,2026-06-29
V02719,C04695,P0039,4,2025-02-23
V02720,C00566,P0450,5,2025-06-28
V02721,C01658,P0257,5,2026-04-06
V02722,C00013,P0425,3,2025-07-03
V02723,C00147,P0498,2,2025-10-21
V02724,C02236,P0427,3,2025-07-08
V02725,C03013,P0201,3,2024-12-05
V02726,C04078,P0278,5,2025-05-13
V02727,C00311,P0456,4,2026-05-31
V02728,C04372,P0287,3,2026-03-27
V02729,C03370,P0116,1,2024-12-08
V02730,C01288,P0424,2,2026-04-28
V02731,C02265,P0142,3,2025-02-21
V02732,C04630,P0158,5,2024-10-17
V02733,C04822,P0190,3,2024-08-24
V02734,C03364,P0478,5,2024-10-17
V02735,C02763,P0117,5,2026-04-25
V02736,C02693,P0107,3,2025-08-10
V02737,C00720,P0453,4,2024-07-30
V02738,C04032,P0179,4,2024-08-24
V02739,C00618,P0015,4,2025-04-23
V02740,C04593,P0385,4,2026-03-27
V02741,C00975,P0253,5,2026-01-24
V02742,C03957,P0419,4,2025-07-22
V02743,C03518,P0488,2,2024-10-04
V02744,C00856,P0359,3,2026-03-24
V02745,C03062,P0249,4,2025-07-22
V02746,C01670,P0493,4,2026-05-05
V02747,C02671,P0093,5,2025-10-13
V02748,C03353,P0484,5,2026-05-20
V02749,C04280,P0138,2,2025-08-08
V02750,C00845,P0401,5,2026-06-08
V02751,C01453,P0463,5,2024-09-21
V02752,C02272,P0447,4,2025-05-02
V02753,C02550,P0062,5,2025-01-31
V02754,C04800,P0289,5,2024-10-28
V02755,C04859,P0366,5,2024-08-28
V02756,C01800,P0384,5,2024-10-07
V02757,C04574,P0312,3,2025-04-11
V02758,C01422,P0055,4,2026-03-26
V02759,C02120,P0446,3,2024-11-30
V02760,C02379,P0397,3,2026-04-01
V02761,C01718,P0493,5,2024-09-04
V02762,C01733,P0033,5,2025-02-05
V02763,C00246,P0112,5,2024-10-03
V02764,C02978,P0123,2,2025-05-11
V02765,C01249,P0140,4,2024-09-20
V02766,C04407,P0453,4,2024-11-19
V02767,C00418,P0120,4,2025-02-05
V02768,C04243,P0118,2,2024-09-01
V02769,C04185,P0316,4,2026-06-25
V02770,C02883,P0322,5,2025-10-31
V02771,C04353,P0143,5,2025-03-19
V02772,C00211,P0063,4,2024-11-26
V02773,C04786,P0470,3,2024-09-17
V02774,C04982,P0413,2,2026-05-14
V02775,C00492,P0400,4,2026-02-06
V02776,C02659,P0381,5,2026-05-14
V02777,C04593,P0011,4,2025-04-26
V02778,C01845,P0364,3,2025-01-09
V02779,C03692,P0249,5,2024-12-27
V02780,C01333,P0383,4,2026-03-18
V02781,C02035,P0074,4,2024-11-27
V02782,C02012,P0034,5,2025-03-29
V02783,C04231,P0420,5,2025-08-18
V02784,C02336,P0080,4,2026-03-04
V02785,C01813,P0032,4,2025-09-29
V02786,C00383,P0012,5,2025-09-15
V02787,C03589,P0035,4,2026-02-07
V02788,C04974,P0152,4,2026-04-15
V02789,C03751,P0234,4,2025-07-31
V02790,C03019,P0436,4,2025-11-01
V02791,C03787,P0197,5,2024-12-24
V02792,C01491,P0385,5,2025-06-14
V02793,C02643,P0130,3,2024-10-25
V02794,C04561,P0475,4,2024-12-06
V02795,C04091,P0288,5,2026-06-02
V02796,C01531,P0285,3,2024-09-04
V02797,C00486,P0283,5,2025-03-26
V02798,C04431,P0062,5,2026-01-22
V02799,C01237,P0402,5,2025-09-23
V02800,C01376,P0063,5,2025-09-28
V02801,C04393,P0274,4,2024-11-25
V02802,C00976,P0041,4,2025-11-19
V02803,C02824,P0493,5,2026-06-24
V02804,C03266,P0038,4,2026-02-27
V02805,C01712,P0269,4,2026-03-02
V02806,C04355,P0219,4,2024-12-21
V02807,C04494,P0373,5,2024-07-13
V02808,C02813,P0350,5,2026-03-03
V02809,C00762,P0052,2,2025-09-28
V02810,C00082,P0379,5,2026-06-20
V02811,C02370,P0370,3,2024-09-17
V02812,C04822,P0256,5,2026-01-12
V02813,C02818,P0452,4,2026-06-27
V02814,C00611,P0434,5,2024-12-14
V02815,C03215,P0194,5,2025-08-26
V02816,C00299,P0440,5,2024-11-13
V02817,C02170,P0499,4,2024-10-20
V02818,C02313,P0142,4,2024-10-29
V02819,C01807,P0283,4,2024-08-08
V02820,C02748,P0169,5,2025-09-05
V02821,C01703,P0119,4,2025-11-23
V02822,C03011,P0157,4,2025-11-03
V02823,C04052,P0113,5,2024-12-11
V02824,C04350,P0297,3,2025-07-30
V02825,C04172,P0168,4,2026-05-14
V02826,C01320,P0136,5,2024-12-09
V02827,C03389,P0211,3,2025-03-30
V02828,C01963,P0254,5,2025-01-21
V02829,C04262,P0092,4,2025-01-11
V02830,C01855,P0013,5,2025-02-13
V02831,C04029,P0273,3,2025-12-03
V02832,C03613,P0455,4,2026-02-01
V02833,C01851,P0417,3,2026-05-19
V02834,C02668,P0078,4,2025-05-27
V02835,C04360,P0478,4,2025-12-23
V02836,C02995,P0457,3,2025-08-02
V02837,C00692,P0186,4,2026-02-06
V02838,C00670,P0439,5,2025-11-05
V02839,C01892,P0359,4,2025-07-29
V02840,C04499,P0233,3,2024-09-19
V02841,C02393,P0477,5,2026-01-17
V02842,C04886,P0179,4,2025-05-12
V02843,C01430,P0329,4,2026-04-26
V02844,C02754,P0493,5,2024-11-11
V02845,C02132,P0120,4,2026-01-23
V02846,C02037,P0238,3,2025-01-04
V02847,C03528,P0026,5,2024-12-31
V02848,C04628,P0464,4,2026-02-05
V02849,C00598,P0034,5,2025-10-11
V02850,C00437,P0484,4,2025-04-28
V02851,C01857,P0395,4,2024-07-04
V02852,C00093,P0048,5,2025-02-16
V02853,C00067,P0255,5,2026-04-13
V02854,C03910,P0267,4,2025-10-04
V02855,C01223,P0441,4,2024-09-08
V02856,C04746,P0225,5,2025-06-25
V02857,C02083,P0214,1,2025-11-11
V02858,C00182,P0403,5,2024-09-09
V02859,C02315,P0370,1,2024-12-04
V02860,C03202,P0000,5,2025-08-01
V02861,C03005,P0036,4,2025-08-14
V02862,C02629,P0021,4,2026-05-08
V02863,C01015,P0067,5,2025-07-31
V02864,C03305,P0425,5,2025-06-29
V02865,C04541,P0166,5,2024-12-26
V02866,C01130,P0378,4,2025-02-12
V02867,C02598,P0044,5,2026-01-21
V02868,C03214,P0354,5,2026-06-24
V02869,C01116,P0458,1,2025-11-22
V02870,C04148,P0433,5,2026-02-22
V02871,C02292,P0335,5,2024-08-19
V02872,C04973,P0400,2,2025-01-31
V02873,C02628,P0494,4,2025-09-15
V02874,C03822,P0283,5,2024-11-06
V02875,C04032,P0377,5,2025-01-25
V02876,C04174,P0202,4,2026-03-28
V02877,C03549,P0328,4,2026-05-19
V02878,C04463,P0485,4,2025-09-23
V02879,C00209,P0185,4,2024-10-29
V02880,C03143,P0322,5,2024-12-22
V02881,C04547,P0311,5,2026-03-20
V02882,C01553,P0487,1,2025-03-22
V02883,C04405,P0338,5,2026-05-04
V02884,C01490,P0058,4,2024-07-18
V02885,C04049,P0356,3,2026-02-03
V02886,C04817,P0270,2,2025-01-22
V02887,C02348,P0400,4,2025-10-15
V02888,C02792,P0413,5,2025-09-15
V02889,C00570,P0252,5,2026-02-21
V02890,C04557,P0211,2,2026-03-23
V02891,C01093,P0020,2,2025-05-30
V02892,C03755,P0428,5,2024-08-10
V02893,C02110,P0234,5,2026-03-06
V02894,C04205,P0041,5,2026-04-27
V02895,C00273,P0015,3,2025-09-21
V02896,C04332,P0405,4,2025-04-22
V02897,C01640,P0458,3,2025-08-30
V02898,C02264,P0008,5,2025-01-10
V02899,C00611,P0308,2,2026-05-10
V02900,C04160,P0230,5,2024-11-26
V02901,C01038,P0421,3,2026-02-14
V02902,C02121,P0122,5,2025-02-01
V02903,C04014,P0265,5,2024-09-16
V02904,C03026,P0266,5,2025-11-21
V02905,C04706,P0404,4,2024-12-20
V02906,C00634,P0241,3,2025-06-03
V02907,C03092,P0252,5,2025-05-04
V02908,C02035,P0199,4,2025-09-04
V02909,C01769,P0292,4,2025-10-22
V02910,C03119,P0428,1,2026-05-21
V02911,C02675,P0316,4,2026-05-08
V02912,C01802,P0400,5,2024-07-12
V02913,C04919,P0472,4,2025-11-13
V02914,C02222,P0430,4,2026-06-21
V02915,C01055,P0170,5,2025-03-28
V02916,C03951,P0397,5,2025-02-19
V02917,C03501,P0168,5,2026-02-02
V02918,C04673,P0354,4,2025-02-07
V02919,C01324,P0226,5,2025-12-04
V02920,C04906,P0150,4,2025-08-28
V02921,C00165,P0424,5,2025-07-19
V02922,C00246,P0227,4,2024-12-03
V02923,C00361,P0263,5,2025-12-26
V02924,C03902,P0102,5,2025-05-12
V02925,C01004,P0181,3,2025-12-07
V02926,C03898,P0031,5,2025-09-30
V02927,C02047,P0261,4,2024-07-07
V02928,C01067,P0020,5,2025-01-08
V02929,C00429,P0107,3,2026-02-04
V02930,C02223,P0178,1,2024-10-30
V02931,C02672,P0179,4,2025-01-27
V02932,C04975,P0091,5,2025-03-01
V02933,C02557,P0411,3,2024-07-17
V02934,C02942,P0130,4,2025-03-30
V02935,C01611,P0495,5,2026-04-28
V02936,C00980,P0217,2,2024-11-07
V02937,C02554,P0472,3,2026-04-16
V02938,C04568,P0248,4,2026-03-04
V02939,C02328,P0262,4,2024-12-17
V02940,C01998,P0358,3,2024-08-30
V02941,C03144,P0019,5,2025-10-07
V02942,C00600,P0189,5,2026-01-13
V02943,C04403,P0168,3,2025-10-22
V02944,C01041,P0114,5,2025-08-01
V02945,C01463,P0397,5,2025-12-23
V02946,C03069,P0466,3,2024-12-17
V02947,C02693,P0093,5,2025-03-16
V02948,C04862,P0290,4,2026-02-19
V02949,C04258,P0307,3,2026-01-22
V02950,C00187,P0247,5,2024-08-13
V02951,C01360,P0116,5,2025-07-23
V02952,C01691,P0153,5,2024-08-20
V02953,C03786,P0386,4,2024-12-10
V02954,C03124,P0442,4,2026-05-26
V02955,C02132,P0154,1,2025-12-25
V02956,C00654,P0474,2,2026-06-29
V02957,C00046,P0268,4,2025-08-30
V02958,C04200,P0284,3,2026-03-07
V02959,C04334,P0166,3,2024-07-16
V02960,C00782,P0253,4,2026-06-28
V02961,C02867,P0355,5,2025-01-09
V02962,C00068,P0403,1,2025-02-17
V02963,C04844,P0249,4,2024-12-20
V02964,C01538,P0301,3,2025-07-19
V02965,C03603,P0254,3,2025-08-26
V02966,C03133,P0302,4,2026-02-23
V02967,C03212,P0110,4,2024-11-14
V02968,C03038,P0018,4,2025-10-18
V02969,C03369,P0468,5,2026-03-02
V02970,C00679,P0246,4,2024-10-17
V02971,C04909,P0060,3,2025-03-15
V02972,C03349,P0456,3,2026-02-20
V02973,C02519,P0348,4,2026-03-18
V02974,C02596,P0065,3,2026-01-13
V02975,C02204,P0335,4,2024-07-19
V02976,C01757,P0411,5,2025-03-12
V02977,C01384,P0244,3,2024-08-10
V02978,C04324,P0358,5,2024-12-04
V02979,C02550,P0390,4,2025-12-20
V02980,C01150,P0447,4,2025-09-11
V02981,C02654,P0213,4,2026-01-26
V02982,C04907,P0335,2,2024-07-21
V02983,C03654,P0418,5,2026-01-27
V02984,C03306,P0374,4,2026-04-13
V02985,C02743,P0345,4,2025-09-09
V02986,C04279,P0284,2,2024-11-09
V02987,C02397,P0470,2,2025-11-27
V02988,C04398,P0318,3,2025-06-22
V02989,C04341,P0140,5,2025-10-09
V02990,C04441,P0243,4,2024-12-04
V02991,C01740,P0404,2,2024-10-21
V02992,C00376,P0078,3,2026-01-28
V02993,C03669,P0021,5,2025-03-20
V02994,C01719,P0431,5,2024-08-27
V02995,C03537,P0224,5,2026-04-22
V02996,C04373,P0137,5,2025-11-21
V02997,C01785,P0290,4,2026-06-22
V02998,C00800,P0313,5,2026-04-08
V02999,C03015,P0054,4,2025-05-19
V03000,C04269,P0141,5,2025-06-03
V03001,C01028,P0164,4,2026-05-09
V03002,C02454,P0150,4,2025-03-16
V03003,C00170,P0496,4,2024-11-27
V03004,C02303,P0050,4,2024-09-21
V03005,C02974,P0268,2,2026-01-11
V03006,C02119,P0060,1,2024-08-15
V03007,C01620,P0122,3,2026-05-04
V03008,C00171,P0085,5,2026-02-21
V03009,C03153,P0361,5,2025-06-13
V03010,C04103,P0092,4,2025-09-12
V03011,C00431,P0439,5,2024-09-07
V03012,C04984,P0051,2,2024-11-26
V03013,C02130,P0260,5,2025-02-19
V03014,C00037,P0396,4,2026-01-05
V03015,C00674,P0274,5,2026-04-22
V03016,C04744,P0406,3,2026-04-12
V03017,C01242,P0367,5,2025-03-28
V03018,C03619,P0492,4,2024-10-16
V03019,C01366,P0244,4,2025-04-30
V03020,C03675,P0398,5,2025-08-30
V03021,C03133,P0128,3,2026-04-27
V03022,C01696,P0457,3,2025-05-18
V03023,C04003,P0288,3,2026-03-16
V03024,C02221,P0253,1,2024-12-16
V03025,C02228,P0364,4,2025-01-08
V03026,C02940,P0358,5,2025-07-20
V03027,C03629,P0068,4,2025-01-18
V03028,C04772,P0142,3,2025-04-15
V03029,C00466,P0157,5,2026-01-12
V03030,C01260,P0327,4,2026-02-08
V03031,C02319,P0410,5,2024-09-01
V03032,C04963,P0082,4,2026-03-12
V03033,C03276,P0006,4,2024-08-08
V03034,C03600,P0327,4,2025-08-04
V03035,C01187,P0242,3,2026-06-21
V03036,C04464,P0113,3,2024-09-25
V03037,C04544,P0073,5,2026-06-05
V03038,C02357,P0301,5,2026-06-03
V03039,C01694,P0128,5,2025-09-07
V03040,C04786,P0283,5,2025-11-24
V03041,C01379,P0361,4,2025-03-29
V03042,C00437,P0211,4,2024-07-10
V03043,C04571,P0388,5,2025-07-01
V03044,C02173,P0047,5,2024-09-30
V03045,C03999,P0451,5,2026-05-16
V03046,C00214,P0273,3,2025-02-14
V03047,C03653,P0027,4,2024-12-07
V03048,C03996,P0309,5,2024-12-04
V03049,C02957,P0484,5,2025-07-28
V03050,C03172,P0011,3,2025-06-18
V03051,C00671,P0466,4,2026-04-16
V03052,C03414,P0035,1,2024-12-21
V03053,C00287,P0067,4,2024-09-14
V03054,C00448,P0383,5,2025-11-09
V03055,C04479,P0226,5,2024-11-03
V03056,C03842,P0401,3,2024-10-06
V03057,C03045,P0455,4,2024-07-07
V03058,C03514,P0425,5,2025-10-06
V03059,C00109,P0393,4,2026-02-12
V03060,C01610,P0111,4,2025-07-16
V03061,C04854,P0081,3,2026-02-19
V03062,C04812,P0300,5,2025-06-05
V03063,C01971,P0022,3,2024-11-28
V03064,C03324,P0372,5,2025-10-11
V03065,C00337,P0440,5,2025-11-06
V03066,C03400,P0467,4,2025-05-20
V03067,C02701,P0234,5,2026-05-22
V03068,C02361,P0132,4,2025-09-25
V03069,C01433,P0034,3,2026-06-21
V03070,C00446,P0491,1,2025-11-15
V03071,C03948,P0243,5,2026-06-12
V03072,C03831,P0302,4,2026-06-10
V03073,C02848,P0294,4,2024-12-09
V03074,C01347,P0363,5,2024-09-04
V03075,C02454,P0018,5,2024-08-15
V03076,C02550,P0498,1,2025-07-04
V03077,C04902,P0225,5,2026-05-25
V03078,C00129,P0119,5,2025-07-09
V03079,C02942,P0151,4,2025-04-05
V03080,C01545,P0432,4,2024-12-01
V03081,C03197,P0321,5,2025-04-28
V03082,C00908,P0490,5,2026-06-13
V03083,C04100,P0455,1,2026-03-25
V03084,C00523,P0286,3,2025-11-06
V03085,C03274,P0343,5,2026-05-03
V03086,C03744,P0257,5,2025-08-06
V03087,C01224,P0436,4,2025-03-11
V03088,C04730,P0446,4,2026-01-28
V03089,C04090,P0134,1,2025-04-09
V03090,C02300,P0446,5,2025-02-01
V03091,C03659,P0435,2,2025-01-01
V03092,C03686,P0171,4,2026-02-23
V03093,C01054,P0206,5,2026-02-15
V03094,C00116,P0490,5,2025-12-24
V03095,C03309,P0140,4,2025-09-14
V03096,C03692,P0434,5,2025-03-14
V03097,C03317,P0358,5,2025-05-22
V03098,C04936,P0471,5,2025-02-24
V03099,C03751,P0470,5,2024-12-10
V03100,C01348,P0350,5,2025-07-08
V03101,C03181,P0479,5,2025-04-21
V03102,C04361,P0164,2,2024-10-04
V03103,C03318,P0328,4,2026-05-28
V03104,C02107,P0106,4,2025-01-31
V03105,C00359,P0319,3,2024-09-11
V03106,C02797,P0198,4,2025-03-13
V03107,C01721,P0259,1,2025-03-16
V03108,C01210,P0377,4,2025-07-25
V03109,C02809,P0064,5,2025-11-17
V03110,C04312,P0292,3,2025-01-27
V03111,C00837,P0101,4,2025-02-23
V03112,C02493,P0188,5,2026-06-19
V03113,C03043,P0449,4,2025-10-10
V03114,C03391,P0198,5,2025-03-02
V03115,C01521,P0090,3,2025-03-31
V03116,C03401,P0359,3,2024-07-23
V03117,C01607,P0192,2,2025-08-27
V03118,C02119,P0467,5,2024-12-04
V03119,C02275,P0409,3,2025-10-12
V03120,C00707,P0391,5,2025-03-04
V03121,C04075,P0280,5,2025-10-17
V03122,C02447,P0384,3,2024-10-04
V03123,C04881,P0311,5,2026-06-15
V03124,C01540,P0244,2,2024-10-18
V03125,C04026,P0142,4,2024-11-09
V03126,C01213,P0437,3,2024-08-27
V03127,C02138,P0102,4,2025-07-23
V03128,C00850,P0107,3,2024-09-03
V03129,C00740,P0087,3,2025-12-15
V03130,C00667,P0294,5,2025-02-23
V03131,C03051,P0477,5,2025-08-11
V03132,C02335,P0090,5,2025-03-26
V03133,C04343,P0032,5,2025-04-09
V03134,C04923,P0012,4,2025-03-07
V03135,C01322,P0350,5,2026-04-09
V03136,C03049,P0231,2,2025-03-01
V03137,C01807,P0261,3,2025-05-15
V03138,C03031,P0342,5,2025-08-07
V03139,C04027,P0373,5,2025-06-26
V03140,C02198,P0087,5,2025-05-26
V03141,C01435,P0019,5,2025-05-17
V03142,C04545,P0027,4,2026-06-17
V03143,C03888,P0115,4,2024-10-06
V03144,C03691,P0434,2,2025-08-29
V03145,C01345,P0158,4,2025-04-18
V03146,C02490,P0222,3,2024-11-29
V03147,C01323,P0125,5,2025-07-17
V03148,C02873,P0128,5,2025-01-05
V03149,C04046,P0334,1,2024-12-28
V03150,C02816,P0493,3,2025-02-13
V03151,C04465,P0490,2,2024-11-29
V03152,C02625,P0278,4,2026-05-17
V03153,C02392,P0180,5,2024-08-29
V03154,C01459,P0158,4,2025-05-12
V03155,C04495,P0239,5,2026-04-05
V03156,C00116,P0056,5,2026-04-04
V03157,C00570,P0160,3,2026-06-10
V03158,C04021,P0236,3,2024-08-19
V03159,C01390,P0317,5,2026-03-17
V03160,C00612,P0025,5,2025-05-23
V03161,C02938,P0299,3,2025-02-17
V03162,C02212,P0435,4,2025-01-18
V03163,C00084,P0263,1,2025-06-27
V03164,C01146,P0297,5,2024-07-03
V03165,C04819,P0201,4,2025-05-09
V03166,C03764,P0027,3,2026-04-01
V03167,C00767,P0351,5,2026-06-09
V03168,C04135,P0364,5,2025-02-18
V03169,C03913,P0062,1,2026-01-05
V03170,C04176,P0303,2,2025-01-16
V03171,C00571,P0498,5,2026-01-16
V03172,C04153,P0225,5,2025-10-13
V03173,C03620,P0461,5,2024-09-27
V03174,C01387,P0389,4,2025-06-05
V03175,C01168,P0055,5,2025-10-26
V03176,C01672,P0196,4,2025-10-25
V03177,C01238,P0343,1,2025-04-05
V03178,C02236,P0272,3,2024-08-18
V03179,C00554,P0155,5,2026-05-10
V03180,C00075,P0034,5,2024-11-07
V03181,C03143,P0153,5,2026-03-26
V03182,C02344,P0305,3,2026-02-01
V03183,C02222,P0385,5,2025-05-29
V03184,C00154,P0307,5,2025-10-17
V03185,C01740,P0381,5,2025-11-26
V03186,C04500,P0411,4,2024-11-23
V03187,C01724,P0228,5,2025-10-14
V03188,C04304,P0075,4,2024-08-20
V03189,C00582,P0386,4,2024-09-25
V03190,C02965,P0469,5,2024-09-10
V03191,C02770,P0436,5,2025-08-20
V03192,C01791,P0289,5,2025-01-03
V03193,C04269,P0277,5,2026-01-19
V03194,C02720,P0238,5,2024-10-11
V03195,C01624,P0284,4,2024-07-06
V03196,C04169,P0447,1,2025-01-19
V03197,C04650,P0060,4,2024-11-02
V03198,C00966,P0128,5,2026-03-22
V03199,C04148,P0446,4,2025-12-06
V03200,C03505,P0314,4,2026-02-22
V03201,C02333,P0180,4,2025-10-14
V03202,C02672,P0332,4,2026-03-27
V03203,C03313,P0484,3,2026-02-14
V03204,C03563,P0040,5,2025-06-28
V03205,C00293,P0325,4,2026-04-29
V03206,C02708,P0352,2,2025-03-02
V03207,C01809,P0442,3,2024-09-03
V03208,C03294,P0301,4,2025-01-16
V03209,C02322,P0364,2,2025-11-24
V03210,C00721,P0403,4,2025-04-06
V03211,C03489,P0391,4,2025-05-25
V03212,C03799,P0012,3,2026-02-27
V03213,C03047,P0296,5,2025-03-28
V03214,C00681,P0460,5,2024-07-17
V03215,C01251,P0079,5,2024-10-23
V03216,C04138,P0210,4,2025-05-27
V03217,C04200,P0366,5,2025-08-16
V03218,C03112,P0419,5,2024-09-24
V03219,C01969,P0044,3,2024-10-06
V03220,C00653,P0159,5,2026-04-20
V03221,C00075,P0025,5,2026-04-07
V03222,C00467,P0044,5,2025-12-20
V03223,C04255,P0497,4,2025-11-08
V03224,C01125,P0048,4,2025-01-18
V03225,C00113,P0275,5,2026-04-19
V03226,C03113,P0107,5,2026-02-07
V03227,C00468,P0397,4,2025-11-30
V03228,C03081,P0178,2,2025-08-01
V03229,C03027,P0084,5,2025-07-14
V03230,C04200,P0128,3,2024-10-05
V03231,C04599,P0108,4,2024-07-23
V03232,C04170,P0016,5,2026-04-19
V03233,C04995,P0229,2,2025-08-02
V03234,C04219,P0027,4,2025-09-02
V03235,C03592,P0427,5,2024-09-21
V03236,C03303,P0145,5,2025-09-27
V03237,C03998,P0450,4,2024-10-10
V03238,C02944,P0386,4,2025-06-13
V03239,C00499,P0305,5,2024-10-01
V03240,C04249,P0200,3,2025-12-04
V03241,C02626,P0241,5,2024-07-17
V03242,C03270,P0171,5,2025-04-14
V03243,C00646,P0250,5,2025-04-04
V03244,C00863,P0222,1,2025-06-19
V03245,C04103,P0123,5,2025-09-23
V03246,C01758,P0275,3,2025-05-08
V03247,C02452,P0009,4,2026-01-22
V03248,C03158,P0041,3,2025-04-26
V03249,C01972,P0195,5,2025-11-01
V03250,C02897,P0071,2,2024-10-30
V03251,C00515,P0263,5,2025-04-13
V03252,C02158,P0306,5,2025-09-11
V03253,C03844,P0474,5,2025-05-19
V03254,C01331,P0099,5,2025-05-10
V03255,C04423,P0167,3,2026-04-18
V03256,C03532,P0189,2,2026-01-12
V03257,C04743,P0265,5,2026-05-02
V03258,C01062,P0124,5,2025-10-14
V03259,C03673,P0174,4,2026-01-23
V03260,C02392,P0172,1,2025-08-06
V03261,C00942,P0149,5,2025-08-14
V03262,C00405,P0146,4,2026-04-18
V03263,C01552,P0348,4,2026-01-23
V03264,C02225,P0330,5,2026-06-23
V03265,C01875,P0133,3,2025-05-25
V03266,C01919,P0482,5,2026-01-03
V03267,C04867,P0075,5,2026-05-08
V03268,C02138,P0016,5,2025-11-18
V03269,C01220,P0162,4,2025-01-25
V03270,C02310,P0437,5,2024-10-18
V03271,C02442,P0064,3,2025-09-06
V03272,C01347,P0359,3,2024-08-09
V03273,C02307,P0334,5,2024-11-18
V03274,C04859,P0238,4,2025-03-24
V03275,C00433,P0184,3,2025-06-23
V03276,C04322,P0457,3,2025-04-02
V03277,C03207,P0121,5,2024-10-25
V03278,C03021,P0410,3,2025-05-25
V03279,C04031,P0147,2,2026-01-14
V03280,C01054,P0474,5,2025-03-29
V03281,C02312,P0492,5,2025-09-22
V03282,C01875,P0245,3,2024-08-26
V03283,C03919,P0225,4,2025-12-08
V03284,C01833,P0076,3,2025-01-03
V03285,C02103,P0080,5,2026-03-19
V03286,C04307,P0272,5,2025-11-18
V03287,C01913,P0132,5,2024-09-26
V03288,C03561,P0271,5,2025-05-12
V03289,C01815,P0036,4,2025-08-03
V03290,C01689,P0256,5,2026-03-20
V03291,C04253,P0128,5,2024-07-31
V03292,C00007,P0136,1,2025-07-01
V03293,C01019,P0151,5,2025-01-07
V03294,C01802,P0059,5,2025-05-03
V03295,C02593,P0215,3,2025-11-29
V03296,C01217,P0178,4,2026-06-23
V03297,C02621,P0278,5,2024-12-13
V03298,C02726,P0330,4,2026-05-24
V03299,C02881,P0234,3,2026-01-28
V03300,C02142,P0201,5,2025-03-20
V03301,C00137,P0380,4,2025-01-22
V03302,C00365,P0397,5,2025-05-09
V03303,C04280,P0276,5,2025-07-10
V03304,C03026,P0100,5,2025-10-17
V03305,C04633,P0393,1,2024-12-30
V03306,C01648,P0099,4,2025-04-23
V03307,C00586,P0160,5,2025-08-09
V03308,C04883,P0114,4,2026-06-12
V03309,C02923,P0010,4,2025-11-06
V03310,C03164,P0354,4,2026-06-18
V03311,C04521,P0394,5,2025-09-30
V03312,C00856,P0186,3,2024-09-14
V03313,C04991,P0112,4,2024-11-01
V03314,C02867,P0254,2,2025-01-03
V03315,C04217,P0289,5,2026-05-25
V03316,C01544,P0167,1,2025-06-03
V03317,C04306,P0302,1,2025-06-29
V03318,C02159,P0325,4,2025-05-08
V03319,C02268,P0290,4,2026-05-27
V03320,C04941,P0105,5,2026-06-14
V03321,C02047,P0082,5,2025-09-06
V03322,C04034,P0436,4,2025-03-31
V03323,C04664,P0494,4,2025-09-13
V03324,C02197,P0304,5,2026-03-19
V03325,C02855,P0066,2,2025-07-11
V03326,C03676,P0423,3,2025-09-14
V03327,C02012,P0459,4,2025-03-27
V03328,C04775,P0301,5,2025-07-15
V03329,C03940,P0489,5,2024-11-18
V03330,C03165,P0370,3,2026-06-25
V03331,C04839,P0153,3,2026-02-09
V03332,C01102,P0480,5,2024-12-09
V03333,C03348,P0304,5,2024-09-08
V03334,C03296,P0036,3,2025-04-20
V03335,C01176,P0081,5,2025-01-30
V03336,C03569,P0286,5,2025-05-28
V03337,C02993,P0223,4,2024-11-04
V03338,C04089,P0179,1,2025-05-14
V03339,C01065,P0305,4,2026-01-30
V03340,C00538,P0122,3,2025-11-09
V03341,C00072,P0478,5,2025-08-05
V03342,C00263,P0119,3,2025-01-15
V03343,C01240,P0393,3,2025-11-25
V03344,C03525,P0086,4,2025-12-13
V03345,C01293,P0083,5,2026-05-30
V03346,C04544,P0320,3,2024-12-12
V03347,C01856,P0162,4,2024-07-30
V03348,C00446,P0035,1,2024-07-30
V03349,C01566,P0408,5,2025-11-22
V03350,C02880,P0010,2,2025-04-01
V03351,C03035,P0389,5,2026-03-22
V03352,C01027,P0293,5,2026-04-14
V03353,C01936,P0383,5,2024-07-16
V03354,C01684,P0048,4,2026-02-01
V03355,C03583,P0053,5,2024-11-03
V03356,C03462,P0063,3,2026-03-04
V03357,C01150,P0495,4,2024-10-03
V03358,C04099,P0414,4,2025-06-23
V03359,C01478,P0381,3,2025-12-04
V03360,C02080,P0488,5,2024-12-25
V03361,C00666,P0256,4,2025-02-22
V03362,C04194,P0390,3,2024-09-01
V03363,C01153,P0480,5,2025-05-30
V03364,C02071,P0387,5,2024-07-22
V03365,C03169,P0312,5,2026-04-07
V03366,C04818,P0370,4,2025-05-12
V03367,C03002,P0383,4,2025-12-11
V03368,C02328,P0257,5,2024-12-08
V03369,C00399,P0255,4,2024-12-26
V03370,C02028,P0235,4,2024-11-21
V03371,C00560,P0441,1,2024-11-15
V03372,C02606,P0199,4,2025-06-03
V03373,C00643,P0492,4,2026-01-18
V03374,C01844,P0435,4,2025-02-14
V03375,C00622,P0422,3,2026-02-02
V03376,C04361,P0082,4,2026-05-19
V03377,C03893,P0465,1,2026-06-28
V03378,C04247,P0447,2,2026-06-26
V03379,C01358,P0176,5,2025-02-22
V03380,C00345,P0156,5,2025-10-04
V03381,C04129,P0334,5,2025-05-29
V03382,C01077,P0000,4,2026-06-02
V03383,C02033,P0064,4,2025-01-25
V03384,C02173,P0266,1,2026-04-18
V03385,C02424,P0079,3,2025-06-06
V03386,C03200,P0420,2,2024-11-25
V03387,C01887,P0397,4,2025-05-20
V03388,C04095,P0200,5,2025-06-21
V03389,C01276,P0065,4,2025-10-07
V03390,C00432,P0289,4,2024-08-06
V03391,C03928,P0176,5,2025-03-04
V03392,C01649,P0480,4,2025-08-15
V03393,C03970,P0449,4,2025-06-26
V03394,C00300,P0135,5,2025-07-22
V03395,C02819,P0466,4,2024-07-27
V03396,C00252,P0325,5,2024-08-10
V03397,C02101,P0283,2,2026-01-25
V03398,C04079,P0483,5,2025-07-26
V03399,C04050,P0426,4,2025-12-01
V03400,C04898,P0155,5,2025-06-13
V03401,C04178,P0205,4,2025-02-20
V03402,C02975,P0002,3,2024-12-20
V03403,C00194,P0335,5,2026-01-27
V03404,C00703,P0226,2,2024-10-01
V03405,C03462,P0138,3,2025-11-12
V03406,C04185,P0379,5,2025-01-22
V03407,C00956,P0390,4,2025-03-31
V03408,C02628,P0061,5,2025-06-02
V03409,C04490,P0145,3,2025-01-12
V03410,C04750,P0010,5,2024-09-29
V03411,C03471,P0106,1,2026-06-15
V03412,C02191,P0428,3,2025-03-23
V03413,C02273,P0023,4,2025-06-30
V03414,C03921,P0359,4,2024-08-19
V03415,C01104,P0274,3,2026-05-27
V03416,C00126,P0250,5,2026-03-25
V03417,C03594,P0446,1,2026-02-08
V03418,C02566,P0120,4,2026-03-26
V03419,C01426,P0333,5,2026-01-29
V03420,C00519,P0258,3,2025-02-06
V03421,C04616,P0122,3,2024-08-17
V03422,C01682,P0349,3,2026-06-04
V03423,C00348,P0296,4,2024-10-27
V03424,C01803,P0306,5,2026-03-03
V03425,C02027,P0459,5,2024-12-23
V03426,C01280,P0062,5,2024-12-29
V03427,C03468,P0036,2,2025-07-07
V03428,C00998,P0116,3,2026-03-14
V03429,C03909,P0324,5,2026-01-24
V03430,C00223,P0366,5,2024-07-24
V03431,C01526,P0350,2,2026-01-05
V03432,C00671,P0319,5,2024-07-30
V03433,C04879,P0431,4,2026-04-29
V03434,C00517,P0102,4,2026-03-02
V03435,C00240,P0321,5,2024-09-22
V03436,C04934,P0087,4,2024-08-26
V03437,C01499,P0457,3,2024-11-25
V03438,C00759,P0187,2,2025-11-05
V03439,C00292,P0131,4,2026-03-28
V03440,C04693,P0108,4,2024-11-22
V03441,C01964,P0245,4,2025-02-25
V03442,C01148,P0412,5,2026-03-13
V03443,C04352,P0275,4,2026-05-24
V03444,C02499,P0143,4,2025-04-17
V03445,C03213,P0119,4,2025-12-09
V03446,C02241,P0149,5,2025-12-06
V03447,C00978,P0456,4,2025-07-06
V03448,C01234,P0010,5,2026-04-25
V03449,C00815,P0240,5,2026-05-10
V03450,C02040,P0321,5,2025-06-03
V03451,C03933,P0433,2,2025-08-24
V03452,C01242,P0172,5,2025-04-13
V03453,C02996,P0356,3,2026-01-12
V03454,C02201,P0335,4,2024-08-15
V03455,C04791,P0298,5,2026-04-25
V03456,C03309,P0414,5,2024-12-30
V03457,C01517,P0399,4,2026-02-15
V03458,C02983,P0489,5,2026-05-26
V03459,C04512,P0150,3,2026-01-24
V03460,C01639,P0316,2,2024-11-12
V03461,C02480,P0163,4,2024-09-16
V03462,C02716,P0140,3,2025-07-28
V03463,C04681,P0413,3,2025-11-22
V03464,C04762,P0008,5,2024-10-03
V03465,C04870,P0120,3,2026-03-29
V03466,C00369,P0251,3,2024-08-15
V03467,C01067,P0182,5,2026-06-28
V03468,C01640,P0387,5,2026-06-09
V03469,C02833,P0130,4,2026-05-21
V03470,C02758,P0454,5,2025-05-02
V03471,C00501,P0294,4,2025-03-28
V03472,C04424,P0154,2,2026-02-25
V03473,C04943,P0311,4,2026-01-24
V03474,C02353,P0171,5,2024-11-23
V03475,C00113,P0436,3,2025-04-04
V03476,C00376,P0268,4,2025-11-25
V03477,C04022,P0126,4,2024-12-30
V03478,C00385,P0068,5,2026-03-31
V03479,C03749,P0209,4,2025-04-01
V03480,C02100,P0039,5,2026-04-24
V03481,C01952,P0435,5,2026-04-14
V03482,C01230,P0239,5,2025-07-14
V03483,C04750,P0163,4,2025-08-28
V03484,C03992,P0444,5,2024-09-04
V03485,C04614,P0335,3,2024-12-31
V03486,C04034,P0444,5,2025-12-17
V03487,C02769,P0341,3,2025-10-04
V03488,C03816,P0309,5,2025-10-10
V03489,C04723,P0344,4,2025-03-23
V03490,C04494,P0441,5,2025-07-12
V03491,C02899,P0265,3,2026-03-31
V03492,C02342,P0209,4,2024-11-15
V03493,C04528,P0361,5,2024-10-26
V03494,C04303,P0333,4,2026-05-19
V03495,C03155,P0113,5,2025-08-27
V03496,C03397,P0288,5,2026-04-24
V03497,C02536,P0308,5,2026-04-30
V03498,C04527,P0073,4,2024-09-26
V03499,C04028,P0383,5,2025-11-06
V03500,C03432,P0475,4,2025-10-24
V03501,C03387,P0360,4,2024-09-10
V03502,C03253,P0210,5,2026-03-10
V03503,C00907,P0004,5,2024-12-19
V03504,C00597,P0344,4,2025-08-14
V03505,C02163,P0262,5,2025-12-01
V03506,C02602,P0129,2,2025-05-07
V03507,C04027,P0322,3,2024-11-24
V03508,C01243,P0433,5,2024-09-26
V03509,C01927,P0129,5,2024-08-14
V03510,C00004,P0030,5,2025-11-28
V03511,C01847,P0474,4,2026-03-06
V03512,C00263,P0102,5,2026-04-29
V03513,C03288,P0151,4,2026-05-20
V03514,C02074,P0027,3,2025-04-10
V03515,C01560,P0173,3,2024-08-28
V03516,C01643,P0240,1,2026-04-01
V03517,C04495,P0231,5,2024-08-15
V03518,C04164,P0022,5,2025-04-14
V03519,C01912,P0365,5,2024-11-07
V03520,C03518,P0009,4,2025-06-05
V03521,C00247,P0184,5,2026-06-09
V03522,C04227,P0260,5,2025-07-31
V03523,C03232,P0278,4,2025-04-19
V03524,C04979,P0337,5,2025-07-13
V03525,C03507,P0429,3,2025-11-28
V03526,C04019,P0426,5,2025-09-25
V03527,C00098,P0232,5,2026-01-10
V03528,C03542,P0369,3,2025-07-31
V03529,C01839,P0212,4,2025-08-21
V03530,C04611,P0262,5,2025-02-02
V03531,C01438,P0394,3,2025-04-12
V03532,C00831,P0189,3,2026-05-04
V03533,C01426,P0220,3,2024-08-25
V03534,C02390,P0394,4,2025-09-08
V03535,C04750,P0069,5,2025-03-30
V03536,C04091,P0091,5,2025-03-11
V03537,C00330,P0151,3,2025-12-31
V03538,C01606,P0021,5,2026-05-30
V03539,C03559,P0111,3,2024-08-18
V03540,C03959,P0480,3,2025-01-01
V03541,C04774,P0244,5,2025-06-07
V03542,C00000,P0372,3,2024-12-16
V03543,C00758,P0119,5,2024-11-30
V03544,C03751,P0058,5,2025-09-10
V03545,C04459,P0493,5,2025-06-01
V03546,C00960,P0360,5,2024-09-20
V03547,C01045,P0027,4,2025-05-27
V03548,C03205,P0058,4,2026-05-25
V03549,C02421,P0164,5,2025-11-04
V03550,C00365,P0046,5,2024-07-04
V03551,C02602,P0198,1,2025-09-21
V03552,C00766,P0288,3,2025-10-08
V03553,C03686,P0117,3,2025-11-14
V03554,C02772,P0248,3,2025-06-19
V03555,C00816,P0162,5,2025-03-12
V03556,C03644,P0206,5,2024-10-20
V03557,C02811,P0241,4,2026-04-15
V03558,C00907,P0493,4,2025-01-29
V03559,C00506,P0154,4,2024-08-23
V03560,C02003,P0375,5,2025-05-02
V03561,C03660,P0012,5,2025-06-05
V03562,C00223,P0309,5,2026-03-02
V03563,C01809,P0486,5,2025-10-25
V03564,C00886,P0440,4,2025-03-04
V03565,C02669,P0279,3,2025-07-25
V03566,C03002,P0414,4,2025-07-04
V03567,C00111,P0087,3,2024-12-28
V03568,C03287,P0124,5,2025-07-25
V03569,C04470,P0222,5,2025-05-07
V03570,C01911,P0401,4,2025-09-11
V03571,C01070,P0443,5,2026-03-01
V03572,C04874,P0271,5,2025-09-03
V03573,C02629,P0315,4,2025-12-30
V03574,C03768,P0032,4,2025-01-09
V03575,C04009,P0251,5,2025-12-07
V03576,C03009,P0455,4,2024-09-13
V03577,C03012,P0139,3,2025-11-18
V03578,C03084,P0163,5,2025-02-05
V03579,C04159,P0477,5,2025-01-30
V03580,C03607,P0290,4,2026-01-28
V03581,C01984,P0497,4,2025-11-26
V03582,C02379,P0494,2,2024-09-21
V03583,C02370,P0352,3,2025-02-27
V03584,C00820,P0499,4,2024-12-14
V03585,C00686,P0326,1,2026-01-24
V03586,C02381,P0003,4,2025-04-08
V03587,C01189,P0092,5,2026-01-15
V03588,C02430,P0234,5,2026-06-01
V03589,C00556,P0402,2,2025-04-19
V03590,C01226,P0229,4,2025-07-10
V03591,C02555,P0353,4,2025-04-04
V03592,C02995,P0181,3,2026-03-28
V03593,C02206,P0150,4,2026-02-13
V03594,C04469,P0030,5,2024-11-28
V03595,C00787,P0340,4,2025-08-05
V03596,C03839,P0098,4,2024-11-12
V03597,C04814,P0088,3,2025-10-26
V03598,C02001,P0432,4,2026-05-16
V03599,C02315,P0302,2,2025-01-24
V03600,C01165,P0126,5,2024-09-09
V03601,C04376,P0483,5,2025-02-19
V03602,C00609,P0074,5,2026-03-11
V03603,C00804,P0451,3,2024-11-24
V03604,C04184,P0173,1,2025-07-03
V03605,C04509,P0251,3,2025-12-18
V03606,C04349,P0249,5,2025-01-07
V03607,C03376,P0049,5,2025-08-21
V03608,C04125,P0178,1,2024-10-18
V03609,C03693,P0400,5,2026-03-30
V03610,C02671,P0412,5,2024-10-01
V03611,C03313,P0072,5,2025-08-10
V03612,C04291,P0257,3,2025-06-02
V03613,C03275,P0408,4,2025-01-12
V03614,C00602,P0336,5,2025-01-22
V03615,C03887,P0028,5,2026-02-18
V03616,C03573,P0229,3,2025-02-21
V03617,C03485,P0123,5,2025-12-14
V03618,C02202,P0353,4,2025-04-15
V03619,C03456,P0430,1,2025-07-17
V03620,C02368,P0283,5,2026-03-28
V03621,C01587,P0148,2,2025-12-11
V03622,C00680,P0271,3,2025-03-15
V03623,C00629,P0048,5,2025-07-25
V03624,C01355,P0217,2,2025-01-09
V03625,C03483,P0247,3,2025-11-24
V03626,C03627,P0013,3,2025-10-21
V03627,C02789,P0348,5,2026-03-16
V03628,C01063,P0186,4,2025-05-08
V03629,C04619,P0075,3,2024-10-04
V03630,C03929,P0445,4,2025-07-01
V03631,C00288,P0131,4,2025-11-14
V03632,C00245,P0101,4,2025-03-15
V03633,C01930,P0288,5,2024-11-14
V03634,C01755,P0197,4,2026-01-11
V03635,C03915,P0146,2,2025-12-19
V03636,C02695,P0307,3,2025-12-23
V03637,C03736,P0382,5,2025-09-05
V03638,C03624,P0069,5,2026-02-26
V03639,C04525,P0006,4,2024-08-08
V03640,C01919,P0029,3,2025-02-28
V03641,C01118,P0227,5,2025-02-05
V03642,C04191,P0017,3,2026-01-16
V03643,C00981,P0360,5,2024-12-06
V03644,C04737,P0320,5,2024-11-11
V03645,C02421,P0194,5,2025-07-26
V03646,C03860,P0469,4,2025-11-04
V03647,C00822,P0291,5,2026-04-21
V03648,C02432,P0176,4,2025-07-19
V03649,C03847,P0095,5,2026-01-03
V03650,C04366,P0453,3,2026-02-14
V03651,C04771,P0218,5,2025-08-19
V03652,C04795,P0489,3,2024-09-10
V03653,C01996,P0238,4,2026-04-06
V03654,C01009,P0045,4,2026-04-02
V03655,C03244,P0239,5,2025-11-19
V03656,C03328,P0475,5,2026-06-19
V03657,C00682,P0218,5,2024-09-24
V03658,C00259,P0391,3,2025-02-22
V03659,C01039,P0495,4,2025-10-05
V03660,C01747,P0324,5,2025-03-18
V03661,C03101,P0398,5,2025-03-03
V03662,C02777,P0288,5,2024-10-18
V03663,C01382,P0406,5,2026-01-15
V03664,C01094,P0403,3,2025-07-31
V03665,C02355,P0198,2,2025-11-01
V03666,C02618,P0456,4,2025-09-04
V03667,C00163,P0459,4,2025-11-05
V03668,C01410,P0055,3,2025-06-01
V03669,C04788,P0436,3,2026-04-22
V03670,C04952,P0326,3,2026-05-16
V03671,C02687,P0131,4,2025-06-19
V03672,C01450,P0301,5,2024-08-23
V03673,C01865,P0244,4,2025-03-08
V03674,C03627,P0124,1,2024-10-24
V03675,C03155,P0195,5,2024-10-28
V03676,C01682,P0284,1,2025-08-24
V03677,C02996,P0114,5,2025-06-01
V03678,C01442,P0069,4,2025-12-17
V03679,C01580,P0348,5,2025-03-08
V03680,C02205,P0212,4,2025-07-24
V03681,C04085,P0452,4,2026-02-22
V03682,C03143,P0079,5,2025-07-23
V03683,C00751,P0021,4,2026-05-26
V03684,C03006,P0293,2,2025-08-13
V03685,C00270,P0321,3,2024-11-13
V03686,C00385,P0274,5,2025-02-24
V03687,C01373,P0062,2,2025-04-20
V03688,C01365,P0231,4,2025-03-09
V03689,C01162,P0218,5,2026-06-04
V03690,C04756,P0272,5,2025-08-18
V03691,C00675,P0028,4,2025-02-10
V03692,C03872,P0228,5,2026-01-09
V03693,C03716,P0209,3,2024-07-20
V03694,C03580,P0308,5,2025-02-18
V03695,C00438,P0118,5,2025-06-08
V03696,C01709,P0387,4,2025-05-07
V03697,C03520,P0293,5,2025-09-06
V03698,C02052,P0348,3,2024-10-04
V03699,C00984,P0032,5,2024-09-19
V03700,C01739,P0128,3,2025-01-20
V03701,C00178,P0339,3,2024-09-17
V03702,C03490,P0208,5,2024-08-04
V03703,C03226,P0480,5,2025-07-07
V03704,C03972,P0441,4,2024-12-02
V03705,C00544,P0179,1,2026-05-19
V03706,C01465,P0172,4,2025-03-26
V03707,C01583,P0052,5,2025-06-23
V03708,C04829,P0471,4,2025-02-08
V03709,C03567,P0187,5,2025-07-07
V03710,C04174,P0492,5,2025-10-06
V03711,C01530,P0320,4,2024-11-14
V03712,C03693,P0118,5,2025-12-16
V03713,C03704,P0017,3,2025-03-15
V03714,C01584,P0213,3,2024-11-11
V03715,C00224,P0010,5,2025-06-13
V03716,C01902,P0104,4,2025-04-25
V03717,C03723,P0235,5,2025-02-28
V03718,C00408,P0156,5,2024-12-17
V03719,C02764,P0339,5,2026-04-22
V03720,C01612,P0323,4,2025-05-06
V03721,C01440,P0222,5,2026-05-04
V03722,C02996,P0082,5,2025-11-06
V03723,C03182,P0468,2,2026-04-04
V03724,C04455,P0197,5,2025-05-28
V03725,C01988,P0151,1,2025-04-27
V03726,C00790,P0000,3,2025-10-30
V03727,C02793,P0496,5,2024-10-16
V03728,C02280,P0407,3,2024-12-26
V03729,C00909,P0281,5,2024-08-04
V03730,C03501,P0325,4,2024-07-31
V03731,C00333,P0211,5,2026-04-12
V03732,C02990,P0153,3,2025-05-13
V03733,C03108,P0446,5,2024-09-13
V03734,C02084,P0496,4,2025-04-25
V03735,C02356,P0164,2,2025-08-18
V03736,C03185,P0377,5,2025-05-01
V03737,C01452,P0113,4,2024-09-13
V03738,C00103,P0404,5,2026-02-18
V03739,C01939,P0480,5,2026-04-16
V03740,C03793,P0217,3,2024-08-09
V03741,C01522,P0087,2,2024-07-18
V03742,C02871,P0000,5,2025-07-12
V03743,C04602,P0331,4,2026-01-26
V03744,C03557,P0073,5,2024-07-08
V03745,C04459,P0172,4,2024-09-08
V03746,C02318,P0334,3,2025-12-03
V03747,C03660,P0364,4,2024-12-19
V03748,C03384,P0219,4,2024-09-13
V03749,C03750,P0099,4,2024-11-01
V03750,C02584,P0097,5,2025-10-14
V03751,C01825,P0459,3,2025-11-04
V03752,C01748,P0484,3,2024-07-11
V03753,C03605,P0031,2,2024-10-03
V03754,C01729,P0231,4,2025-01-17
V03755,C00224,P0328,4,2025-08-10
V03756,C04555,P0006,2,2025-10-04
V03757,C00906,P0016,2,2024-10-15
V03758,C01649,P0146,5,2025-04-03
V03759,C00202,P0303,5,2024-11-30
V03760,C01842,P0237,5,2026-03-16
V03761,C04629,P0433,4,2025-03-12
V03762,C03583,P0194,5,2025-11-13
V03763,C00862,P0270,5,2026-01-27
V03764,C03928,P0436,4,2024-09-15
V03765,C02665,P0475,3,2026-02-22
V03766,C02979,P0132,1,2024-07-10
V03767,C01993,P0087,4,2025-09-04
V03768,C04618,P0316,4,2025-11-03
V03769,C01106,P0075,5,2025-10-30
V03770,C00189,P0387,4,2026-05-09
V03771,C03030,P0130,5,2025-05-31
V03772,C00901,P0230,3,2026-01-25
V03773,C04912,P0228,3,2024-11-03
V03774,C00450,P0200,4,2025-04-02
V03775,C03665,P0248,5,2025-11-24
V03776,C03847,P0119,5,2024-10-30
V03777,C01782,P0145,3,2024-10-17
V03778,C00025,P0151,4,2025-10-15
V03779,C00258,P0449,2,2025-02-04
V03780,C00683,P0487,5,2024-11-10
V03781,C03920,P0331,3,2025-05-21
V03782,C01614,P0158,5,2026-05-21
V03783,C04940,P0396,5,2024-09-19
V03784,C03138,P0387,4,2026-02-26
V03785,C04545,P0099,4,2026-05-31
V03786,C01505,P0282,5,2025-08-13
V03787,C02972,P0253,5,2025-02-09
V03788,C01320,P0286,5,2025-06-07
V03789,C01813,P0336,5,2025-09-16
V03790,C04185,P0112,4,2025-09-07
V03791,C04873,P0233,3,2024-12-27
V03792,C04853,P0408,5,2026-06-08
V03793,C03292,P0058,1,2026-01-03
V03794,C00626,P0498,4,2026-03-28
V03795,C01511,P0022,4,2026-05-06
V03796,C01980,P0430,3,2025-01-13
V03797,C04056,P0495,4,2025-03-12
V03798,C04065,P0168,3,2026-04-14
V03799,C01266,P0172,5,2026-02-10
V03800,C03181,P0109,3,2025-04-26
V03801,C03698,P0441,5,2024-11-09
V03802,C03908,P0068,4,2025-10-10
V03803,C02853,P0145,4,2025-03-29
V03804,C00535,P0084,3,2025-05-22
V03805,C04993,P0084,5,2025-01-01
V03806,C04304,P0074,5,2025-03-15
V03807,C04050,P0097,4,2024-07-09
V03808,C03368,P0128,5,2025-12-29
V03809,C02653,P0458,5,2024-10-26
V03810,C03734,P0417,4,2024-07-29
V03811,C01521,P0243,3,2024-12-09
V03812,C01401,P0080,5,2024-09-09
V03813,C02837,P0315,4,2025-09-03
V03814,C04613,P0399,4,2025-02-20
V03815,C01782,P0232,2,2026-01-18
V03816,C01386,P0395,5,2026-04-23
V03817,C04667,P0318,5,2025-03-10
V03818,C00261,P0123,4,2025-09-03
V03819,C00562,P0324,4,2026-03-24
V03820,C01546,P0461,5,2024-09-06
V03821,C02479,P0291,5,2025-07-26
V03822,C04463,P0436,4,2026-01-18
V03823,C04740,P0334,3,2025-02-26
V03824,C00124,P0007,3,2024-12-30
V03825,C01660,P0213,4,2024-11-25
V03826,C01131,P0191,4,2025-06-04
V03827,C04005,P0362,1,2025-03-19
V03828,C02409,P0141,4,2025-11-15
V03829,C03475,P0316,4,2025-07-20
V03830,C01265,P0404,4,2025-10-02
V03831,C04267,P0079,4,2025-07-17
V03832,C03692,P0219,5,2025-03-17
V03833,C02347,P0376,4,2026-06-24
V03834,C04994,P0054,4,2025-05-18
V03835,C00492,P0475,5,2026-05-18
V03836,C00758,P0309,5,2025-09-27
V03837,C00508,P0155,5,2025-05-18
V03838,C01892,P0032,5,2024-12-15
V03839,C03083,P0353,5,2026-02-25
V03840,C02084,P0139,5,2024-09-11
V03841,C04417,P0419,4,2025-04-21
V03842,C02304,P0325,5,2025-04-07
V03843,C02093,P0460,3,2026-01-25
V03844,C03495,P0427,4,2025-11-01
V03845,C01301,P0422,2,2024-07-07
V03846,C04860,P0065,2,2025-10-14
V03847,C01822,P0383,5,2026-01-06
V03848,C02513,P0420,3,2024-09-26
V03849,C03254,P0466,4,2026-01-16
V03850,C00077,P0453,5,2026-02-23
V03851,C04966,P0334,4,2025-07-30
V03852,C00720,P0457,5,2024-12-09
V03853,C02693,P0018,5,2026-03-26
V03854,C00218,P0275,5,2025-03-02
V03855,C00774,P0423,5,2025-07-23
V03856,C04514,P0110,5,2026-06-01
V03857,C01931,P0405,5,2026-06-05
V03858,C03473,P0281,5,2026-03-26
V03859,C00073,P0024,4,2025-10-01
V03860,C02315,P0129,4,2026-01-20
V03861,C04168,P0182,1,2024-10-01
V03862,C00145,P0020,4,2025-07-30
V03863,C00595,P0321,3,2025-10-09
V03864,C01227,P0380,5,2026-05-09
V03865,C01431,P0395,5,2025-08-28
V03866,C03342,P0245,1,2026-03-30
V03867,C01170,P0184,5,2025-03-18
V03868,C04613,P0184,4,2025-08-24
V03869,C03806,P0382,5,2024-12-24
V03870,C04435,P0079,5,2026-04-28
V03871,C02873,P0325,4,2026-06-14
V03872,C01500,P0469,4,2025-01-29
V03873,C01840,P0372,5,2025-03-27
V03874,C01466,P0366,5,2026-01-15
V03875,C03769,P0110,5,2024-12-20
V03876,C03036,P0303,1,2026-04-11
V03877,C03844,P0159,3,2026-02-01
V03878,C04709,P0241,4,2026-04-20
V03879,C00747,P0241,4,2026-01-09
V03880,C04391,P0185,2,2024-07-09
V03881,C00700,P0143,4,2025-05-24
V03882,C00927,P0318,4,2025-05-18
V03883,C01693,P0343,4,2026-05-26
V03884,C04281,P0297,5,2025-03-10
V03885,C01832,P0094,5,2025-03-14
V03886,C00148,P0102,3,2026-05-31
V03887,C03599,P0033,4,2025-12-30
V03888,C02770,P0212,3,2026-01-29
V03889,C04874,P0458,5,2025-06-17
V03890,C04606,P0301,1,2025-08-20
V03891,C03723,P0423,5,2024-07-17
V03892,C04427,P0495,5,2025-06-02
V03893,C01580,P0035,5,2025-08-15
V03894,C00129,P0467,5,2024-09-25
V03895,C00818,P0350,4,2024-09-15
V03896,C03385,P0464,3,2024-07-28
V03897,C00101,P0162,5,2025-12-21
V03898,C04462,P0013,3,2025-03-31
V03899,C02390,P0490,5,2025-12-09
V03900,C02486,P0496,3,2026-05-30
V03901,C04001,P0316,5,2026-02-25
V03902,C02449,P0324,2,2025-12-12
V03903,C03508,P0128,5,2025-01-29
V03904,C04029,P0385,2,2025-07-05
V03905,C03254,P0080,5,2025-04-11
V03906,C03004,P0495,5,2025-03-21
V03907,C03426,P0011,5,2025-01-31
V03908,C02629,P0268,4,2025-04-24
V03909,C00990,P0451,3,2024-12-14
V03910,C04878,P0064,5,2026-04-28
V03911,C04856,P0433,5,2024-09-04
V03912,C02288,P0139,4,2025-06-26
V03913,C04667,P0245,5,2025-02-02
V03914,C00802,P0276,4,2025-11-02
V03915,C02785,P0306,3,2025-05-02
V03916,C01133,P0125,4,2025-09-05
V03917,C03352,P0259,1,2025-10-16
V03918,C04764,P0359,2,2026-02-27
V03919,C04854,P0003,5,2026-03-13
V03920,C00232,P0284,5,2024-10-22
V03921,C00696,P0316,4,2025-07-11
V03922,C00041,P0429,5,2026-06-24
V03923,C01698,P0498,5,2025-04-12
V03924,C04113,P0127,3,2026-03-16
V03925,C03361,P0275,3,2025-07-19
V03926,C00394,P0179,4,2025-09-03
V03927,C04235,P0282,3,2024-07-16
V03928,C04089,P0070,5,2026-02-11
V03929,C04384,P0333,4,2025-10-23
V03930,C04969,P0430,3,2025-08-15
V03931,C01019,P0056,5,2024-08-30
V03932,C01351,P0480,5,2025-09-22
V03933,C01884,P0294,1,2024-08-22
V03934,C00044,P0316,4,2025-06-25
V03935,C02891,P0295,4,2025-12-18
V03936,C01237,P0207,4,2025-12-22
V03937,C01924,P0288,4,2025-09-03
V03938,C00952,P0332,4,2024-09-05
V03939,C01196,P0443,4,2026-05-18
V03940,C00493,P0058,5,2025-07-06
V03941,C03411,P0325,5,2025-03-25
V03942,C02097,P0194,4,2024-07-11
V03943,C03422,P0395,5,2025-11-14
V03944,C02900,P0485,3,2026-04-04
V03945,C00935,P0331,5,2024-12-14
V03946,C01971,P0116,5,2025-09-22
V03947,C00057,P0490,4,2025-12-04
V03948,C02675,P0005,3,2024-10-03
V03949,C04880,P0216,5,2026-05-06
V03950,C01967,P0197,5,2026-01-16
V03951,C00545,P0041,5,2025-09-07
V03952,C00860,P0095,5,2025-09-19
V03953,C02245,P0372,5,2026-06-25
V03954,C00534,P0206,3,2026-03-13
V03955,C04371,P0119,2,2025-12-01
V03956,C03523,P0246,5,2026-03-20
V03957,C00718,P0419,4,2024-08-11
V03958,C00884,P0222,5,2024-07-06
V03959,C03764,P0023,5,2025-11-21
V03960,C01836,P0088,4,2025-05-05
V03961,C02818,P0149,5,2026-06-29
V03962,C03346,P0276,4,2026-01-26
V03963,C01365,P0388,5,2024-07-22
V03964,C03991,P0421,5,2024-10-22
V03965,C01055,P0062,4,2024-07-27
V03966,C01386,P0420,5,2025-04-22
V03967,C00291,P0130,5,2025-05-28
V03968,C01577,P0391,4,2024-07-16
V03969,C01501,P0349,5,2026-04-25
V03970,C04587,P0169,4,2025-06-27
V03971,C01002,P0139,4,2025-01-03
V03972,C01363,P0152,5,2025-11-02
V03973,C00769,P0171,5,2025-10-09
V03974,C03779,P0003,3,2026-03-01
V03975,C02521,P0279,5,2024-12-18
V03976,C00207,P0191,3,2026-04-29
V03977,C02239,P0187,4,2026-01-31
V03978,C02210,P0277,5,2025-04-17
V03979,C03490,P0053,5,2025-10-16
V03980,C00435,P0459,5,2026-06-22
V03981,C04929,P0277,2,2025-10-24
V03982,C03877,P0454,3,2025-10-18
V03983,C03666,P0270,5,2025-09-13
V03984,C00608,P0078,3,2024-09-26
V03985,C04633,P0034,3,2026-03-27
V03986,C01089,P0117,2,2025-02-02
V03987,C03104,P0392,5,2025-01-24
V03988,C04169,P0219,5,2026-03-22
V03989,C00898,P0381,4,2025-04-15
V03990,C01423,P0027,4,2025-04-24
V03991,C03997,P0100,3,2026-05-29
V03992,C00379,P0486,5,2025-01-26
V03993,C02460,P0169,5,2025-06-30
V03994,C00350,P0395,4,2024-08-31
V03995,C03627,P0491,2,2025-09-14
V03996,C00779,P0070,4,2025-05-19
V03997,C00613,P0235,5,2025-06-18
V03998,C00821,P0324,4,2024-12-28
V03999,C01069,P0403,5,2025-07-24
V04000,C01400,P0448,4,2026-02-10
V04001,C01066,P0089,5,2025-02-02
V04002,C02637,P0101,3,2024-07-22
V04003,C03516,P0460,3,2025-07-11
V04004,C04772,P0140,3,2025-12-27
V04005,C04970,P0112,5,2025-12-24
V04006,C00872,P0225,3,2024-08-10
V04007,C01239,P0088,5,2025-12-29
V04008,C00979,P0347,4,2024-08-05
V04009,C00568,P0334,3,2025-09-04
V04010,C01166,P0160,3,2025-06-25
V04011,C02867,P0264,4,2025-02-23
V04012,C00895,P0036,4,2024-09-21
V04013,C03572,P0235,4,2025-11-10
V04014,C01795,P0160,1,2025-11-15
V04015,C00479,P0367,3,2025-06-03
V04016,C04658,P0138,3,2026-04-14
V04017,C01632,P0253,2,2024-09-05
V04018,C01413,P0140,4,2026-03-16
V04019,C02040,P0262,3,2026-01-27
V04020,C00642,P0443,5,2026-04-26
V04021,C03217,P0022,4,2024-07-07
V04022,C00902,P0459,5,2025-04-04
V04023,C02244,P0199,5,2024-12-25
V04024,C01473,P0261,5,2025-06-04
V04025,C04622,P0236,4,2025-09-02
V04026,C03285,P0113,5,2026-06-22
V04027,C03170,P0408,5,2026-02-11
V04028,C04127,P0390,4,2025-12-08
V04029,C04064,P0323,4,2024-08-07
V04030,C01226,P0289,3,2025-11-11
V04031,C01168,P0005,4,2025-06-06
V04032,C00575,P0319,5,2024-08-21
V04033,C02347,P0126,4,2026-06-13
V04034,C00153,P0399,4,2025-05-08
V04035,C02776,P0009,5,2026-04-01
V04036,C01321,P0182,5,2025-04-24
V04037,C00366,P0042,5,2026-01-13
V04038,C04766,P0171,5,2025-06-28
V04039,C00096,P0086,2,2025-02-14
V04040,C04064,P0019,5,2026-02-02
V04041,C01311,P0465,2,2025-03-30
V04042,C00247,P0454,4,2025-03-11
V04043,C03795,P0499,5,2026-04-18
V04044,C02334,P0096,5,2026-02-05
V04045,C03908,P0157,5,2024-08-13
V04046,C03491,P0165,5,2026-06-24
V04047,C04963,P0038,5,2026-06-09
V04048,C01905,P0124,5,2025-01-23
V04049,C01046,P0059,3,2025-04-07
V04050,C02570,P0386,4,2026-04-19
V04051,C02143,P0366,5,2024-12-08
V04052,C01275,P0052,4,2026-01-26
V04053,C02195,P0072,3,2024-07-02
V04054,C04140,P0041,5,2024-09-20
V04055,C02215,P0329,5,2025-04-03
V04056,C04893,P0034,5,2026-05-09
V04057,C00691,P0266,5,2026-04-06
V04058,C01504,P0475,4,2025-10-24
V04059,C04251,P0131,4,2025-04-14
V04060,C04479,P0403,5,2025-10-03
V04061,C03893,P0220,4,2024-07-03
V04062,C04535,P0275,4,2025-10-06
V04063,C01973,P0180,5,2026-04-15
V04064,C00980,P0158,3,2025-10-13
V04065,C03795,P0413,5,2025-01-14
V04066,C04452,P0064,5,2026-04-20
V04067,C00166,P0444,5,2026-02-19
V04068,C04352,P0166,5,2024-11-16
V04069,C04593,P0366,2,2025-10-25
V04070,C01041,P0019,4,2025-10-06
V04071,C04247,P0189,5,2025-07-02
V04072,C04306,P0417,5,2025-09-24
V04073,C03567,P0074,5,2024-09-01
V04074,C03251,P0208,5,2025-05-07
V04075,C00086,P0262,5,2024-12-01
V04076,C01651,P0047,5,2024-11-22
V04077,C00947,P0320,2,2025-05-14
V04078,C01473,P0184,5,2025-10-12
V04079,C03196,P0194,5,2024-12-05
V04080,C03481,P0039,5,2025-04-11
V04081,C03678,P0156,5,2024-12-15
V04082,C04307,P0382,5,2026-06-11
V04083,C03405,P0280,5,2025-09-15
V04084,C02067,P0097,2,2025-04-10
V04085,C02190,P0085,5,2026-04-05
V04086,C04868,P0065,3,2026-03-10
V04087,C02247,P0126,5,2024-07-21
V04088,C03877,P0401,5,2025-08-25
V04089,C02254,P0100,3,2025-10-16
V04090,C03579,P0059,4,2026-05-27
V04091,C03561,P0062,5,2024-08-14
V04092,C03003,P0366,4,2024-11-13
V04093,C01797,P0472,5,2024-10-26
V04094,C03887,P0382,5,2025-02-19
V04095,C00658,P0260,5,2024-07-12
V04096,C03248,P0423,5,2025-03-21
V04097,C00243,P0124,3,2026-01-20
V04098,C04654,P0367,4,2026-04-06
V04099,C02956,P0026,5,2025-07-30
V04100,C04590,P0321,5,2025-01-12
V04101,C04118,P0162,5,2025-09-30
V04102,C02824,P0093,2,2025-08-13
V04103,C01534,P0493,4,2024-11-22
V04104,C01118,P0404,5,2025-03-04
V04105,C00253,P0410,5,2026-01-24
V04106,C02005,P0095,4,2026-02-05
V04107,C04231,P0237,4,2025-03-20
V04108,C01787,P0278,4,2025-08-01
V04109,C02450,P0348,1,2024-09-02
V04110,C04141,P0271,4,2025-08-28
V04111,C00120,P0420,4,2025-08-24
V04112,C03005,P0478,3,2025-11-17
V04113,C03294,P0323,4,2025-08-11
V04114,C03387,P0426,4,2026-05-27
V04115,C00651,P0486,4,2025-02-06
V04116,C04716,P0228,5,2025-12-17
V04117,C02174,P0490,4,2024-09-03
V04118,C01487,P0003,4,2025-07-04
V04119,C00011,P0094,4,2025-07-06
V04120,C02636,P0256,3,2025-09-23
V04121,C04378,P0476,5,2025-12-06
V04122,C04482,P0214,4,2026-02-09
V04123,C01467,P0044,5,2025-11-01
V04124,C01160,P0371,5,2025-08-24
V04125,C00101,P0324,4,2024-11-16
V04126,C04920,P0023,2,2026-02-14
V04127,C02564,P0217,3,2026-06-02
V04128,C04914,P0136,3,2025-06-28
V04129,C03266,P0061,5,2025-08-18
V04130,C04262,P0241,4,2025-04-17
V04131,C04103,P0492,5,2026-02-04
V04132,C04316,P0365,5,2025-10-23
V04133,C02340,P0229,4,2025-06-10
V04134,C01589,P0115,5,2024-10-20
V04135,C04556,P0350,4,2026-04-15
V04136,C00038,P0026,3,2025-03-25
V04137,C03676,P0426,4,2025-12-29
V04138,C01641,P0056,4,2024-12-06
V04139,C04505,P0002,4,2025-04-11
V04140,C03284,P0417,1,2026-05-02
V04141,C04943,P0118,5,2025-01-26
V04142,C01904,P0402,4,2025-02-01
V04143,C02440,P0146,5,2024-09-12
V04144,C00145,P0418,2,2026-05-08
V04145,C04330,P0386,5,2025-12-26
V04146,C04213,P0167,3,2025-10-29
V04147,C00065,P0298,5,2026-01-05
V04148,C01573,P0146,3,2024-12-13
V04149,C00172,P0339,5,2025-05-08
V04150,C00422,P0095,4,2025-06-09
V04151,C04072,P0315,2,2024-10-12
V04152,C04997,P0478,5,2025-02-15
V04153,C04382,P0451,3,2025-08-08
V04154,C03269,P0330,4,2026-05-27
V04155,C02799,P0182,5,2026-06-02
V04156,C01109,P0135,5,2025-04-15
V04157,C00452,P0152,5,2025-04-15
V04158,C04022,P0183,3,2025-12-22
V04159,C02756,P0259,3,2025-11-11
V04160,C00644,P0400,5,2025-02-15
V04161,C02042,P0249,5,2024-10-03
V04162,C02739,P0123,4,2025-08-16
V04163,C02180,P0096,5,2024-08-07
V04164,C02755,P0152,5,2025-09-24
V04165,C04009,P0254,3,2024-10-05
V04166,C04798,P0325,3,2024-07-08
V04167,C00313,P0239,5,2024-08-04
V04168,C00599,P0351,3,2025-06-25
V04169,C04320,P0036,3,2025-12-06
V04170,C02785,P0001,3,2024-12-19
V04171,C00495,P0269,4,2024-12-08
V04172,C04503,P0454,4,2024-09-05
V04173,C04251,P0210,5,2025-04-18
V04174,C01450,P0039,4,2025-05-13
V04175,C00462,P0207,5,2025-11-27
V04176,C03736,P0215,5,2026-01-23
V04177,C01288,P0290,5,2025-10-18
V04178,C03927,P0342,5,2025-10-12
V04179,C03322,P0411,5,2024-10-23
V04180,C03992,P0273,3,2026-06-02
V04181,C00140,P0380,5,2025-12-10
V04182,C01997,P0088,5,2025-12-21
V04183,C04708,P0394,4,2025-08-14
V04184,C04733,P0283,5,2026-04-11
V04185,C00531,P0377,5,2025-05-31
V04186,C02488,P0016,2,2026-03-26
V04187,C04570,P0299,4,2024-07-17
V04188,C00986,P0197,4,2025-12-03
V04189,C02706,P0406,5,2025-07-27
V04190,C02183,P0387,4,2025-06-02
V04191,C02773,P0204,5,2026-03-24
V04192,C03419,P0000,5,2024-11-07
V04193,C02651,P0319,4,2026-01-13
V04194,C00358,P0117,3,2025-03-06
V04195,C01438,P0183,2,2025-12-27
V04196,C03925,P0306,3,2025-05-07
V04197,C03051,P0364,4,2026-03-23
V04198,C03497,P0470,3,2026-04-15
V04199,C04599,P0177,5,2026-04-17
V04200,C00876,P0187,4,2024-12-31
V04201,C01560,P0038,4,2025-09-25
V04202,C04829,P0421,4,2025-06-23
V04203,C03707,P0018,4,2024-09-18
V04204,C04040,P0376,3,2024-09-03
V04205,C02401,P0339,5,2024-11-29
V04206,C04826,P0115,5,2024-10-24
V04207,C00979,P0469,4,2024-12-05
V04208,C02096,P0012,4,2025-05-08
V04209,C00950,P0181,5,2025-01-09
V04210,C01776,P0315,5,2025-07-11
V04211,C00256,P0287,5,2024-12-05
V04212,C00763,P0139,5,2025-02-18
V04213,C00632,P0224,5,2026-06-05
V04214,C03466,P0115,3,2024-12-15
V04215,C02685,P0273,5,2025-02-28
V04216,C01522,P0100,5,2025-08-05
V04217,C02025,P0489,5,2024-11-06
V04218,C04585,P0160,3,2024-10-15
V04219,C04609,P0404,2,2025-01-31
V04220,C03435,P0285,2,2025-10-23
V04221,C03507,P0192,5,2026-05-26
V04222,C02649,P0430,4,2026-05-04
V04223,C03084,P0429,5,2024-11-28
V04224,C01295,P0356,5,2024-11-10
V04225,C03684,P0027,5,2025-04-14
V04226,C00171,P0097,4,2025-08-24
V04227,C03155,P0299,4,2025-11-10
V04228,C02247,P0419,3,2024-11-23
V04229,C01274,P0298,1,2024-08-25
V04230,C01728,P0279,4,2025-08-21
V04231,C02661,P0196,4,2025-01-14
V04232,C04670,P0108,5,2024-08-03
V04233,C01572,P0380,5,2025-05-03
V04234,C03920,P0107,5,2024-09-07
V04235,C01056,P0379,4,2025-08-04
V04236,C00056,P0379,4,2026-02-28
V04237,C02120,P0170,5,2025-10-02
V04238,C04103,P0404,5,2024-12-12
V04239,C00458,P0141,3,2026-01-10
V04240,C01136,P0446,3,2025-04-25
V04241,C02623,P0058,4,2025-02-27
V04242,C00558,P0076,4,2026-01-09
V04243,C00487,P0246,4,2025-01-27
V04244,C00185,P0097,5,2024-11-07
V04245,C02742,P0122,5,2025-04-22
V04246,C00156,P0395,4,2026-06-10
V04247,C03411,P0270,4,2025-10-13
V04248,C01649,P0417,4,2024-11-23
V04249,C04832,P0070,3,2025-04-23
V04250,C00431,P0024,4,2024-11-06
V04251,C04574,P0331,5,2025-11-18
V04252,C01299,P0332,3,2025-01-24
V04253,C02262,P0438,5,2026-01-06
V04254,C00056,P0377,4,2026-06-16
V04255,C04513,P0112,1,2024-10-07
V04256,C00802,P0379,5,2025-05-09
V04257,C04422,P0298,5,2025-11-09
V04258,C03220,P0477,5,2024-12-24
V04259,C00335,P0243,3,2025-07-11
V04260,C04490,P0012,4,2025-01-06
V04261,C02209,P0396,5,2025-03-29
V04262,C00181,P0420,2,2024-12-20
V04263,C01952,P0470,5,2025-08-17
V04264,C03889,P0301,5,2024-12-27
V04265,C02731,P0427,4,2025-02-07
V04266,C04502,P0395,4,2024-12-14
V04267,C01018,P0484,4,2025-07-26
V04268,C01118,P0309,4,2025-10-14
V04269,C00741,P0039,5,2025-02-10
V04270,C02610,P0110,4,2025-10-17
V04271,C04096,P0064,5,2025-01-04
V04272,C01125,P0353,4,2024-12-27
V04273,C01078,P0441,5,2026-01-25
V04274,C02634,P0218,3,2026-06-28
V04275,C00504,P0235,4,2025-08-29
V04276,C01327,P0338,1,2024-10-15
V04277,C00142,P0140,4,2025-06-01
V04278,C02053,P0041,5,2025-07-17
V04279,C04012,P0243,5,2025-01-28
V04280,C01530,P0192,2,2026-01-02
V04281,C01564,P0378,5,2026-03-31
V04282,C02206,P0223,4,2026-03-28
V04283,C02064,P0245,4,2025-05-13
V04284,C01241,P0365,5,2025-09-19
V04285,C01456,P0368,4,2026-03-10
V04286,C01251,P0119,5,2025-04-04
V04287,C04420,P0342,2,2024-10-30
V04288,C03558,P0260,3,2026-05-22
V04289,C02414,P0080,5,2024-12-13
V04290,C01193,P0037,5,2025-05-14
V04291,C02245,P0082,5,2025-06-01
V04292,C00065,P0321,3,2024-09-05
V04293,C04789,P0153,5,2026-02-08
V04294,C01092,P0289,3,2025-09-29
V04295,C00972,P0403,4,2026-04-05
V04296,C02809,P0097,5,2025-01-30
V04297,C02539,P0088,1,2025-07-12
V04298,C04145,P0274,5,2026-04-07
V04299,C01037,P0277,3,2024-11-22
V04300,C00121,P0249,4,2025-02-23
V04301,C03471,P0496,3,2026-06-08
V04302,C04687,P0012,4,2026-03-03
V04303,C03781,P0363,2,2025-01-18
V04304,C03833,P0234,4,2024-12-30
V04305,C02773,P0273,5,2025-11-21
V04306,C03579,P0472,5,2026-06-06
V04307,C02429,P0338,5,2025-08-02
V04308,C01441,P0023,5,2024-10-25
V04309,C03516,P0174,3,2025-10-24
V04310,C03975,P0170,5,2026-01-22
V04311,C02406,P0078,4,2025-09-24
V04312,C04335,P0459,4,2024-10-01
V04313,C02926,P0023,4,2024-11-09
V04314,C01218,P0186,5,2025-10-09
V04315,C00096,P0024,5,2025-08-12
V04316,C00624,P0208,4,2025-11-11
V04317,C03167,P0114,3,2024-11-14
V04318,C02600,P0327,5,2024-08-26
V04319,C03809,P0097,2,2025-02-25
V04320,C00760,P0284,4,2024-09-18
V04321,C04024,P0392,3,2025-06-24
V04322,C01999,P0482,5,2024-08-26
V04323,C01198,P0182,4,2025-07-07
V04324,C02723,P0356,5,2026-01-12
V04325,C04180,P0331,5,2025-02-19
V04326,C01804,P0161,4,2025-07-14
V04327,C03381,P0258,3,2026-03-08
V04328,C00804,P0463,5,2024-09-21
V04329,C04304,P0318,5,2025-12-23
V04330,C04833,P0256,4,2026-01-12
V04331,C04332,P0360,5,2024-07-27
V04332,C01577,P0479,3,2024-11-20
V04333,C01860,P0311,2,2024-12-17
V04334,C01370,P0192,4,2026-03-20
V04335,C04484,P0337,3,2025-01-08
V04336,C03992,P0480,4,2025-08-25
V04337,C01775,P0295,5,2025-12-27
V04338,C02532,P0437,4,2024-07-03
V04339,C04648,P0243,5,2025-11-26
V04340,C04828,P0169,5,2024-12-27
V04341,C03281,P0368,5,2026-04-15
V04342,C02399,P0477,5,2025-08-20
V04343,C02197,P0310,5,2026-04-26
V04344,C03123,P0462,5,2026-01-14
V04345,C03119,P0070,4,2025-01-10
V04346,C04123,P0276,4,2026-02-07
V04347,C04631,P0031,5,2026-03-06
V04348,C02439,P0365,5,2024-08-31
V04349,C00798,P0228,2,2025-03-05
V04350,C02556,P0096,1,2025-11-21
V04351,C01619,P0279,4,2025-10-08
V04352,C02703,P0303,2,2025-07-25
V04353,C02537,P0205,3,2026-02-15
V04354,C01803,P0249,5,2025-10-03
V04355,C04489,P0221,4,2024-09-27
V04356,C00821,P0378,5,2026-01-16
V04357,C02343,P0361,3,2025-03-09
V04358,C00759,P0035,5,2026-05-18
V04359,C03374,P0141,3,2024-10-03
V04360,C02150,P0438,5,2025-01-26
V04361,C02273,P0257,5,2025-08-02
V04362,C03663,P0247,4,2026-03-18
V04363,C01214,P0322,4,2025-05-13
V04364,C04436,P0256,5,2025-05-12
V04365,C04575,P0034,5,2025-09-26
V04366,C02842,P0051,5,2025-12-14
V04367,C04848,P0257,5,2026-01-06
V04368,C00383,P0217,5,2024-09-21
V04369,C00072,P0090,3,2026-02-24
V04370,C01916,P0205,1,2025-02-19
V04371,C00214,P0473,4,2025-11-18
V04372,C02066,P0018,4,2025-03-12
V04373,C01615,P0002,5,2025-08-31
V04374,C04517,P0181,3,2025-03-10
V04375,C03663,P0055,5,2024-12-10
V04376,C04865,P0453,4,2024-12-29
V04377,C02941,P0141,4,2025-10-10
V04378,C02002,P0091,5,2026-03-11
V04379,C01324,P0391,5,2024-09-21
V04380,C04401,P0289,3,2024-09-18
V04381,C01906,P0086,5,2025-01-18
V04382,C02355,P0085,5,2025-02-02
V04383,C01985,P0017,4,2025-07-11
V04384,C04569,P0086,4,2024-11-06
V04385,C00301,P0033,5,2025-12-16
V04386,C04144,P0073,4,2025-07-07
V04387,C02290,P0122,4,2024-11-24
V04388,C04702,P0089,4,2024-08-21
V04389,C04786,P0322,4,2024-09-10
V04390,C04025,P0320,2,2025-11-13
V04391,C02271,P0421,5,2025-07-22
V04392,C03903,P0022,3,2024-09-19
V04393,C04999,P0247,1,2025-10-09
V04394,C01637,P0142,5,2026-03-29
V04395,C03368,P0242,5,2024-07-31
V04396,C00016,P0056,5,2026-04-15
V04397,C00987,P0189,3,2025-05-03
V04398,C03304,P0005,5,2024-12-03
V04399,C00387,P0396,1,2025-08-12
V04400,C04333,P0371,5,2025-08-26
V04401,C01218,P0146,2,2025-02-18
V04402,C02552,P0042,4,2025-09-05
V04403,C02505,P0050,5,2024-08-03
V04404,C02608,P0064,5,2025-04-30
V04405,C03661,P0101,3,2024-10-04
V04406,C00249,P0248,2,2025-05-07
V04407,C02465,P0227,4,2026-06-25
V04408,C00551,P0063,4,2025-03-11
V04409,C04528,P0311,2,2025-06-02
V04410,C03531,P0158,5,2025-12-08
V04411,C01601,P0059,4,2025-07-14
V04412,C04420,P0132,5,2026-02-17
V04413,C00661,P0116,5,2025-12-08
V04414,C03735,P0157,2,2025-02-27
V04415,C01722,P0181,4,2026-03-08
V04416,C00104,P0426,5,2025-11-22
V04417,C02717,P0045,4,2025-12-03
V04418,C01755,P0492,5,2025-12-15
V04419,C03002,P0035,4,2025-10-31
V04420,C04441,P0051,4,2025-06-02
V04421,C01068,P0398,3,2025-06-24
V04422,C00290,P0120,5,2026-02-21
V04423,C00165,P0259,2,2024-11-30
V04424,C00583,P0063,5,2025-04-10
V04425,C02482,P0281,2,2026-06-18
V04426,C03731,P0386,5,2025-05-15
V04427,C02149,P0418,5,2024-07-15
V04428,C04546,P0269,4,2024-07-27
V04429,C03682,P0173,3,2024-07-03
V04430,C04162,P0060,5,2025-07-13
V04431,C00706,P0464,5,2026-04-07
V04432,C01719,P0078,5,2024-07-08
V04433,C01521,P0117,1,2024-09-11
V04434,C00561,P0328,5,2024-12-14
V04435,C02894,P0258,4,2026-05-23
V04436,C01329,P0485,1,2026-06-04
V04437,C04136,P0379,5,2025-04-27
V04438,C04305,P0010,2,2024-07-31
V04439,C03692,P0031,5,2025-05-06
V04440,C03217,P0344,5,2024-08-21
V04441,C02339,P0264,4,2025-01-08
V04442,C03513,P0254,3,2025-07-12
V04443,C04271,P0482,3,2024-08-21
V04444,C01653,P0289,2,2026-01-12
V04445,C04717,P0245,5,2025-09-04
V04446,C01920,P0186,2,2025-09-27
V04447,C01245,P0236,4,2025-01-17
V04448,C03621,P0143,4,2024-09-16
V04449,C04760,P0191,4,2024-12-25
V04450,C04059,P0473,3,2026-02-24
V04451,C04583,P0294,5,2026-01-16
V04452,C00279,P0251,5,2025-11-10
V04453,C00406,P0196,4,2026-04-06
V04454,C03773,P0089,5,2025-07-18
V04455,C02231,P0120,4,2026-03-18
V04456,C01734,P0346,3,2024-10-01
V04457,C04136,P0255,5,2024-12-16
V04458,C01103,P0334,5,2025-01-21
V04459,C04440,P0034,5,2025-06-08
V04460,C03609,P0034,3,2024-07-18
V04461,C01090,P0410,3,2025-12-01
V04462,C00060,P0458,5,2025-04-12
V04463,C03673,P0475,5,2026-03-16
V04464,C04412,P0199,4,2025-05-13
V04465,C02771,P0216,5,2024-11-12
V04466,C00080,P0028,5,2025-08-19
V04467,C04717,P0313,3,2026-01-07
V04468,C04966,P0298,3,2025-10-07
V04469,C01318,P0362,5,2024-09-11
V04470,C02279,P0447,5,2026-04-27
V04471,C04260,P0472,5,2026-05-01
V04472,C01272,P0440,3,2025-09-12
V04473,C03490,P0209,5,2026-02-23
V04474,C03038,P0195,5,2024-09-26
V04475,C04099,P0412,3,2026-05-06
V04476,C04155,P0142,5,2025-12-29
V04477,C01394,P0020,5,2025-04-23
V04478,C04521,P0209,1,2025-09-23
V04479,C02045,P0336,5,2026-03-25
V04480,C04338,P0470,4,2025-12-19
V04481,C02302,P0407,1,2026-03-24
V04482,C03217,P0246,4,2025-11-11
V04483,C04324,P0266,1,2025-07-23
V04484,C02407,P0429,4,2026-04-09
V04485,C02332,P0439,3,2025-03-03
V04486,C02863,P0197,2,2025-04-15
V04487,C01342,P0229,5,2026-05-12
V04488,C04723,P0241,4,2025-07-18
V04489,C04049,P0195,5,2024-07-31
V04490,C00191,P0438,5,2026-02-07
V04491,C01117,P0496,3,2025-11-12
V04492,C03628,P0042,3,2026-05-16
V04493,C04546,P0026,4,2025-02-18
V04494,C00924,P0018,3,2025-10-02
V04495,C02073,P0333,4,2026-01-15
V04496,C02192,P0022,4,2024-09-12
V04497,C03810,P0108,5,2025-03-26
V04498,C00917,P0226,4,2025-02-18
V04499,C02045,P0075,5,2024-12-17
V04500,C03705,P0086,5,2026-02-11
V04501,C03105,P0002,5,2025-09-06
V04502,C02763,P0058,3,2024-08-22
V04503,C01862,P0431,4,2025-07-20
V04504,C00666,P0151,5,2024-11-29
V04505,C03719,P0088,4,2025-09-19
V04506,C04653,P0323,5,2024-07-04
V04507,C03639,P0001,5,2025-09-02
V04508,C03377,P0043,5,2025-07-08
V04509,C02112,P0108,4,2024-09-07
V04510,C00327,P0086,4,2025-11-07
V04511,C02855,P0398,5,2025-06-27
V04512,C00750,P0335,5,2026-06-16
V04513,C04412,P0451,4,2025-07-12
V04514,C02047,P0481,4,2025-05-15
V04515,C04619,P0487,3,2025-12-07
V04516,C00289,P0370,5,2024-10-03
V04517,C02185,P0428,5,2026-03-11
V04518,C01763,P0250,4,2025-04-05
V04519,C00579,P0116,4,2025-07-07
V04520,C00009,P0202,4,2025-06-22
V04521,C01465,P0218,5,2024-12-26
V04522,C04389,P0124,5,2025-11-22
V04523,C02270,P0281,5,2025-11-21
V04524,C02844,P0144,3,2024-08-12
V04525,C00462,P0250,4,2024-12-19
V04526,C01402,P0367,5,2025-03-02
V04527,C03327,P0159,2,2025-01-29
V04528,C00012,P0211,4,2025-10-14
V04529,C03898,P0425,5,2025-11-11
V04530,C01675,P0285,5,2026-04-24
V04531,C00183,P0279,2,2025-07-01
V04532,C03158,P0104,5,2024-12-28
V04533,C00757,P0271,5,2025-04-13
V04534,C04714,P0121,3,2025-05-28
V04535,C00822,P0476,4,2025-07-01
V04536,C01807,P0094,5,2024-12-19
V04537,C00852,P0484,4,2025-11-19
V04538,C01073,P0484,5,2025-12-23
V04539,C00215,P0471,5,2026-05-21
V04540,C04253,P0008,5,2025-12-16
V04541,C04343,P0490,5,2026-01-29
V04542,C03034,P0144,5,2025-01-02
V04543,C00917,P0218,4,2024-07-15
V04544,C04809,P0255,4,2025-10-21
V04545,C03705,P0173,4,2026-02-01
V04546,C02441,P0336,4,2025-04-10
V04547,C01882,P0129,5,2024-11-21
V04548,C00131,P0442,5,2026-02-01
V04549,C02388,P0492,4,2026-05-29
V04550,C02857,P0259,2,2025-04-19
V04551,C01756,P0284,5,2024-08-28
V04552,C01725,P0281,3,2025-05-23
V04553,C04478,P0032,3,2025-05-03
V04554,C03192,P0169,5,2026-04-25
V04555,C03235,P0414,4,2026-04-09
V04556,C01445,P0297,5,2024-08-28
V04557,C01888,P0106,1,2025-08-22
V04558,C03179,P0067,5,2025-03-05
V04559,C04715,P0308,4,2026-05-13
V04560,C03496,P0145,3,2025-06-02
V04561,C00979,P0080,5,2026-03-31
V04562,C00329,P0176,5,2025-12-26
V04563,C04478,P0448,5,2025-05-30
V04564,C03507,P0473,5,2024-11-16
V04565,C02569,P0452,5,2026-04-01
V04566,C01299,P0000,4,2024-10-22
V04567,C03206,P0462,3,2026-06-12
V04568,C01584,P0227,5,2024-11-27
V04569,C03762,P0254,2,2025-12-21
V04570,C02227,P0221,4,2025-02-15
V04571,C00151,P0349,3,2026-06-21
V04572,C02838,P0462,4,2026-01-07
V04573,C03596,P0423,5,2026-01-03
V04574,C00127,P0335,5,2026-02-18
V04575,C03467,P0071,5,2024-11-07
V04576,C00172,P0079,5,2026-01-08
V04577,C01208,P0099,4,2025-11-19
V04578,C04353,P0038,5,2025-11-08
V04579,C02854,P0213,4,2024-10-21
V04580,C02712,P0118,5,2025-01-09
V04581,C00986,P0396,5,2025-06-10
V04582,C04423,P0377,5,2025-06-14
V04583,C02126,P0471,4,2025-10-08
V04584,C04288,P0369,5,2024-07-25
V04585,C02115,P0136,4,2026-01-07
V04586,C02685,P0213,5,2026-02-10
V04587,C04500,P0284,4,2025-08-10
V04588,C00144,P0471,5,2026-06-27
V04589,C02648,P0287,3,2025-10-26
V04590,C04254,P0322,4,2026-01-26
V04591,C04237,P0037,2,2025-12-29
V04592,C00580,P0062,2,2025-12-28
V04593,C03074,P0338,5,2026-01-09
V04594,C00137,P0047,5,2026-01-04
V04595,C00193,P0326,5,2025-06-16
V04596,C03256,P0314,5,2025-10-17
V04597,C02861,P0440,5,2025-05-18
V04598,C01034,P0101,3,2025-05-19
V04599,C01826,P0022,5,2025-03-19
V04600,C03576,P0190,5,2024-08-19
V04601,C01555,P0079,1,2024-08-05
V04602,C00269,P0078,2,2026-03-14
V04603,C00634,P0498,2,2025-09-19
V04604,C04959,P0365,2,2025-05-06
V04605,C03906,P0036,4,2025-12-29
V04606,C03535,P0473,3,2025-03-24
V04607,C01911,P0375,4,2026-06-10
V04608,C00725,P0003,5,2024-09-16
V04609,C03511,P0227,4,2025-12-31
V04610,C04842,P0260,4,2024-11-02
V04611,C01009,P0227,5,2025-01-14
V04612,C04650,P0370,5,2025-05-27
V04613,C03507,P0460,2,2025-12-06
V04614,C02067,P0249,4,2024-12-22
V04615,C03154,P0304,4,2025-01-28
V04616,C03078,P0457,3,2025-04-30
V04617,C03649,P0060,4,2024-12-28
V04618,C00079,P0231,3,2024-12-04
V04619,C01377,P0370,4,2025-08-05
V04620,C00478,P0021,4,2024-10-16
V04621,C02158,P0154,4,2026-06-17
V04622,C02366,P0414,5,2025-12-10
V04623,C00513,P0081,4,2025-08-18
V04624,C04026,P0237,5,2024-11-20
V04625,C03523,P0015,5,2024-08-10
V04626,C04560,P0451,4,2025-07-31
V04627,C02463,P0378,5,2024-12-17
V04628,C04030,P0054,3,2026-05-05
V04629,C01526,P0244,5,2025-10-13
V04630,C01497,P0335,5,2024-08-24
V04631,C00560,P0147,5,2025-09-09
V04632,C01651,P0276,5,2024-11-14
V04633,C03270,P0345,5,2026-06-06
V04634,C03591,P0170,4,2026-02-18
V04635,C02377,P0259,5,2024-11-17
V04636,C04245,P0243,5,2025-06-28
V04637,C04377,P0245,2,2024-08-19
V04638,C00174,P0174,4,2024-12-02
V04639,C04292,P0225,4,2026-06-04
V04640,C01054,P0078,4,2025-02-22
V04641,C02423,P0225,3,2025-06-13
V04642,C03589,P0025,4,2024-08-28
V04643,C03414,P0126,1,2025-06-03
V04644,C00617,P0024,5,2026-03-04
V04645,C03767,P0447,2,2026-03-06
V04646,C03468,P0390,4,2026-06-15
V04647,C04649,P0005,5,2026-04-17
V04648,C00287,P0091,4,2024-09-26
V04649,C00908,P0455,5,2026-03-21
V04650,C01317,P0058,5,2025-09-23
V04651,C04356,P0172,5,2026-04-08
V04652,C04470,P0311,5,2025-02-02
V04653,C03341,P0038,2,2024-11-05
V04654,C00128,P0384,5,2024-09-28
V04655,C00387,P0280,4,2025-08-07
V04656,C01735,P0209,4,2026-03-09
V04657,C00843,P0277,5,2025-05-01
V04658,C02754,P0269,4,2026-06-01
V04659,C00180,P0087,4,2026-04-30
V04660,C01017,P0060,5,2025-12-05
V04661,C02947,P0158,5,2025-01-05
V04662,C03495,P0030,5,2025-08-15
V04663,C04947,P0164,1,2026-04-10
V04664,C00905,P0470,4,2024-09-10
V04665,C01660,P0459,5,2024-08-20
V04666,C00934,P0213,4,2026-01-06
V04667,C00842,P0448,5,2025-06-03
V04668,C02276,P0264,4,2026-02-12
V04669,C00706,P0115,5,2025-07-21
V04670,C02720,P0488,5,2025-10-11
V04671,C01639,P0396,4,2025-10-16
V04672,C02302,P0426,3,2025-07-08
V04673,C04184,P0483,3,2025-12-14
V04674,C02940,P0366,5,2024-11-05
V04675,C00492,P0308,2,2025-09-26
V04676,C03135,P0143,5,2025-02-21
V04677,C04879,P0461,5,2025-10-19
V04678,C01567,P0475,4,2026-05-12
V04679,C00854,P0442,3,2025-11-05
V04680,C04682,P0163,5,2024-07-16
V04681,C02676,P0249,2,2024-07-03
V04682,C03227,P0006,4,2025-05-22
V04683,C02569,P0220,3,2025-11-19
V04684,C02968,P0237,3,2026-05-02
V04685,C01557,P0306,5,2025-12-15
V04686,C00448,P0471,3,2024-11-13
V04687,C00780,P0036,5,2024-12-10
V04688,C02087,P0318,5,2026-01-20
V04689,C03736,P0494,4,2025-03-07
V04690,C00955,P0022,5,2024-09-21
V04691,C02966,P0010,4,2025-11-23
V04692,C03446,P0347,5,2026-02-06
V04693,C04831,P0105,4,2024-12-17
V04694,C00708,P0066,3,2024-11-13
V04695,C01767,P0460,3,2025-02-25
V04696,C03011,P0179,5,2025-02-27
V04697,C00614,P0077,4,2024-08-21
V04698,C04882,P0035,3,2025-02-24
V04699,C03991,P0223,5,2024-08-04
V04700,C02509,P0165,5,2026-05-25
V04701,C04149,P0099,5,2024-10-31
V04702,C04331,P0468,5,2026-04-08
V04703,C03719,P0412,4,2024-09-30
V04704,C00763,P0188,4,2024-10-13
V04705,C01313,P0213,5,2026-04-09
V04706,C02558,P0071,3,2024-09-21
V04707,C02773,P0204,5,2026-03-27
V04708,C00356,P0315,5,2026-04-09
V04709,C03606,P0445,5,2025-09-16
V04710,C01055,P0218,5,2025-07-15
V04711,C01526,P0130,3,2025-08-20
V04712,C03208,P0414,4,2024-07-16
V04713,C03349,P0249,4,2025-07-20
V04714,C02366,P0468,5,2025-10-22
V04715,C01851,P0322,4,2024-10-02
V04716,C00479,P0341,5,2025-07-22
V04717,C01826,P0196,4,2025-03-04
V04718,C01824,P0339,4,2026-03-10
V04719,C04881,P0461,3,2025-02-23
V04720,C03560,P0127,3,2024-07-31
V04721,C02992,P0294,4,2026-03-23
V04722,C03904,P0483,5,2025-09-07
V04723,C00275,P0404,4,2026-02-22
V04724,C02906,P0260,1,2025-06-12
V04725,C01677,P0244,4,2025-06-10
V04726,C04871,P0203,5,2024-11-30
V04727,C00730,P0205,5,2025-05-03
V04728,C02987,P0252,4,2025-11-25
V04729,C01422,P0230,5,2026-04-02
V04730,C04736,P0284,5,2025-05-11
V04731,C00385,P0478,4,2025-07-26
V04732,C04306,P0453,3,2026-03-30
V04733,C04897,P0349,5,2024-10-01
V04734,C01846,P0490,3,2026-05-16
V04735,C03183,P0025,5,2026-06-01
V04736,C02173,P0305,3,2025-09-18
V04737,C02946,P0010,4,2024-07-11
V04738,C03124,P0109,5,2026-01-31
V04739,C02360,P0016,5,2025-06-05
V04740,C00770,P0408,4,2024-11-16
V04741,C02878,P0459,4,2025-05-06
V04742,C04304,P0422,3,2026-05-12
V04743,C04199,P0095,5,2025-01-16
V04744,C02593,P0042,4,2026-02-21
V04745,C01927,P0353,4,2025-01-21
V04746,C01210,P0490,3,2025-02-12
V04747,C01635,P0241,3,2024-09-02
V04748,C04430,P0379,3,2024-09-25
V04749,C02724,P0428,4,2026-04-08
V04750,C00873,P0305,3,2024-07-29
V04751,C00269,P0341,4,2024-07-04
V04752,C02367,P0145,2,2025-04-14
V04753,C00614,P0335,2,2026-03-07
V04754,C00747,P0405,1,2025-02-18
V04755,C04902,P0269,5,2024-07-29
V04756,C00827,P0117,3,2026-06-06
V04757,C02587,P0317,5,2024-07-24
V04758,C03356,P0275,4,2026-01-12
V04759,C03813,P0238,4,2025-12-31
V04760,C01516,P0016,3,2025-05-01
V04761,C00893,P0398,4,2026-03-30
V04762,C03587,P0472,5,2026-03-20
V04763,C01022,P0163,5,2025-04-28
V04764,C01102,P0236,3,2025-06-29
V04765,C00486,P0273,1,2026-05-24
V04766,C04784,P0377,3,2024-07-16
V04767,C04344,P0037,4,2025-09-25
V04768,C03646,P0075,4,2026-02-14
V04769,C01742,P0152,5,2024-11-12
V04770,C04881,P0224,5,2026-01-06
V04771,C03707,P0498,5,2025-03-13
V04772,C01208,P0129,3,2025-12-26
V04773,C04701,P0371,5,2025-06-25
V04774,C04866,P0215,4,2024-07-16
V04775,C04142,P0038,4,2025-08-17
V04776,C02454,P0013,2,2024-08-06
V04777,C02376,P0370,5,2025-02-28
V04778,C03203,P0046,5,2025-12-23
V04779,C02852,P0247,2,2025-12-14
V04780,C00715,P0202,3,2025-07-15
V04781,C01699,P0049,2,2026-01-06
V04782,C01172,P0047,4,2025-05-03
V04783,C04306,P0363,5,2024-09-27
V04784,C03329,P0379,5,2026-04-17
V04785,C04085,P0218,2,2025-03-29
V04786,C01413,P0487,4,2026-02-24
V04787,C01021,P0425,4,2024-11-15
V04788,C01726,P0485,2,2024-07-07
V04789,C04460,P0111,5,2024-10-28
V04790,C04759,P0426,5,2024-10-09
V04791,C00686,P0325,5,2024-10-27
V04792,C01029,P0489,3,2026-01-02
V04793,C03689,P0124,5,2024-10-11
V04794,C00406,P0184,5,2026-01-26
V04795,C02716,P0257,5,2025-11-08
V04796,C04551,P0335,4,2026-04-20
V04797,C04114,P0263,3,2025-05-29
V04798,C04535,P0190,5,2025-03-24
V04799,C00342,P0330,5,2025-04-01
V04800,C03597,P0269,3,2026-01-23
V04801,C03096,P0274,5,2025-10-09
V04802,C04830,P0172,3,2025-06-06
V04803,C02006,P0292,3,2025-06-19
V04804,C02502,P0236,4,2025-02-20
V04805,C04967,P0115,5,2025-04-13
V04806,C02578,P0384,3,2025-07-12
V04807,C03564,P0089,4,2026-04-08
V04808,C00132,P0235,5,2024-09-28
V04809,C03297,P0019,4,2025-07-24
V04810,C00650,P0130,5,2025-06-04
V04811,C04045,P0473,5,2024-12-02
V04812,C02029,P0346,2,2025-01-28
V04813,C03507,P0490,5,2025-02-16
V04814,C03323,P0266,3,2024-11-16
V04815,C04418,P0063,5,2025-07-15
V04816,C00205,P0326,5,2025-04-16
V04817,C04432,P0493,4,2024-09-24
V04818,C04836,P0375,5,2024-11-27
V04819,C03733,P0141,4,2026-04-12
V04820,C04443,P0042,5,2026-06-11
V04821,C01794,P0112,4,2025-10-31
V04822,C01663,P0396,5,2025-03-09
V04823,C02658,P0045,5,2025-09-20
V04824,C01586,P0071,4,2025-12-16
V04825,C03328,P0475,5,2025-04-08
V04826,C02537,P0077,5,2025-03-23
V04827,C02728,P0183,3,2025-05-05
V04828,C02448,P0075,4,2025-03-05
V04829,C00281,P0080,5,2026-02-02
V04830,C02040,P0486,4,2025-07-23
V04831,C03364,P0048,4,2024-09-25
V04832,C04070,P0045,4,2024-09-01
V04833,C04698,P0206,5,2024-11-23
V04834,C01303,P0307,1,2025-03-19
V04835,C03370,P0345,5,2024-07-31
V04836,C02431,P0140,5,2024-08-06
V04837,C00246,P0336,3,2025-12-22
V04838,C00346,P0279,3,2025-02-07
V04839,C03006,P0173,5,2026-03-03
V04840,C00381,P0478,1,2025-10-14
V04841,C00819,P0414,3,2026-01-08
V04842,C03914,P0072,5,2024-11-04
V04843,C00411,P0184,4,2026-03-09
V04844,C00667,P0363,5,2024-07-31
V04845,C00485,P0061,5,2025-09-01
V04846,C01330,P0472,3,2024-12-24
V04847,C04277,P0357,5,2025-12-27
V04848,C00906,P0044,4,2024-10-10
V04849,C03247,P0171,4,2025-07-06
V04850,C00520,P0036,2,2025-09-19
V04851,C00035,P0274,3,2024-12-30
V04852,C02791,P0148,5,2025-06-25
V04853,C01563,P0409,4,2025-05-06
V04854,C01665,P0481,5,2025-08-11
V04855,C02848,P0267,3,2024-09-29
V04856,C03791,P0425,5,2025-11-23
V04857,C03657,P0119,4,2024-07-20
V04858,C00394,P0292,5,2026-04-11
V04859,C03578,P0149,5,2025-11-02
V04860,C00818,P0246,5,2024-07-12
V04861,C04907,P0290,3,2025-11-19
V04862,C01477,P0307,4,2026-05-07
V04863,C00871,P0191,4,2024-08-05
V04864,C02401,P0115,2,2024-10-26
V04865,C01993,P0384,3,2026-01-08
V04866,C03734,P0401,5,2026-02-03
V04867,C04136,P0230,3,2024-09-30
V04868,C02168,P0440,5,2025-09-11
V04869,C04866,P0262,3,2026-06-21
V04870,C03664,P0206,3,2024-11-12
V04871,C01001,P0217,3,2024-09-11
V04872,C03108,P0389,3,2024-12-04
V04873,C04408,P0384,5,2025-03-06
V04874,C00811,P0108,3,2025-02-08
V04875,C03619,P0368,5,2025-09-28
V04876,C00914,P0192,5,2025-04-19
V04877,C00785,P0491,3,2026-04-01
V04878,C03860,P0386,4,2024-07-28
V04879,C01873,P0359,3,2025-08-16
V04880,C01842,P0362,5,2025-11-30
V04881,C02289,P0287,1,2024-11-16
V04882,C03421,P0470,5,2025-10-10
V04883,C04985,P0210,5,2024-09-13
V04884,C02991,P0463,5,2025-04-12
V04885,C01595,P0250,5,2025-10-28
V04886,C01497,P0016,4,2025-11-22
V04887,C02833,P0057,2,2025-09-11
V04888,C01261,P0324,4,2026-06-27
V04889,C02387,P0004,5,2025-10-03
V04890,C02382,P0123,4,2026-06-19
V04891,C01822,P0185,4,2025-02-12
V04892,C03759,P0191,2,2024-10-09
V04893,C00387,P0253,5,2025-11-11
V04894,C03595,P0387,2,2025-10-29
V04895,C03824,P0437,5,2025-04-13
V04896,C02365,P0243,5,2025-02-01
V04897,C00189,P0132,5,2026-04-25
V04898,C03368,P0045,4,2024-11-30
V04899,C03626,P0368,1,2026-02-09
V04900,C00004,P0152,5,2025-01-14
V04901,C00623,P0119,4,2025-11-25
V04902,C02261,P0117,1,2024-12-10
V04903,C04372,P0320,4,2024-12-14
V04904,C03826,P0146,3,2025-06-02
V04905,C03498,P0468,1,2025-08-27
V04906,C01977,P0470,2,2024-07-09
V04907,C02066,P0165,5,2024-12-04
V04908,C02426,P0480,4,2025-08-27
V04909,C04651,P0386,4,2024-10-06
V04910,C02497,P0360,4,2025-12-02
V04911,C00599,P0372,4,2024-09-15
V04912,C04285,P0345,5,2024-07-08
V04913,C02729,P0035,3,2024-08-04
V04914,C03640,P0415,4,2025-11-06
V04915,C02130,P0274,5,2025-09-12
V04916,C04058,P0012,5,2024-07-31
V04917,C00080,P0383,3,2025-05-19
V04918,C01835,P0276,5,2025-09-15
V04919,C03088,P0230,5,2026-04-13
V04920,C01713,P0311,5,2025-05-26
V04921,C00941,P0273,4,2026-02-17
V04922,C04679,P0236,3,2025-10-20
V04923,C00890,P0035,4,2025-12-21
V04924,C02582,P0460,5,2025-03-24
V04925,C04153,P0255,5,2025-06-24
V04926,C00566,P0098,5,2026-03-03
V04927,C02184,P0261,5,2026-02-12
V04928,C04721,P0029,4,2024-09-12
V04929,C03999,P0401,4,2024-07-24
V04930,C02015,P0451,5,2024-12-28
V04931,C03921,P0101,3,2025-06-29
V04932,C03606,P0321,5,2024-09-30
V04933,C02447,P0005,2,2025-04-26
V04934,C04120,P0482,2,2026-06-23
V04935,C01360,P0237,4,2025-08-29
V04936,C04454,P0332,5,2024-12-21
V04937,C00856,P0383,5,2026-01-16
V04938,C02152,P0071,5,2024-10-22
V04939,C04608,P0077,3,2024-09-14
V04940,C03619,P0124,4,2025-08-10
V04941,C04028,P0144,4,2026-05-27
V04942,C00918,P0011,5,2026-03-23
V04943,C03382,P0273,5,2026-06-25
V04944,C01221,P0325,4,2025-09-18
V04945,C03935,P0369,5,2025-11-06
V04946,C04149,P0188,5,2024-07-01
V04947,C01283,P0254,4,2024-12-28
V04948,C01544,P0019,5,2025-06-05
V04949,C01050,P0478,5,2026-05-23
V04950,C02255,P0406,4,2025-01-23
V04951,C01123,P0083,3,2024-10-09
V04952,C02319,P0002,5,2024-10-06
V04953,C04538,P0415,5,2025-12-06
V04954,C04954,P0474,5,2024-10-06
V04955,C02555,P0379,4,2025-07-05
V04956,C03515,P0373,2,2025-12-29
V04957,C00427,P0445,3,2025-04-28
V04958,C02060,P0145,4,2024-08-04
V04959,C00024,P0475,5,2025-03-30
V04960,C03062,P0215,3,2024-09-03
V04961,C00827,P0065,4,2025-05-29
V04962,C04324,P0026,5,2026-03-29
V04963,C00165,P0294,4,2025-07-31
V04964,C02598,P0130,3,2024-09-21
V04965,C00479,P0197,3,2025-12-20
V04966,C00438,P0238,3,2025-11-07
V04967,C04460,P0443,4,2025-01-14
V04968,C03831,P0118,5,2025-10-03
V04969,C03509,P0423,4,2025-02-04
V04970,C02597,P0304,4,2026-03-10
V04971,C03653,P0447,5,2025-08-04
V04972,C01498,P0088,4,2025-09-03
V04973,C02429,P0055,5,2026-02-26
V04974,C01550,P0488,4,2026-06-02
V04975,C01981,P0182,2,2024-08-17
V04976,C00676,P0008,3,2026-01-14
V04977,C01780,P0196,1,2025-07-21
V04978,C03255,P0053,3,2024-10-06
V04979,C02755,P0312,5,2025-04-05
V04980,C03696,P0322,4,2025-10-30
V04981,C04898,P0340,4,2025-12-19
V04982,C00782,P0268,3,2026-05-30
V04983,C01362,P0026,5,2026-03-02
V04984,C00984,P0377,4,2025-09-17
V04985,C04813,P0231,5,2024-11-11
V04986,C01722,P0033,4,2025-08-05
V04987,C00863,P0258,3,2025-11-21
V04988,C01971,P0156,4,2026-04-24
V04989,C03168,P0479,5,2025-06-22
V04990,C00959,P0005,5,2025-05-28
V04991,C03265,P0208,4,2025-11-19
V04992,C01152,P0251,5,2026-01-08
V04993,C03831,P0381,3,2025-05-17
V04994,C03431,P0369,4,2026-01-15
V04995,C04317,P0231,5,2026-03-31
V04996,C00857,P0084,5,2025-09-28
V04997,C04979,P0244,4,2025-07-10
V04998,C01421,P0026,5,2026-02-02
V04999,C00670,P0135,5,2025-03-09
